market_id,market_ticker,series_ticker,end_period_ts,date_utc,price_open,price_low,price_high,price_close,price_mean,price_previous,yes_bid_close,yes_ask_close,volume,open_interest
kalshi:BTCATH-24-DEC31-73265.12,BTCATH-24-DEC31-73265.12,KXBTCATH,1712808000,2024-04-11 00:00:00+00:00,,,,,,,0.0,0.96,0.0,0.0
kalshi:BTCATH-24-DEC31-73265.12,BTCATH-24-DEC31-73265.12,KXBTCATH,1712894400,2024-04-12 00:00:00+00:00,,,,,,,0.51,0.96,0.0,0.0
kalshi:BTCATH-24-DEC31-73265.12,BTCATH-24-DEC31-73265.12,KXBTCATH,1712980800,2024-04-13 00:00:00+00:00,0.85,0.85,0.85,0.85,0.85,,0.81,0.9,25.0,25.0
kalshi:BTCATH-24-DEC31-73265.12,BTCATH-24-DEC31-73265.12,KXBTCATH,1713067200,2024-04-14 00:00:00+00:00,,,,,,0.85,0.51,0.96,0.0,25.0
kalshi:BTCATH-24-DEC31-73265.12,BTCATH-24-DEC31-73265.12,KXBTCATH,1713153600,2024-04-15 00:00:00+00:00,,,,,,0.85,0.78,0.87,0.0,25.0
kalshi:BTCATH-24-DEC31-73265.12,BTCATH-24-DEC31-73265.12,KXBTCATH,1713240000,2024-04-16 00:00:00+00:00,0.78,0.74,0.78,0.74,0.7405,0.85,0.51,0.82,74.0,73.0
kalshi:BTCATH-24-DEC31-73265.12,BTCATH-24-DEC31-73265.12,KXBTCATH,1713326400,2024-04-17 00:00:00+00:00,,,,,,0.74,0.51,0.84,0.0,73.0
kalshi:BTCATH-24-DEC31-73265.12,BTCATH-24-DEC31-73265.12,KXBTCATH,1713412800,2024-04-18 00:00:00+00:00,,,,,,0.74,0.51,0.96,0.0,73.0
kalshi:BTCATH-24-DEC31-73265.12,BTCATH-24-DEC31-73265.12,KXBTCATH,1713499200,2024-04-19 00:00:00+00:00,,,,,,0.74,0.51,0.96,0.0,73.0
kalshi:BTCATH-24-DEC31-73265.12,BTCATH-24-DEC31-73265.12,KXBTCATH,1713585600,2024-04-20 00:00:00+00:00,0.8,0.8,0.8,0.8,0.8,0.74,0.74,0.83,40.0,73.0
kalshi:BTCATH-24-DEC31-73265.12,BTCATH-24-DEC31-73265.12,KXBTCATH,1713672000,2024-04-21 00:00:00+00:00,,,,,,0.8,0.51,0.96,0.0,73.0
kalshi:BTCATH-24-DEC31-73265.12,BTCATH-24-DEC31-73265.12,KXBTCATH,1713758400,2024-04-22 00:00:00+00:00,,,,,,0.8,0.78,0.87,0.0,73.0
kalshi:BTCATH-24-DEC31-73265.12,BTCATH-24-DEC31-73265.12,KXBTCATH,1713844800,2024-04-23 00:00:00+00:00,0.82,0.8,0.82,0.8,0.8033,0.8,0.79,0.96,480.0,553.0
kalshi:BTCATH-24-DEC31-73265.12,BTCATH-24-DEC31-73265.12,KXBTCATH,1713931200,2024-04-24 00:00:00+00:00,,,,,,0.8,0.79,0.96,0.0,553.0
kalshi:BTCATH-24-DEC31-73265.12,BTCATH-24-DEC31-73265.12,KXBTCATH,1714017600,2024-04-25 00:00:00+00:00,0.78,0.76,0.78,0.76,0.7781,0.8,0.68,0.79,265.0,818.0
kalshi:BTCATH-24-DEC31-73265.12,BTCATH-24-DEC31-73265.12,KXBTCATH,1714104000,2024-04-26 00:00:00+00:00,0.76,0.76,0.79,0.79,0.7816,0.76,0.51,0.8,430.0,1248.0
kalshi:BTCATH-24-DEC31-73265.12,BTCATH-24-DEC31-73265.12,KXBTCATH,1714190400,2024-04-27 00:00:00+00:00,0.8,0.77,0.8,0.77,0.7998,0.79,0.51,0.8,124.0,1371.0
kalshi:BTCATH-24-DEC31-73265.12,BTCATH-24-DEC31-73265.12,KXBTCATH,1714276800,2024-04-28 00:00:00+00:00,,,,,,0.77,0.51,0.8,0.0,1371.0
kalshi:BTCATH-24-DEC31-73265.12,BTCATH-24-DEC31-73265.12,KXBTCATH,1714363200,2024-04-29 00:00:00+00:00,0.75,0.75,0.75,0.75,0.75,0.77,0.51,0.78,160.0,1531.0
kalshi:BTCATH-24-DEC31-73265.12,BTCATH-24-DEC31-73265.12,KXBTCATH,1714449600,2024-04-30 00:00:00+00:00,0.77,0.77,0.77,0.77,0.77,0.75,0.64,0.8,400.0,1931.0
kalshi:BTCATH-24-DEC31-73265.12,BTCATH-24-DEC31-73265.12,KXBTCATH,1714536000,2024-05-01 00:00:00+00:00,0.65,0.65,0.65,0.65,0.65,0.77,0.59,0.96,1.0,1931.0
kalshi:BTCATH-24-DEC31-73265.12,BTCATH-24-DEC31-73265.12,KXBTCATH,1714622400,2024-05-02 00:00:00+00:00,0.96,0.59,0.96,0.59,0.6027,0.65,0.59,0.77,169.0,2092.0
kalshi:BTCATH-24-DEC31-73265.12,BTCATH-24-DEC31-73265.12,KXBTCATH,1714708800,2024-05-03 00:00:00+00:00,,,,,,0.59,0.59,0.72,0.0,2092.0
kalshi:BTCATH-24-DEC31-73265.12,BTCATH-24-DEC31-73265.12,KXBTCATH,1714795200,2024-05-04 00:00:00+00:00,,,,,,0.59,0.59,0.76,0.0,2092.0
kalshi:BTCATH-24-DEC31-73265.12,BTCATH-24-DEC31-73265.12,KXBTCATH,1714881600,2024-05-05 00:00:00+00:00,,,,,,0.59,0.59,0.93,0.0,2092.0
kalshi:BTCATH-24-DEC31-73265.12,BTCATH-24-DEC31-73265.12,KXBTCATH,1714968000,2024-05-06 00:00:00+00:00,,,,,,0.59,0.59,0.93,0.0,2092.0
kalshi:BTCATH-24-DEC31-73265.12,BTCATH-24-DEC31-73265.12,KXBTCATH,1715054400,2024-05-07 00:00:00+00:00,,,,,,0.59,0.59,0.8,0.0,2092.0
kalshi:BTCATH-24-DEC31-73265.12,BTCATH-24-DEC31-73265.12,KXBTCATH,1715140800,2024-05-08 00:00:00+00:00,0.72,0.72,0.77,0.75,0.7464,0.59,0.59,0.77,138.0,1990.0
kalshi:BTCATH-24-DEC31-73265.12,BTCATH-24-DEC31-73265.12,KXBTCATH,1715227200,2024-05-09 00:00:00+00:00,,,,,,0.75,0.59,0.77,0.0,1990.0
kalshi:BTCATH-24-DEC31-73265.12,BTCATH-24-DEC31-73265.12,KXBTCATH,1715313600,2024-05-10 00:00:00+00:00,0.75,0.75,0.75,0.75,0.75,0.75,0.7,0.77,91.0,1990.0
kalshi:BTCATH-24-DEC31-73265.12,BTCATH-24-DEC31-73265.12,KXBTCATH,1715400000,2024-05-11 00:00:00+00:00,0.7,0.67,0.7,0.67,0.6973,0.75,0.67,0.96,330.0,1720.0
kalshi:BTCATH-24-DEC31-73265.12,BTCATH-24-DEC31-73265.12,KXBTCATH,1715486400,2024-05-12 00:00:00+00:00,,,,,,0.67,0.67,0.96,0.0,1720.0
kalshi:BTCATH-24-DEC31-73265.12,BTCATH-24-DEC31-73265.12,KXBTCATH,1715572800,2024-05-13 00:00:00+00:00,,,,,,0.67,0.67,0.89,0.0,1720.0
kalshi:BTCATH-24-DEC31-73265.12,BTCATH-24-DEC31-73265.12,KXBTCATH,1715659200,2024-05-14 00:00:00+00:00,,,,,,0.67,0.67,0.89,0.0,1720.0
kalshi:BTCATH-24-DEC31-73265.12,BTCATH-24-DEC31-73265.12,KXBTCATH,1715745600,2024-05-15 00:00:00+00:00,0.73,0.67,0.77,0.67,0.7153,0.67,0.59,0.96,1434.0,1558.0
kalshi:BTCATH-24-DEC31-73265.12,BTCATH-24-DEC31-73265.12,KXBTCATH,1715832000,2024-05-16 00:00:00+00:00,0.79,0.79,0.85,0.79,0.8077,0.67,0.76,0.86,189.0,1687.0
kalshi:BTCATH-24-DEC31-73265.12,BTCATH-24-DEC31-73265.12,KXBTCATH,1715918400,2024-05-17 00:00:00+00:00,0.82,0.82,0.82,0.82,0.82,0.79,0.73,0.89,2.0,1687.0
kalshi:BTCATH-24-DEC31-73265.12,BTCATH-24-DEC31-73265.12,KXBTCATH,1716004800,2024-05-18 00:00:00+00:00,,,,,,0.82,0.79,0.88,0.0,1687.0
kalshi:BTCATH-24-DEC31-73265.12,BTCATH-24-DEC31-73265.12,KXBTCATH,1716091200,2024-05-19 00:00:00+00:00,,,,,,0.82,0.73,0.89,0.0,1687.0
kalshi:BTCATH-24-DEC31-73265.12,BTCATH-24-DEC31-73265.12,KXBTCATH,1716177600,2024-05-20 00:00:00+00:00,,,,,,0.82,0.78,0.88,0.0,1687.0
kalshi:BTCATH-24-DEC31-73265.12,BTCATH-24-DEC31-73265.12,KXBTCATH,1716264000,2024-05-21 00:00:00+00:00,0.89,0.89,0.89,0.89,0.89,0.82,0.74,0.96,27.0,1660.0
kalshi:BTCATH-24-DEC31-73265.12,BTCATH-24-DEC31-73265.12,KXBTCATH,1716350400,2024-05-22 00:00:00+00:00,,,,,,0.89,0.8,0.96,0.0,1660.0
kalshi:BTCATH-24-DEC31-73265.12,BTCATH-24-DEC31-73265.12,KXBTCATH,1716436800,2024-05-23 00:00:00+00:00,,,,,,0.89,0.8,0.93,0.0,1660.0
kalshi:BTCATH-24-DEC31-73265.12,BTCATH-24-DEC31-73265.12,KXBTCATH,1716523200,2024-05-24 00:00:00+00:00,,,,,,0.89,0.8,0.96,0.0,1660.0
kalshi:BTCATH-24-DEC31-73265.12,BTCATH-24-DEC31-73265.12,KXBTCATH,1716609600,2024-05-25 00:00:00+00:00,,,,,,0.89,0.82,0.91,0.0,1660.0
kalshi:BTCATH-24-DEC31-73265.12,BTCATH-24-DEC31-73265.12,KXBTCATH,1716696000,2024-05-26 00:00:00+00:00,,,,,,0.89,0.8,0.92,0.0,1660.0
kalshi:BTCATH-24-DEC31-73265.12,BTCATH-24-DEC31-73265.12,KXBTCATH,1716782400,2024-05-27 00:00:00+00:00,,,,,,0.89,0.83,0.92,0.0,1660.0
kalshi:BTCATH-24-DEC31-73265.12,BTCATH-24-DEC31-73265.12,KXBTCATH,1716868800,2024-05-28 00:00:00+00:00,,,,,,0.89,0.8,0.96,0.0,1660.0
kalshi:BTCATH-24-DEC31-73265.12,BTCATH-24-DEC31-73265.12,KXBTCATH,1716955200,2024-05-29 00:00:00+00:00,0.89,0.84,0.89,0.84,0.8893,0.89,0.82,0.91,339.0,1665.0
kalshi:BTCATH-24-DEC31-73265.12,BTCATH-24-DEC31-73265.12,KXBTCATH,1717041600,2024-05-30 00:00:00+00:00,0.81,0.81,0.87,0.87,0.821,0.84,0.8,0.96,60.0,1714.0
kalshi:BTCATH-24-DEC31-73265.12,BTCATH-24-DEC31-73265.12,KXBTCATH,1717128000,2024-05-31 00:00:00+00:00,,,,,,0.87,0.8,0.96,0.0,1714.0
kalshi:BTCATH-24-DEC31-73265.12,BTCATH-24-DEC31-73265.12,KXBTCATH,1717214400,2024-06-01 00:00:00+00:00,0.83,0.83,0.83,0.83,0.83,0.87,0.8,0.96,10.0,1724.0
kalshi:BTCATH-24-DEC31-73265.12,BTCATH-24-DEC31-73265.12,KXBTCATH,1717300800,2024-06-02 00:00:00+00:00,,,,,,0.83,0.8,0.85,0.0,1724.0
kalshi:BTCATH-24-DEC31-73265.12,BTCATH-24-DEC31-73265.12,KXBTCATH,1717387200,2024-06-03 00:00:00+00:00,,,,,,0.83,0.8,0.85,0.0,1724.0
kalshi:BTCATH-24-DEC31-73265.12,BTCATH-24-DEC31-73265.12,KXBTCATH,1717473600,2024-06-04 00:00:00+00:00,0.85,0.85,0.85,0.85,0.85,0.83,0.82,0.91,16.0,1740.0
kalshi:BTCATH-24-DEC31-73265.12,BTCATH-24-DEC31-73265.12,KXBTCATH,1717560000,2024-06-05 00:00:00+00:00,,,,,,0.85,0.8,0.98,0.0,1740.0
kalshi:BTCATH-24-DEC31-73265.12,BTCATH-24-DEC31-73265.12,KXBTCATH,1717819200,2024-06-08 00:00:00+00:00,,,,,,0.85,0.8,0.98,0.0,1740.0
kalshi:BTCATH-24-DEC31-73265.12,BTCATH-24-DEC31-73265.12,KXBTCATH,1717992000,2024-06-10 00:00:00+00:00,,,,,,0.85,0.83,0.92,0.0,1740.0
kalshi:BTCATH-24-DEC31-73265.12,BTCATH-24-DEC31-73265.12,KXBTCATH,1718078400,2024-06-11 00:00:00+00:00,,,,,,0.85,0.8,0.98,0.0,1740.0
kalshi:BTCATH-24-DEC31-73265.12,BTCATH-24-DEC31-73265.12,KXBTCATH,1718164800,2024-06-12 00:00:00+00:00,0.8,0.8,0.8,0.8,0.8,0.85,0.78,0.98,250.0,1910.0
kalshi:BTCATH-24-DEC31-73265.12,BTCATH-24-DEC31-73265.12,KXBTCATH,1718251200,2024-06-13 00:00:00+00:00,,,,,,0.8,0.78,0.98,0.0,1910.0
kalshi:BTCATH-24-DEC31-73265.12,BTCATH-24-DEC31-73265.12,KXBTCATH,1718337600,2024-06-14 00:00:00+00:00,,,,,,0.8,0.78,0.98,0.0,1910.0
kalshi:BTCATH-24-DEC31-73265.12,BTCATH-24-DEC31-73265.12,KXBTCATH,1718424000,2024-06-15 00:00:00+00:00,0.78,0.76,0.78,0.76,0.7643,0.8,0.74,0.98,75.0,1953.0
kalshi:BTCATH-24-DEC31-73265.12,BTCATH-24-DEC31-73265.12,KXBTCATH,1718510400,2024-06-16 00:00:00+00:00,,,,,,0.76,0.74,0.98,0.0,1953.0
kalshi:BTCATH-24-DEC31-73265.12,BTCATH-24-DEC31-73265.12,KXBTCATH,1718596800,2024-06-17 00:00:00+00:00,,,,,,0.76,0.74,0.84,0.0,1953.0
kalshi:BTCATH-24-DEC31-73265.12,BTCATH-24-DEC31-73265.12,KXBTCATH,1718683200,2024-06-18 00:00:00+00:00,,,,,,0.76,0.75,0.82,0.0,1953.0
kalshi:BTCATH-24-DEC31-73265.12,BTCATH-24-DEC31-73265.12,KXBTCATH,1718769600,2024-06-19 00:00:00+00:00,0.74,0.74,0.77,0.74,0.7405,0.76,0.74,0.85,285.0,1908.0
kalshi:BTCATH-24-DEC31-73265.12,BTCATH-24-DEC31-73265.12,KXBTCATH,1718856000,2024-06-20 00:00:00+00:00,0.78,0.78,0.8,0.8,0.7841,0.74,0.74,0.81,251.0,1908.0
kalshi:BTCATH-24-DEC31-73265.12,BTCATH-24-DEC31-73265.12,KXBTCATH,1718942400,2024-06-21 00:00:00+00:00,,,,,,0.8,0.74,0.98,0.0,1908.0
kalshi:BTCATH-24-DEC31-73265.12,BTCATH-24-DEC31-73265.12,KXBTCATH,1719028800,2024-06-22 00:00:00+00:00,0.74,0.68,0.77,0.7,0.7298,0.8,0.62,0.85,859.0,1437.0
kalshi:BTCATH-24-DEC31-73265.12,BTCATH-24-DEC31-73265.12,KXBTCATH,1719115200,2024-06-23 00:00:00+00:00,,,,,,0.7,0.62,0.85,0.0,1437.0
kalshi:BTCATH-24-DEC31-73265.12,BTCATH-24-DEC31-73265.12,KXBTCATH,1719201600,2024-06-24 00:00:00+00:00,,,,,,0.7,0.65,0.85,0.0,1437.0
kalshi:BTCATH-24-DEC31-73265.12,BTCATH-24-DEC31-73265.12,KXBTCATH,1719288000,2024-06-25 00:00:00+00:00,0.62,0.57,0.62,0.57,0.6027,0.7,0.34,0.72,440.0,1637.0
kalshi:BTCATH-24-DEC31-73265.12,BTCATH-24-DEC31-73265.12,KXBTCATH,1719374400,2024-06-26 00:00:00+00:00,,,,,,0.57,0.34,0.72,0.0,1637.0
kalshi:BTCATH-24-DEC31-73265.12,BTCATH-24-DEC31-73265.12,KXBTCATH,1719460800,2024-06-27 00:00:00+00:00,0.67,0.67,0.67,0.67,0.67,0.57,0.34,0.72,3.0,1637.0
kalshi:BTCATH-24-DEC31-73265.12,BTCATH-24-DEC31-73265.12,KXBTCATH,1719547200,2024-06-28 00:00:00+00:00,0.63,0.63,0.63,0.63,0.63,0.67,0.34,0.72,15.0,1649.0
kalshi:BTCATH-24-DEC31-73265.12,BTCATH-24-DEC31-73265.12,KXBTCATH,1719633600,2024-06-29 00:00:00+00:00,,,,,,0.63,0.34,0.99,0.0,1649.0
kalshi:BTCATH-24-DEC31-73265.12,BTCATH-24-DEC31-73265.12,KXBTCATH,1719720000,2024-06-30 00:00:00+00:00,,,,,,0.63,0.34,0.99,0.0,1649.0
kalshi:BTCATH-24-DEC31-73265.12,BTCATH-24-DEC31-73265.12,KXBTCATH,1719892800,2024-07-02 00:00:00+00:00,0.68,0.68,0.68,0.68,0.68,0.63,0.34,0.68,80.0,1649.0
kalshi:BTCATH-24-DEC31-73265.12,BTCATH-24-DEC31-73265.12,KXBTCATH,1719979200,2024-07-03 00:00:00+00:00,,,,,,0.68,0.34,0.68,0.0,1649.0
kalshi:BTCATH-24-DEC31-73265.12,BTCATH-24-DEC31-73265.12,KXBTCATH,1720065600,2024-07-04 00:00:00+00:00,0.55,0.54,0.59,0.54,0.549,0.68,0.34,0.59,1286.0,2681.0
kalshi:BTCATH-24-DEC31-73265.12,BTCATH-24-DEC31-73265.12,KXBTCATH,1720152000,2024-07-05 00:00:00+00:00,0.51,0.51,0.57,0.57,0.52,0.54,0.26,0.59,6.0,2686.0
kalshi:BTCATH-24-DEC31-73265.12,BTCATH-24-DEC31-73265.12,KXBTCATH,1720238400,2024-07-06 00:00:00+00:00,,,,,,0.57,0.26,0.59,0.0,2686.0
kalshi:BTCATH-24-DEC31-73265.12,BTCATH-24-DEC31-73265.12,KXBTCATH,1720324800,2024-07-07 00:00:00+00:00,0.56,0.56,0.56,0.56,0.56,0.57,0.26,0.55,17.0,2686.0
kalshi:BTCATH-24-DEC31-73265.12,BTCATH-24-DEC31-73265.12,KXBTCATH,1720411200,2024-07-08 00:00:00+00:00,0.46,0.46,0.46,0.46,0.46,0.56,0.46,0.55,17.0,2686.0
kalshi:BTCATH-24-DEC31-73265.12,BTCATH-24-DEC31-73265.12,KXBTCATH,1720497600,2024-07-09 00:00:00+00:00,0.48,0.48,0.48,0.48,0.48,0.46,0.47,0.48,402.0,2686.0
kalshi:BTCATH-24-DEC31-73265.12,BTCATH-24-DEC31-73265.12,KXBTCATH,1720584000,2024-07-10 00:00:00+00:00,0.47,0.46,0.51,0.49,0.4825,0.48,0.46,0.55,918.0,3594.0
kalshi:BTCATH-24-DEC31-73265.12,BTCATH-24-DEC31-73265.12,KXBTCATH,1720670400,2024-07-11 00:00:00+00:00,0.55,0.46,0.59,0.46,0.5178,0.49,0.46,0.54,77.0,3645.0
kalshi:BTCATH-24-DEC31-73265.12,BTCATH-24-DEC31-73265.12,KXBTCATH,1720756800,2024-07-12 00:00:00+00:00,0.53,0.45,0.59,0.56,0.5489,0.46,0.42,0.67,665.0,4125.0
kalshi:BTCATH-24-DEC31-73265.12,BTCATH-24-DEC31-73265.12,KXBTCATH,1720843200,2024-07-13 00:00:00+00:00,0.48,0.48,0.48,0.48,0.48,0.56,0.42,0.75,18.0,4143.0
kalshi:BTCATH-24-DEC31-73265.12,BTCATH-24-DEC31-73265.12,KXBTCATH,1720929600,2024-07-14 00:00:00+00:00,0.42,0.4,0.59,0.59,0.4341,0.48,0.4,0.58,183.0,4159.0
kalshi:BTCATH-24-DEC31-73265.12,BTCATH-24-DEC31-73265.12,KXBTCATH,1721016000,2024-07-15 00:00:00+00:00,,,,,,0.59,0.52,0.58,0.0,4159.0
kalshi:BTCATH-24-DEC31-73265.12,BTCATH-24-DEC31-73265.12,KXBTCATH,1721102400,2024-07-16 00:00:00+00:00,0.58,0.5,0.75,0.66,0.6391,0.59,0.5,0.75,577.0,4650.0
kalshi:BTCATH-24-DEC31-73265.12,BTCATH-24-DEC31-73265.12,KXBTCATH,1721188800,2024-07-17 00:00:00+00:00,0.66,0.64,0.75,0.75,0.7033,0.66,0.5,0.99,55.0,4677.0
kalshi:BTCATH-24-DEC31-73265.12,BTCATH-24-DEC31-73265.12,KXBTCATH,1721275200,2024-07-18 00:00:00+00:00,0.66,0.65,0.66,0.65,0.6593,0.75,0.5,0.99,140.0,4817.0
kalshi:BTCATH-24-DEC31-73265.12,BTCATH-24-DEC31-73265.12,KXBTCATH,1721361600,2024-07-19 00:00:00+00:00,0.63,0.63,0.63,0.63,0.63,0.65,0.5,0.99,2.0,4819.0
kalshi:BTCATH-24-DEC31-73265.12,BTCATH-24-DEC31-73265.12,KXBTCATH,1721448000,2024-07-20 00:00:00+00:00,0.74,0.73,0.82,0.73,0.7485,0.63,0.72,0.81,27.0,4824.0
kalshi:BTCATH-24-DEC31-73265.12,BTCATH-24-DEC31-73265.12,KXBTCATH,1721534400,2024-07-21 00:00:00+00:00,0.74,0.74,0.83,0.83,0.8269,0.73,0.72,0.99,123.0,4828.0
kalshi:BTCATH-24-DEC31-73265.12,BTCATH-24-DEC31-73265.12,KXBTCATH,1721707200,2024-07-23 00:00:00+00:00,0.72,0.72,0.72,0.72,0.72,0.83,0.5,0.86,33.0,4861.0
kalshi:BTCATH-24-DEC31-73265.12,BTCATH-24-DEC31-73265.12,KXBTCATH,1721793600,2024-07-24 00:00:00+00:00,0.78,0.78,0.8,0.8,0.787,0.72,0.5,0.99,123.0,4861.0
kalshi:BTCATH-24-DEC31-73265.12,BTCATH-24-DEC31-73265.12,KXBTCATH,1721880000,2024-07-25 00:00:00+00:00,0.65,0.65,0.65,0.65,0.65,0.8,0.5,0.99,40.0,4901.0
kalshi:BTCATH-24-DEC31-73265.12,BTCATH-24-DEC31-73265.12,KXBTCATH,1721966400,2024-07-26 00:00:00+00:00,,,,,,0.65,0.5,0.99,0.0,4901.0
kalshi:BTCATH-24-DEC31-73265.12,BTCATH-24-DEC31-73265.12,KXBTCATH,1722052800,2024-07-27 00:00:00+00:00,,,,,,0.65,0.5,0.99,0.0,4901.0
kalshi:BTCATH-24-DEC31-73265.12,BTCATH-24-DEC31-73265.12,KXBTCATH,1722139200,2024-07-28 00:00:00+00:00,,,,,,0.65,0.5,0.99,0.0,4901.0
kalshi:BTCATH-24-DEC31-73265.12,BTCATH-24-DEC31-73265.12,KXBTCATH,1722225600,2024-07-29 00:00:00+00:00,,,,,,0.65,0.5,0.99,0.0,4901.0
kalshi:BTCATH-24-DEC31-73265.12,BTCATH-24-DEC31-73265.12,KXBTCATH,1722312000,2024-07-30 00:00:00+00:00,,,,,,0.65,0.5,0.99,0.0,4901.0
kalshi:BTCATH-24-DEC31-73265.12,BTCATH-24-DEC31-73265.12,KXBTCATH,1722398400,2024-07-31 00:00:00+00:00,0.7,0.68,0.7,0.68,0.6894,0.65,0.5,0.99,425.0,4901.0
kalshi:BTCATH-24-DEC31-73265.12,BTCATH-24-DEC31-73265.12,KXBTCATH,1722484800,2024-08-01 00:00:00+00:00,0.66,0.66,0.66,0.66,0.66,0.68,0.61,0.99,100.0,5001.0
kalshi:BTCATH-24-DEC31-73265.12,BTCATH-24-DEC31-73265.12,KXBTCATH,1722571200,2024-08-02 00:00:00+00:00,,,,,,0.66,0.61,0.67,0.0,5001.0
kalshi:BTCATH-24-DEC31-73265.12,BTCATH-24-DEC31-73265.12,KXBTCATH,1722657600,2024-08-03 00:00:00+00:00,,,,,,0.66,0.61,0.66,0.0,5001.0
kalshi:BTCATH-24-DEC31-73265.12,BTCATH-24-DEC31-73265.12,KXBTCATH,1722830400,2024-08-05 00:00:00+00:00,0.61,0.5,0.61,0.5,0.5189,0.66,0.47,0.5,70.0,5001.0
kalshi:BTCATH-24-DEC31-73265.12,BTCATH-24-DEC31-73265.12,KXBTCATH,1722916800,2024-08-06 00:00:00+00:00,0.47,0.47,0.47,0.47,0.47,0.5,0.26,0.66,9.0,5010.0
kalshi:BTCATH-24-DEC31-73265.12,BTCATH-24-DEC31-73265.12,KXBTCATH,1723003200,2024-08-07 00:00:00+00:00,0.6,0.6,0.6,0.6,0.6,0.47,0.26,0.66,23.0,5033.0
kalshi:BTCATH-24-DEC31-73265.12,BTCATH-24-DEC31-73265.12,KXBTCATH,1723089600,2024-08-08 00:00:00+00:00,,,,,,0.6,0.26,0.66,0.0,5033.0
kalshi:BTCATH-24-DEC31-73265.12,BTCATH-24-DEC31-73265.12,KXBTCATH,1723176000,2024-08-09 00:00:00+00:00,0.66,0.63,0.74,0.73,0.6754,0.6,0.26,0.8,1427.0,6443.0
kalshi:BTCATH-24-DEC31-73265.12,BTCATH-24-DEC31-73265.12,KXBTCATH,1723262400,2024-08-10 00:00:00+00:00,,,,,,0.73,0.26,0.99,0.0,6443.0
kalshi:BTCATH-24-DEC31-73265.12,BTCATH-24-DEC31-73265.12,KXBTCATH,1723348800,2024-08-11 00:00:00+00:00,,,,,,0.73,0.26,0.99,0.0,6443.0
kalshi:BTCATH-24-DEC31-73265.12,BTCATH-24-DEC31-73265.12,KXBTCATH,1723435200,2024-08-12 00:00:00+00:00,,,,,,0.73,0.26,0.99,0.0,6443.0
kalshi:BTCATH-24-DEC31-73265.12,BTCATH-24-DEC31-73265.12,KXBTCATH,1723521600,2024-08-13 00:00:00+00:00,0.75,0.63,0.77,0.63,0.7124,0.73,0.26,0.73,417.0,6603.0
kalshi:BTCATH-24-DEC31-73265.12,BTCATH-24-DEC31-73265.12,KXBTCATH,1723608000,2024-08-14 00:00:00+00:00,0.73,0.65,0.73,0.66,0.6521,0.63,0.26,0.71,446.0,7049.0
kalshi:BTCATH-24-DEC31-73265.12,BTCATH-24-DEC31-73265.12,KXBTCATH,1723694400,2024-08-15 00:00:00+00:00,,,,,,0.66,0.5,0.72,0.0,7049.0
kalshi:BTCATH-24-DEC31-73265.12,BTCATH-24-DEC31-73265.12,KXBTCATH,1723780800,2024-08-16 00:00:00+00:00,0.5,0.5,0.5,0.5,0.5,0.66,0.26,0.72,250.0,7108.0
kalshi:BTCATH-24-DEC31-73265.12,BTCATH-24-DEC31-73265.12,KXBTCATH,1723867200,2024-08-17 00:00:00+00:00,0.52,0.52,0.52,0.52,0.52,0.5,0.53,0.63,25.0,7133.0
kalshi:BTCATH-24-DEC31-73265.12,BTCATH-24-DEC31-73265.12,KXBTCATH,1723953600,2024-08-18 00:00:00+00:00,0.51,0.51,0.51,0.51,0.51,0.52,0.5,0.63,66.0,7133.0
kalshi:BTCATH-24-DEC31-73265.12,BTCATH-24-DEC31-73265.12,KXBTCATH,1724040000,2024-08-19 00:00:00+00:00,0.63,0.63,0.63,0.63,0.63,0.51,0.5,0.63,52.0,7185.0
kalshi:BTCATH-24-DEC31-73265.12,BTCATH-24-DEC31-73265.12,KXBTCATH,1724212800,2024-08-21 00:00:00+00:00,0.5,0.39,0.5,0.39,0.3914,0.63,0.39,0.63,79.0,7264.0
kalshi:BTCATH-24-DEC31-73265.12,BTCATH-24-DEC31-73265.12,KXBTCATH,1724299200,2024-08-22 00:00:00+00:00,0.63,0.63,0.63,0.63,0.63,0.39,0.4,0.63,77.0,7268.0
kalshi:BTCATH-24-DEC31-73265.12,BTCATH-24-DEC31-73265.12,KXBTCATH,1724472000,2024-08-24 00:00:00+00:00,0.63,0.63,0.63,0.63,0.63,0.63,0.4,0.63,26.0,7268.0
kalshi:BTCATH-24-DEC31-73265.12,BTCATH-24-DEC31-73265.12,KXBTCATH,1724558400,2024-08-25 00:00:00+00:00,0.63,0.63,0.63,0.63,0.63,0.63,0.4,0.63,7.0,7275.0
kalshi:BTCATH-24-DEC31-73265.12,BTCATH-24-DEC31-73265.12,KXBTCATH,1724644800,2024-08-26 00:00:00+00:00,0.63,0.63,0.63,0.63,0.63,0.63,0.41,0.62,7.0,7282.0
kalshi:BTCATH-24-DEC31-73265.12,BTCATH-24-DEC31-73265.12,KXBTCATH,1724731200,2024-08-27 00:00:00+00:00,0.41,0.41,0.6,0.6,0.505,0.63,0.5,0.61,2.0,7282.0
kalshi:BTCATH-24-DEC31-73265.12,BTCATH-24-DEC31-73265.12,KXBTCATH,1724817600,2024-08-28 00:00:00+00:00,0.61,0.5,0.61,0.61,0.5629,0.6,0.4,0.72,525.0,7782.0
kalshi:BTCATH-24-DEC31-73265.12,BTCATH-24-DEC31-73265.12,KXBTCATH,1724904000,2024-08-29 00:00:00+00:00,0.63,0.63,0.63,0.63,0.63,0.61,0.4,0.63,23.0,7805.0
kalshi:BTCATH-24-DEC31-73265.12,BTCATH-24-DEC31-73265.12,KXBTCATH,1724990400,2024-08-30 00:00:00+00:00,0.62,0.62,0.64,0.64,0.6367,0.63,0.41,0.7,36.0,7840.0
kalshi:BTCATH-24-DEC31-73265.12,BTCATH-24-DEC31-73265.12,KXBTCATH,1725076800,2024-08-31 00:00:00+00:00,0.41,0.4,0.41,0.4,0.4006,0.64,0.4,0.66,17.0,7841.0
kalshi:BTCATH-24-DEC31-73265.12,BTCATH-24-DEC31-73265.12,KXBTCATH,1725249600,2024-09-02 00:00:00+00:00,,,,,,0.4,0.26,0.66,0.0,7841.0
kalshi:BTCATH-24-DEC31-73265.12,BTCATH-24-DEC31-73265.12,KXBTCATH,1725336000,2024-09-03 00:00:00+00:00,,,,,,0.4,0.26,0.64,0.0,7841.0
kalshi:BTCATH-24-DEC31-73265.12,BTCATH-24-DEC31-73265.12,KXBTCATH,1725422400,2024-09-04 00:00:00+00:00,,,,,,0.4,0.26,0.61,0.0,7841.0
kalshi:BTCATH-24-DEC31-73265.12,BTCATH-24-DEC31-73265.12,KXBTCATH,1725508800,2024-09-05 00:00:00+00:00,0.43,0.43,0.43,0.43,0.43,0.4,0.26,0.58,17.0,7858.0
kalshi:BTCATH-24-DEC31-73265.12,BTCATH-24-DEC31-73265.12,KXBTCATH,1725595200,2024-09-06 00:00:00+00:00,,,,,,0.43,0.26,0.5,0.0,7858.0
kalshi:BTCATH-24-DEC31-73265.12,BTCATH-24-DEC31-73265.12,KXBTCATH,1725681600,2024-09-07 00:00:00+00:00,,,,,,0.43,0.27,0.49,0.0,7858.0
kalshi:BTCATH-24-DEC31-73265.12,BTCATH-24-DEC31-73265.12,KXBTCATH,1725768000,2024-09-08 00:00:00+00:00,0.27,0.26,0.27,0.26,0.2687,0.43,0.26,0.45,575.0,7858.0
kalshi:BTCATH-24-DEC31-73265.12,BTCATH-24-DEC31-73265.12,KXBTCATH,1725854400,2024-09-09 00:00:00+00:00,0.26,0.26,0.26,0.26,0.26,0.26,0.2,0.45,5.0,7858.0
kalshi:BTCATH-24-DEC31-73265.12,BTCATH-24-DEC31-73265.12,KXBTCATH,1725940800,2024-09-10 00:00:00+00:00,0.45,0.45,0.66,0.66,0.4716,0.26,0.27,0.64,127.0,7884.0
kalshi:BTCATH-24-DEC31-73265.12,BTCATH-24-DEC31-73265.12,KXBTCATH,1726027200,2024-09-11 00:00:00+00:00,0.57,0.38,0.6,0.57,0.5549,0.66,0.41,0.57,746.0,7453.0
kalshi:BTCATH-24-DEC31-73265.12,BTCATH-24-DEC31-73265.12,KXBTCATH,1726113600,2024-09-12 00:00:00+00:00,0.42,0.38,0.42,0.38,0.3956,0.57,0.27,0.47,322.0,7675.0
kalshi:BTCATH-24-DEC31-73265.12,BTCATH-24-DEC31-73265.12,KXBTCATH,1726200000,2024-09-13 00:00:00+00:00,0.43,0.38,0.64,0.38,0.5388,0.38,0.3,0.61,198.0,7872.0
kalshi:BTCATH-24-DEC31-73265.12,BTCATH-24-DEC31-73265.12,KXBTCATH,1726286400,2024-09-14 00:00:00+00:00,0.3,0.3,0.64,0.46,0.5611,0.38,0.35,0.5,75.0,7925.0
kalshi:BTCATH-24-DEC31-73265.12,BTCATH-24-DEC31-73265.12,KXBTCATH,1726372800,2024-09-15 00:00:00+00:00,0.5,0.36,0.5,0.36,0.37,0.46,0.35,0.4,14.0,7939.0
kalshi:BTCATH-24-DEC31-73265.12,BTCATH-24-DEC31-73265.12,KXBTCATH,1726459200,2024-09-16 00:00:00+00:00,0.4,0.4,0.43,0.43,0.42,0.36,0.35,0.45,30.0,7969.0
kalshi:BTCATH-24-DEC31-73265.12,BTCATH-24-DEC31-73265.12,KXBTCATH,1726545600,2024-09-17 00:00:00+00:00,0.45,0.45,0.54,0.54,0.4994,0.43,0.41,0.54,48.0,7994.0
kalshi:BTCATH-24-DEC31-73265.12,BTCATH-24-DEC31-73265.12,KXBTCATH,1726632000,2024-09-18 00:00:00+00:00,,,,,,0.54,0.4,0.54,0.0,7994.0
kalshi:BTCATH-24-DEC31-73265.12,BTCATH-24-DEC31-73265.12,KXBTCATH,1726718400,2024-09-19 00:00:00+00:00,,,,,,0.54,0.4,0.53,0.0,7994.0
kalshi:BTCATH-24-DEC31-73265.12,BTCATH-24-DEC31-73265.12,KXBTCATH,1726804800,2024-09-20 00:00:00+00:00,0.53,0.52,0.6,0.52,0.5519,0.54,0.4,0.63,4181.0,12175.0
kalshi:BTCATH-24-DEC31-73265.12,BTCATH-24-DEC31-73265.12,KXBTCATH,1726891200,2024-09-21 00:00:00+00:00,0.55,0.55,0.62,0.56,0.5581,0.52,0.41,0.6,1206.0,13381.0
kalshi:BTCATH-24-DEC31-73265.12,BTCATH-24-DEC31-73265.12,KXBTCATH,1726977600,2024-09-22 00:00:00+00:00,0.57,0.57,0.63,0.63,0.6064,0.56,0.57,0.63,108.0,13462.0
kalshi:BTCATH-24-DEC31-73265.12,BTCATH-24-DEC31-73265.12,KXBTCATH,1727064000,2024-09-23 00:00:00+00:00,0.63,0.57,0.99,0.6,0.7503,0.63,0.57,0.65,4054.0,14203.0
kalshi:BTCATH-24-DEC31-73265.12,BTCATH-24-DEC31-73265.12,KXBTCATH,1727150400,2024-09-24 00:00:00+00:00,0.64,0.59,0.64,0.62,0.609,0.6,0.57,0.65,147.0,14313.0
kalshi:BTCATH-24-DEC31-73265.12,BTCATH-24-DEC31-73265.12,KXBTCATH,1727236800,2024-09-25 00:00:00+00:00,0.63,0.54,0.63,0.54,0.5905,0.62,0.46,0.64,2308.0,16439.0
kalshi:BTCATH-24-DEC31-73265.12,BTCATH-24-DEC31-73265.12,KXBTCATH,1727323200,2024-09-26 00:00:00+00:00,0.54,0.54,0.54,0.54,0.54,0.54,0.47,0.63,20.0,16459.0
kalshi:BTCATH-24-DEC31-73265.12,BTCATH-24-DEC31-73265.12,KXBTCATH,1727409600,2024-09-27 00:00:00+00:00,0.6,0.6,0.61,0.61,0.6076,0.54,0.59,0.64,662.0,16966.0
kalshi:BTCATH-24-DEC31-73265.12,BTCATH-24-DEC31-73265.12,KXBTCATH,1727496000,2024-09-28 00:00:00+00:00,0.64,0.61,0.64,0.61,0.6345,0.61,0.59,0.65,665.0,17338.0
kalshi:BTCATH-24-DEC31-73265.12,BTCATH-24-DEC31-73265.12,KXBTCATH,1727582400,2024-09-29 00:00:00+00:00,0.65,0.62,0.66,0.62,0.6451,0.61,0.59,0.8,53.0,17374.0
kalshi:BTCATH-24-DEC31-73265.12,BTCATH-24-DEC31-73265.12,KXBTCATH,1727668800,2024-09-30 00:00:00+00:00,0.61,0.58,0.66,0.58,0.6237,0.62,0.5,0.59,91.0,17397.0
kalshi:BTCATH-24-DEC31-73265.12,BTCATH-24-DEC31-73265.12,KXBTCATH,1727755200,2024-10-01 00:00:00+00:00,0.57,0.52,0.57,0.52,0.5444,0.58,0.5,0.59,200.0,17485.0
kalshi:BTCATH-24-DEC31-73265.12,BTCATH-24-DEC31-73265.12,KXBTCATH,1727841600,2024-10-02 00:00:00+00:00,0.5,0.45,0.52,0.45,0.4716,0.52,0.45,0.59,286.0,17339.0
kalshi:BTCATH-24-DEC31-73265.12,BTCATH-24-DEC31-73265.12,KXBTCATH,1727928000,2024-10-03 00:00:00+00:00,0.43,0.41,0.47,0.45,0.4412,0.45,0.42,0.46,761.0,18008.0
kalshi:BTCATH-24-DEC31-73265.12,BTCATH-24-DEC31-73265.12,KXBTCATH,1728014400,2024-10-04 00:00:00+00:00,0.46,0.42,0.46,0.42,0.4592,0.45,0.42,0.49,204.0,18012.0
kalshi:BTCATH-24-DEC31-73265.12,BTCATH-24-DEC31-73265.12,KXBTCATH,1728100800,2024-10-05 00:00:00+00:00,0.44,0.44,0.47,0.47,0.4604,0.42,0.42,0.49,134.0,18146.0
kalshi:BTCATH-24-DEC31-73265.12,BTCATH-24-DEC31-73265.12,KXBTCATH,1728187200,2024-10-06 00:00:00+00:00,0.47,0.47,0.5,0.5,0.4909,0.47,0.47,0.5,404.0,18306.0
kalshi:BTCATH-24-DEC31-73265.12,BTCATH-24-DEC31-73265.12,KXBTCATH,1728273600,2024-10-07 00:00:00+00:00,0.47,0.4,0.55,0.55,0.4724,0.5,0.53,0.55,301.0,18560.0
kalshi:BTCATH-24-DEC31-73265.12,BTCATH-24-DEC31-73265.12,KXBTCATH,1728360000,2024-10-08 00:00:00+00:00,0.55,0.48,0.58,0.48,0.5535,0.55,0.4,0.5,489.0,18334.0
kalshi:BTCATH-24-DEC31-73265.12,BTCATH-24-DEC31-73265.12,KXBTCATH,1728446400,2024-10-09 00:00:00+00:00,0.49,0.47,0.5,0.5,0.4924,0.48,0.4,0.5,186.0,18428.0
kalshi:BTCATH-24-DEC31-73265.12,BTCATH-24-DEC31-73265.12,KXBTCATH,1728532800,2024-10-10 00:00:00+00:00,0.43,0.43,0.45,0.45,0.4361,0.5,0.41,0.48,194.0,18613.0
kalshi:BTCATH-24-DEC31-73265.12,BTCATH-24-DEC31-73265.12,KXBTCATH,1728619200,2024-10-11 00:00:00+00:00,0.4,0.39,0.4,0.39,0.3977,0.45,0.39,0.41,209.0,18623.0
kalshi:BTCATH-24-DEC31-73265.12,BTCATH-24-DEC31-73265.12,KXBTCATH,1728705600,2024-10-12 00:00:00+00:00,0.41,0.41,0.5,0.5,0.4638,0.39,0.43,0.49,821.0,19351.0
kalshi:BTCATH-24-DEC31-73265.12,BTCATH-24-DEC31-73265.12,KXBTCATH,1728792000,2024-10-13 00:00:00+00:00,0.49,0.47,0.5,0.5,0.4762,0.5,0.44,0.5,389.0,19740.0
kalshi:BTCATH-24-DEC31-73265.12,BTCATH-24-DEC31-73265.12,KXBTCATH,1728878400,2024-10-14 00:00:00+00:00,0.49,0.45,0.5,0.5,0.4997,0.5,0.45,0.55,970.0,20083.0
kalshi:BTCATH-24-DEC31-73265.12,BTCATH-24-DEC31-73265.12,KXBTCATH,1728964800,2024-10-15 00:00:00+00:00,0.54,0.54,0.63,0.58,0.5904,0.5,0.58,0.6,321.0,20308.0
kalshi:BTCATH-24-DEC31-73265.12,BTCATH-24-DEC31-73265.12,KXBTCATH,1729051200,2024-10-16 00:00:00+00:00,0.58,0.56,0.67,0.67,0.6392,0.58,0.64,0.67,615.0,20668.0
kalshi:BTCATH-24-DEC31-73265.12,BTCATH-24-DEC31-73265.12,KXBTCATH,1729137600,2024-10-17 00:00:00+00:00,0.7,0.66,0.72,0.66,0.682,0.67,0.61,0.72,2453.0,22780.0
kalshi:BTCATH-24-DEC31-73265.12,BTCATH-24-DEC31-73265.12,KXBTCATH,1729224000,2024-10-18 00:00:00+00:00,0.63,0.63,0.68,0.65,0.6641,0.66,0.66,0.7,735.0,22941.0
kalshi:BTCATH-24-DEC31-73265.12,BTCATH-24-DEC31-73265.12,KXBTCATH,1729310400,2024-10-19 00:00:00+00:00,0.71,0.69,0.75,0.73,0.7316,0.65,0.7,0.74,4330.0,20154.0
kalshi:BTCATH-24-DEC31-73265.12,BTCATH-24-DEC31-73265.12,KXBTCATH,1729396800,2024-10-20 00:00:00+00:00,0.69,0.68,0.73,0.69,0.6987,0.73,0.55,0.74,562.0,20587.0
kalshi:BTCATH-24-DEC31-73265.12,BTCATH-24-DEC31-73265.12,KXBTCATH,1729483200,2024-10-21 00:00:00+00:00,0.7,0.53,0.73,0.73,0.6933,0.69,0.72,0.73,331.0,20652.0
kalshi:BTCATH-24-DEC31-73265.12,BTCATH-24-DEC31-73265.12,KXBTCATH,1729569600,2024-10-22 00:00:00+00:00,0.73,0.59,0.73,0.59,0.6732,0.73,0.63,0.65,718.0,20842.0
kalshi:BTCATH-24-DEC31-73265.12,BTCATH-24-DEC31-73265.12,KXBTCATH,1729656000,2024-10-23 00:00:00+00:00,0.63,0.6,0.71,0.67,0.6558,0.59,0.63,0.67,626.0,21320.0
kalshi:BTCATH-24-DEC31-73265.12,BTCATH-24-DEC31-73265.12,KXBTCATH,1729742400,2024-10-24 00:00:00+00:00,0.63,0.55,0.68,0.6,0.5939,0.67,0.6,0.62,449.0,21440.0
kalshi:BTCATH-24-DEC31-73265.12,BTCATH-24-DEC31-73265.12,KXBTCATH,1729828800,2024-10-25 00:00:00+00:00,0.62,0.61,0.64,0.63,0.615,0.6,0.61,0.64,850.0,22214.0
kalshi:BTCATH-24-DEC31-73265.12,BTCATH-24-DEC31-73265.12,KXBTCATH,1729915200,2024-10-26 00:00:00+00:00,0.63,0.61,0.64,0.61,0.636,0.63,0.61,0.65,648.0,21776.0
kalshi:BTCATH-24-DEC31-73265.12,BTCATH-24-DEC31-73265.12,KXBTCATH,1730088000,2024-10-28 00:00:00+00:00,,,,,,0.61,0.61,0.64,0.0,21776.0
kalshi:BTCATH-24-DEC31-73265.12,BTCATH-24-DEC31-73265.12,KXBTCATH,1730174400,2024-10-29 00:00:00+00:00,0.65,0.65,0.82,0.82,0.7348,0.61,0.82,0.87,4154.0,21018.0
kalshi:BTCATH-24-DEC31-73265.12,BTCATH-24-DEC31-73265.12,KXBTCATH,1730260800,2024-10-30 00:00:00+00:00,0.82,0.82,0.97,0.91,0.8987,0.82,0.91,0.95,3978.0,21387.0
kalshi:BTCATH-24-DEC31-73265.12,BTCATH-24-DEC31-73265.12,KXBTCATH,1730347200,2024-10-31 00:00:00+00:00,0.91,0.91,0.95,0.95,0.9122,0.91,0.91,0.95,464.0,21435.0
kalshi:BTCATH-24-DEC31-73265.12,BTCATH-24-DEC31-73265.12,KXBTCATH,1730433600,2024-11-01 00:00:00+00:00,0.91,0.78,0.91,0.86,0.8709,0.95,0.8,0.85,6314.0,25880.0
kalshi:BTCATH-24-DEC31-73265.12,BTCATH-24-DEC31-73265.12,KXBTCATH,1730520000,2024-11-02 00:00:00+00:00,0.85,0.68,0.88,0.79,0.7604,0.86,0.71,0.79,1402.0,25948.0
kalshi:BTCATH-24-DEC31-73265.12,BTCATH-24-DEC31-73265.12,KXBTCATH,1730606400,2024-11-03 00:00:00+00:00,0.72,0.7,0.72,0.7,0.7054,0.79,0.71,0.79,500.0,26083.0
kalshi:BTCATH-24-DEC31-73265.12,BTCATH-24-DEC31-73265.12,KXBTCATH,1730692800,2024-11-04 00:00:00+00:00,,,,,,,0.65,0.7,0.0,26186.0
kalshi:BTCATH-24-DEC31-73265.12,BTCATH-24-DEC31-73265.12,KXBTCATH,1730782800,2024-11-05 00:00:00+00:00,0.65,0.65,0.7,0.7,0.6749,,0.65,0.69,65.0,26238.0
kalshi:BTCATH-24-DEC31-73265.12,BTCATH-24-DEC31-73265.12,KXBTCATH,1730869200,2024-11-06 00:00:00+00:00,0.69,0.62,0.99,0.99,0.9462,0.7,0.63,1.0,2795.0,24920.0
kalshi:BTCATH-24-DEC31-73265.12,BTCATH-24-DEC31-73265.12,KXBTCATH,1730955600,2024-11-07 00:00:00+00:00,0.99,0.63,0.99,0.99,0.9343,0.99,0.99,1.0,2090.0,23342.0
kalshi:BTCMAX100-24-DEC31-100000,BTCMAX100-24-DEC31-100000,KXBTCMAX100,1710820800,2024-03-19 00:00:00+00:00,0.47,0.35,0.49,0.44,0.427,,0.33,0.37,758.0,556.0
kalshi:BTCMAX100-24-DEC31-100000,BTCMAX100-24-DEC31-100000,KXBTCMAX100,1710907200,2024-03-20 00:00:00+00:00,0.38,0.36,0.4,0.4,0.3776,0.44,0.38,0.42,575.0,1131.0
kalshi:BTCMAX100-24-DEC31-100000,BTCMAX100-24-DEC31-100000,KXBTCMAX100,1710993600,2024-03-21 00:00:00+00:00,,,,,,0.4,0.41,0.42,0.0,1131.0
kalshi:BTCMAX100-24-DEC31-100000,BTCMAX100-24-DEC31-100000,KXBTCMAX100,1711080000,2024-03-22 00:00:00+00:00,0.42,0.42,0.42,0.42,0.42,0.4,0.38,0.97,10.0,1131.0
kalshi:BTCMAX100-24-DEC31-100000,BTCMAX100-24-DEC31-100000,KXBTCMAX100,1711166400,2024-03-23 00:00:00+00:00,0.43,0.4,0.97,0.4,0.4115,0.42,0.39,0.44,340.0,1146.0
kalshi:BTCMAX100-24-DEC31-100000,BTCMAX100-24-DEC31-100000,KXBTCMAX100,1711252800,2024-03-24 00:00:00+00:00,,,,,,0.4,0.4,0.45,0.0,1146.0
kalshi:BTCMAX100-24-DEC31-100000,BTCMAX100-24-DEC31-100000,KXBTCMAX100,1711339200,2024-03-25 00:00:00+00:00,,,,,,0.4,0.44,0.45,0.0,1146.0
kalshi:BTCMAX100-24-DEC31-100000,BTCMAX100-24-DEC31-100000,KXBTCMAX100,1711425600,2024-03-26 00:00:00+00:00,0.45,0.42,0.46,0.42,0.4532,0.4,0.46,0.48,207.0,1120.0
kalshi:BTCMAX100-24-DEC31-100000,BTCMAX100-24-DEC31-100000,KXBTCMAX100,1711512000,2024-03-27 00:00:00+00:00,0.46,0.25,0.51,0.51,0.4216,0.42,0.51,0.53,925.0,1344.0
kalshi:BTCMAX100-24-DEC31-100000,BTCMAX100-24-DEC31-100000,KXBTCMAX100,1711598400,2024-03-28 00:00:00+00:00,0.53,0.53,0.53,0.53,0.53,0.51,0.53,0.55,10.0,1354.0
kalshi:BTCMAX100-24-DEC31-100000,BTCMAX100-24-DEC31-100000,KXBTCMAX100,1711684800,2024-03-29 00:00:00+00:00,0.52,0.49,0.52,0.51,0.4956,0.53,0.52,0.55,90.0,1354.0
kalshi:BTCMAX100-24-DEC31-100000,BTCMAX100-24-DEC31-100000,KXBTCMAX100,1711771200,2024-03-30 00:00:00+00:00,,,,,,0.51,0.5,0.55,0.0,1354.0
kalshi:BTCMAX100-24-DEC31-100000,BTCMAX100-24-DEC31-100000,KXBTCMAX100,1711857600,2024-03-31 00:00:00+00:00,0.55,0.55,0.55,0.55,0.55,0.51,0.5,0.55,33.0,1354.0
kalshi:BTCMAX100-24-DEC31-100000,BTCMAX100-24-DEC31-100000,KXBTCMAX100,1711944000,2024-04-01 00:00:00+00:00,0.55,0.55,0.57,0.57,0.5509,0.55,0.5,0.57,175.0,1479.0
kalshi:BTCMAX100-24-DEC31-100000,BTCMAX100-24-DEC31-100000,KXBTCMAX100,1712030400,2024-04-02 00:00:00+00:00,0.5,0.49,0.5,0.49,0.4925,0.57,0.49,0.51,80.0,1539.0
kalshi:BTCMAX100-24-DEC31-100000,BTCMAX100-24-DEC31-100000,KXBTCMAX100,1712116800,2024-04-03 00:00:00+00:00,0.49,0.49,0.51,0.51,0.4919,0.49,0.33,0.51,259.0,1798.0
kalshi:BTCMAX100-24-DEC31-100000,BTCMAX100-24-DEC31-100000,KXBTCMAX100,1712203200,2024-04-04 00:00:00+00:00,0.47,0.42,0.47,0.47,0.442,0.51,0.33,0.48,1001.0,2553.0
kalshi:BTCMAX100-24-DEC31-100000,BTCMAX100-24-DEC31-100000,KXBTCMAX100,1712289600,2024-04-05 00:00:00+00:00,0.49,0.47,0.49,0.47,0.4833,0.47,0.33,0.54,375.0,2678.0
kalshi:BTCMAX100-24-DEC31-100000,BTCMAX100-24-DEC31-100000,KXBTCMAX100,1712376000,2024-04-06 00:00:00+00:00,0.48,0.48,0.49,0.49,0.4814,0.47,0.41,0.53,7.0,2678.0
kalshi:BTCMAX100-24-DEC31-100000,BTCMAX100-24-DEC31-100000,KXBTCMAX100,1712462400,2024-04-07 00:00:00+00:00,0.46,0.46,0.48,0.47,0.47,0.49,0.46,0.5,130.0,2808.0
kalshi:BTCMAX100-24-DEC31-100000,BTCMAX100-24-DEC31-100000,KXBTCMAX100,1712548800,2024-04-08 00:00:00+00:00,0.5,0.47,0.51,0.47,0.509,0.47,0.47,0.52,320.0,2819.0
kalshi:BTCMAX100-24-DEC31-100000,BTCMAX100-24-DEC31-100000,KXBTCMAX100,1712635200,2024-04-09 00:00:00+00:00,0.53,0.49,0.53,0.49,0.5004,0.47,0.47,0.58,328.0,3147.0
kalshi:BTCMAX100-24-DEC31-100000,BTCMAX100-24-DEC31-100000,KXBTCMAX100,1712721600,2024-04-10 00:00:00+00:00,,,,,,0.49,0.47,0.53,0.0,3147.0
kalshi:BTCMAX100-24-DEC31-100000,BTCMAX100-24-DEC31-100000,KXBTCMAX100,1712808000,2024-04-11 00:00:00+00:00,0.47,0.47,0.51,0.51,0.482,0.49,0.47,0.56,30.0,3126.0
kalshi:BTCMAX100-24-DEC31-100000,BTCMAX100-24-DEC31-100000,KXBTCMAX100,1712894400,2024-04-12 00:00:00+00:00,0.52,0.52,0.53,0.53,0.5225,0.51,0.47,0.58,12.0,3126.0
kalshi:BTCMAX100-24-DEC31-100000,BTCMAX100-24-DEC31-100000,KXBTCMAX100,1712980800,2024-04-13 00:00:00+00:00,0.48,0.44,0.48,0.48,0.4441,0.53,0.33,0.58,1122.0,4206.0
kalshi:BTCMAX100-24-DEC31-100000,BTCMAX100-24-DEC31-100000,KXBTCMAX100,1713067200,2024-04-14 00:00:00+00:00,0.4,0.4,0.4,0.4,0.4,0.48,0.4,0.58,50.0,4256.0
kalshi:BTCMAX100-24-DEC31-100000,BTCMAX100-24-DEC31-100000,KXBTCMAX100,1713153600,2024-04-15 00:00:00+00:00,0.4,0.4,0.4,0.4,0.4,0.4,0.4,0.58,617.0,3656.0
kalshi:BTCMAX100-24-DEC31-100000,BTCMAX100-24-DEC31-100000,KXBTCMAX100,1713240000,2024-04-16 00:00:00+00:00,0.4,0.4,0.4,0.4,0.4,0.4,0.35,0.44,483.0,3173.0
kalshi:BTCMAX100-24-DEC31-100000,BTCMAX100-24-DEC31-100000,KXBTCMAX100,1713326400,2024-04-17 00:00:00+00:00,0.38,0.38,0.38,0.38,0.38,0.4,0.33,0.44,39.0,3212.0
kalshi:BTCMAX100-24-DEC31-100000,BTCMAX100-24-DEC31-100000,KXBTCMAX100,1713412800,2024-04-18 00:00:00+00:00,0.39,0.39,0.39,0.39,0.39,0.38,0.33,0.38,24.0,3212.0
kalshi:BTCMAX100-24-DEC31-100000,BTCMAX100-24-DEC31-100000,KXBTCMAX100,1713499200,2024-04-19 00:00:00+00:00,0.38,0.38,0.43,0.43,0.4279,0.39,0.33,0.39,233.0,3222.0
kalshi:BTCMAX100-24-DEC31-100000,BTCMAX100-24-DEC31-100000,KXBTCMAX100,1713585600,2024-04-20 00:00:00+00:00,0.39,0.39,0.4,0.4,0.395,0.43,0.33,0.55,100.0,3322.0
kalshi:BTCMAX100-24-DEC31-100000,BTCMAX100-24-DEC31-100000,KXBTCMAX100,1713672000,2024-04-21 00:00:00+00:00,,,,,,0.4,0.33,0.55,0.0,3322.0
kalshi:BTCMAX100-24-DEC31-100000,BTCMAX100-24-DEC31-100000,KXBTCMAX100,1713758400,2024-04-22 00:00:00+00:00,,,,,,0.4,0.33,0.55,0.0,3322.0
kalshi:BTCMAX100-24-DEC31-100000,BTCMAX100-24-DEC31-100000,KXBTCMAX100,1713844800,2024-04-23 00:00:00+00:00,,,,,,0.4,0.42,0.52,0.0,3322.0
kalshi:BTCMAX100-24-DEC31-100000,BTCMAX100-24-DEC31-100000,KXBTCMAX100,1713931200,2024-04-24 00:00:00+00:00,0.42,0.41,0.42,0.41,0.4186,0.4,0.33,0.55,1169.0,3491.0
kalshi:BTCMAX100-24-DEC31-100000,BTCMAX100-24-DEC31-100000,KXBTCMAX100,1714017600,2024-04-25 00:00:00+00:00,0.43,0.43,0.43,0.43,0.43,0.41,0.33,0.42,55.0,3491.0
kalshi:BTCMAX100-24-DEC31-100000,BTCMAX100-24-DEC31-100000,KXBTCMAX100,1714104000,2024-04-26 00:00:00+00:00,0.34,0.34,0.35,0.35,0.3494,0.43,0.33,0.42,17.0,3507.0
kalshi:BTCMAX100-24-DEC31-100000,BTCMAX100-24-DEC31-100000,KXBTCMAX100,1714190400,2024-04-27 00:00:00+00:00,,,,,,0.35,0.33,0.42,0.0,3507.0
kalshi:BTCMAX100-24-DEC31-100000,BTCMAX100-24-DEC31-100000,KXBTCMAX100,1714276800,2024-04-28 00:00:00+00:00,,,,,,0.35,0.33,0.42,0.0,3507.0
kalshi:BTCMAX100-24-DEC31-100000,BTCMAX100-24-DEC31-100000,KXBTCMAX100,1714363200,2024-04-29 00:00:00+00:00,,,,,,0.35,0.33,0.41,0.0,3507.0
kalshi:BTCMAX100-24-DEC31-100000,BTCMAX100-24-DEC31-100000,KXBTCMAX100,1714449600,2024-04-30 00:00:00+00:00,0.33,0.33,0.33,0.33,0.33,0.35,0.33,0.42,1.0,3508.0
kalshi:BTCMAX100-24-DEC31-100000,BTCMAX100-24-DEC31-100000,KXBTCMAX100,1714536000,2024-05-01 00:00:00+00:00,0.33,0.33,0.36,0.36,0.3538,0.33,0.1,0.42,1360.0,4038.0
kalshi:BTCMAX100-24-DEC31-100000,BTCMAX100-24-DEC31-100000,KXBTCMAX100,1714622400,2024-05-02 00:00:00+00:00,0.25,0.25,0.31,0.31,0.3099,0.36,0.11,0.42,835.0,4038.0
kalshi:BTCMAX100-24-DEC31-100000,BTCMAX100-24-DEC31-100000,KXBTCMAX100,1714708800,2024-05-03 00:00:00+00:00,,,,,,0.31,0.11,0.42,0.0,4038.0
kalshi:BTCMAX100-24-DEC31-100000,BTCMAX100-24-DEC31-100000,KXBTCMAX100,1714795200,2024-05-04 00:00:00+00:00,0.33,0.33,0.34,0.34,0.3358,0.31,0.28,0.42,173.0,4038.0
kalshi:BTCMAX100-24-DEC31-100000,BTCMAX100-24-DEC31-100000,KXBTCMAX100,1714881600,2024-05-05 00:00:00+00:00,,,,,,0.34,0.11,0.42,0.0,4038.0
kalshi:BTCMAX100-24-DEC31-100000,BTCMAX100-24-DEC31-100000,KXBTCMAX100,1714968000,2024-05-06 00:00:00+00:00,0.41,0.41,0.41,0.41,0.41,0.34,0.12,0.42,22.0,4060.0
kalshi:BTCMAX100-24-DEC31-100000,BTCMAX100-24-DEC31-100000,KXBTCMAX100,1715054400,2024-05-07 00:00:00+00:00,0.4,0.4,0.4,0.4,0.4,0.41,0.11,0.42,298.0,4358.0
kalshi:BTCMAX100-24-DEC31-100000,BTCMAX100-24-DEC31-100000,KXBTCMAX100,1715140800,2024-05-08 00:00:00+00:00,0.34,0.32,0.34,0.32,0.3375,0.4,0.28,0.38,16.0,4358.0
kalshi:BTCMAX100-24-DEC31-100000,BTCMAX100-24-DEC31-100000,KXBTCMAX100,1715227200,2024-05-09 00:00:00+00:00,0.38,0.35,0.38,0.35,0.3567,0.32,0.28,0.37,910.0,5058.0
kalshi:BTCMAX100-24-DEC31-100000,BTCMAX100-24-DEC31-100000,KXBTCMAX100,1715313600,2024-05-10 00:00:00+00:00,0.35,0.35,0.35,0.35,0.35,0.35,0.35,0.37,25.0,5083.0
kalshi:BTCMAX100-24-DEC31-100000,BTCMAX100-24-DEC31-100000,KXBTCMAX100,1715400000,2024-05-11 00:00:00+00:00,0.35,0.31,0.35,0.31,0.349,0.35,0.32,0.37,2181.0,7208.0
kalshi:BTCMAX100-24-DEC31-100000,BTCMAX100-24-DEC31-100000,KXBTCMAX100,1715486400,2024-05-12 00:00:00+00:00,,,,,,0.31,0.32,0.37,0.0,7208.0
kalshi:BTCMAX100-24-DEC31-100000,BTCMAX100-24-DEC31-100000,KXBTCMAX100,1715572800,2024-05-13 00:00:00+00:00,0.32,0.32,0.32,0.32,0.32,0.31,0.32,0.36,431.0,7639.0
kalshi:BTCMAX100-24-DEC31-100000,BTCMAX100-24-DEC31-100000,KXBTCMAX100,1715659200,2024-05-14 00:00:00+00:00,0.37,0.37,0.37,0.37,0.37,0.32,0.37,0.41,400.0,8039.0
kalshi:BTCMAX100-24-DEC31-100000,BTCMAX100-24-DEC31-100000,KXBTCMAX100,1715745600,2024-05-15 00:00:00+00:00,0.37,0.37,0.37,0.37,0.37,0.37,0.37,0.42,548.0,8587.0
kalshi:BTCMAX100-24-DEC31-100000,BTCMAX100-24-DEC31-100000,KXBTCMAX100,1715832000,2024-05-16 00:00:00+00:00,0.37,0.37,0.43,0.43,0.4243,0.37,0.39,0.55,70.0,8602.0
kalshi:BTCMAX100-24-DEC31-100000,BTCMAX100-24-DEC31-100000,KXBTCMAX100,1715918400,2024-05-17 00:00:00+00:00,0.39,0.39,0.4,0.4,0.3912,0.43,0.37,0.4,33.0,8635.0
kalshi:BTCMAX100-24-DEC31-100000,BTCMAX100-24-DEC31-100000,KXBTCMAX100,1716004800,2024-05-18 00:00:00+00:00,0.4,0.37,0.41,0.37,0.4038,0.4,0.37,0.48,91.0,8722.0
kalshi:BTCMAX100-24-DEC31-100000,BTCMAX100-24-DEC31-100000,KXBTCMAX100,1716091200,2024-05-19 00:00:00+00:00,,,,,,0.37,0.37,0.44,0.0,8722.0
kalshi:BTCMAX100-24-DEC31-100000,BTCMAX100-24-DEC31-100000,KXBTCMAX100,1716177600,2024-05-20 00:00:00+00:00,0.38,0.38,0.38,0.38,0.38,0.37,0.37,0.42,50.0,8722.0
kalshi:BTCMAX100-24-DEC31-100000,BTCMAX100-24-DEC31-100000,KXBTCMAX100,1716264000,2024-05-21 00:00:00+00:00,0.39,0.39,0.49,0.49,0.4235,0.38,0.43,0.55,489.0,8806.0
kalshi:BTCMAX100-24-DEC31-100000,BTCMAX100-24-DEC31-100000,KXBTCMAX100,1716350400,2024-05-22 00:00:00+00:00,,,,,,0.49,0.41,0.53,0.0,8806.0
kalshi:BTCMAX100-24-DEC31-100000,BTCMAX100-24-DEC31-100000,KXBTCMAX100,1716436800,2024-05-23 00:00:00+00:00,0.41,0.41,0.41,0.41,0.41,0.49,0.41,0.46,65.0,8806.0
kalshi:BTCMAX100-24-DEC31-100000,BTCMAX100-24-DEC31-100000,KXBTCMAX100,1716523200,2024-05-24 00:00:00+00:00,0.41,0.37,0.41,0.37,0.3748,0.41,0.33,0.46,145.0,8806.0
kalshi:BTCMAX100-24-DEC31-100000,BTCMAX100-24-DEC31-100000,KXBTCMAX100,1716609600,2024-05-25 00:00:00+00:00,,,,,,0.37,0.33,0.43,0.0,8806.0
kalshi:BTCMAX100-24-DEC31-100000,BTCMAX100-24-DEC31-100000,KXBTCMAX100,1716696000,2024-05-26 00:00:00+00:00,0.4,0.4,0.4,0.4,0.4,0.37,0.33,0.43,450.0,8806.0
kalshi:BTCMAX100-24-DEC31-100000,BTCMAX100-24-DEC31-100000,KXBTCMAX100,1716782400,2024-05-27 00:00:00+00:00,0.43,0.43,0.51,0.51,0.4812,0.4,0.38,0.51,165.0,8942.0
kalshi:BTCMAX100-24-DEC31-100000,BTCMAX100-24-DEC31-100000,KXBTCMAX100,1716868800,2024-05-28 00:00:00+00:00,0.47,0.44,0.48,0.48,0.456,0.51,0.39,0.47,2021.0,10962.0
kalshi:BTCMAX100-24-DEC31-100000,BTCMAX100-24-DEC31-100000,KXBTCMAX100,1716955200,2024-05-29 00:00:00+00:00,0.4,0.38,0.42,0.42,0.3863,0.48,0.38,0.42,86.0,10973.0
kalshi:BTCMAX100-24-DEC31-100000,BTCMAX100-24-DEC31-100000,KXBTCMAX100,1717041600,2024-05-30 00:00:00+00:00,0.44,0.44,0.45,0.45,0.4469,0.42,0.38,0.51,2550.0,13523.0
kalshi:BTCMAX100-24-DEC31-100000,BTCMAX100-24-DEC31-100000,KXBTCMAX100,1717128000,2024-05-31 00:00:00+00:00,0.39,0.38,0.39,0.38,0.3865,0.45,0.38,0.45,31.0,13492.0
kalshi:BTCMAX100-24-DEC31-100000,BTCMAX100-24-DEC31-100000,KXBTCMAX100,1717214400,2024-06-01 00:00:00+00:00,,,,,,0.38,0.38,0.45,0.0,13492.0
kalshi:BTCMAX100-24-DEC31-100000,BTCMAX100-24-DEC31-100000,KXBTCMAX100,1717300800,2024-06-02 00:00:00+00:00,0.38,0.35,0.38,0.35,0.3647,0.38,0.34,0.45,143.0,13492.0
kalshi:BTCMAX100-24-DEC31-100000,BTCMAX100-24-DEC31-100000,KXBTCMAX100,1717387200,2024-06-03 00:00:00+00:00,,,,,,0.35,0.34,0.45,0.0,13492.0
kalshi:BTCMAX100-24-DEC31-100000,BTCMAX100-24-DEC31-100000,KXBTCMAX100,1717473600,2024-06-04 00:00:00+00:00,,,,,,0.35,0.35,0.43,0.0,13492.0
kalshi:BTCMAX100-24-DEC31-100000,BTCMAX100-24-DEC31-100000,KXBTCMAX100,1717560000,2024-06-05 00:00:00+00:00,0.43,0.41,0.43,0.41,0.4101,0.35,0.35,0.44,278.0,13670.0
kalshi:BTCMAX100-24-DEC31-100000,BTCMAX100-24-DEC31-100000,KXBTCMAX100,1717646400,2024-06-06 00:00:00+00:00,,,,,,0.41,0.35,0.45,0.0,13670.0
kalshi:BTCMAX100-24-DEC31-100000,BTCMAX100-24-DEC31-100000,KXBTCMAX100,1717732800,2024-06-07 00:00:00+00:00,0.39,0.33,0.39,0.33,0.3665,0.41,0.26,0.39,405.0,13921.0
kalshi:BTCMAX100-24-DEC31-100000,BTCMAX100-24-DEC31-100000,KXBTCMAX100,1717819200,2024-06-08 00:00:00+00:00,,,,,,0.33,0.26,0.39,0.0,13921.0
kalshi:BTCMAX100-24-DEC31-100000,BTCMAX100-24-DEC31-100000,KXBTCMAX100,1717992000,2024-06-10 00:00:00+00:00,0.39,0.32,0.45,0.32,0.3756,0.33,0.26,0.39,468.0,14155.0
kalshi:BTCMAX100-24-DEC31-100000,BTCMAX100-24-DEC31-100000,KXBTCMAX100,1718078400,2024-06-11 00:00:00+00:00,0.31,0.31,0.33,0.33,0.3245,0.32,0.26,0.31,5870.0,20025.0
kalshi:BTCMAX100-24-DEC31-100000,BTCMAX100-24-DEC31-100000,KXBTCMAX100,1718164800,2024-06-12 00:00:00+00:00,0.26,0.25,0.26,0.25,0.2545,0.33,0.25,0.31,484.0,20090.0
kalshi:BTCMAX100-24-DEC31-100000,BTCMAX100-24-DEC31-100000,KXBTCMAX100,1718251200,2024-06-13 00:00:00+00:00,0.31,0.31,0.31,0.31,0.31,0.25,0.25,0.33,30.0,20120.0
kalshi:BTCMAX100-24-DEC31-100000,BTCMAX100-24-DEC31-100000,KXBTCMAX100,1718337600,2024-06-14 00:00:00+00:00,0.28,0.28,0.28,0.28,0.28,0.31,0.21,0.33,145.0,20120.0
kalshi:BTCMAX100-24-DEC31-100000,BTCMAX100-24-DEC31-100000,KXBTCMAX100,1718424000,2024-06-15 00:00:00+00:00,0.28,0.28,0.28,0.28,0.28,0.28,0.28,0.29,10400.0,30520.0
kalshi:BTCMAX100-24-DEC31-100000,BTCMAX100-24-DEC31-100000,KXBTCMAX100,1718510400,2024-06-16 00:00:00+00:00,0.29,0.29,0.5,0.32,0.4066,0.28,0.28,0.41,224.0,30683.0
kalshi:BTCMAX100-24-DEC31-100000,BTCMAX100-24-DEC31-100000,KXBTCMAX100,1718596800,2024-06-17 00:00:00+00:00,,,,,,0.32,0.28,0.36,0.0,30683.0
kalshi:BTCMAX100-24-DEC31-100000,BTCMAX100-24-DEC31-100000,KXBTCMAX100,1718683200,2024-06-18 00:00:00+00:00,0.33,0.33,0.33,0.33,0.33,0.32,0.13,0.3,57.0,30740.0
kalshi:BTCMAX100-24-DEC31-100000,BTCMAX100-24-DEC31-100000,KXBTCMAX100,1718769600,2024-06-19 00:00:00+00:00,,,,,,0.33,0.22,0.3,0.0,30740.0
kalshi:BTCMAX100-24-DEC31-100000,BTCMAX100-24-DEC31-100000,KXBTCMAX100,1718856000,2024-06-20 00:00:00+00:00,0.29,0.29,0.31,0.31,0.3065,0.33,0.22,0.34,620.0,31250.0
kalshi:BTCMAX100-24-DEC31-100000,BTCMAX100-24-DEC31-100000,KXBTCMAX100,1718942400,2024-06-21 00:00:00+00:00,,,,,,0.31,0.23,0.32,0.0,31250.0
kalshi:BTCMAX100-24-DEC31-100000,BTCMAX100-24-DEC31-100000,KXBTCMAX100,1719028800,2024-06-22 00:00:00+00:00,,,,,,0.31,0.22,0.32,0.0,31250.0
kalshi:BTCMAX100-24-DEC31-100000,BTCMAX100-24-DEC31-100000,KXBTCMAX100,1719115200,2024-06-23 00:00:00+00:00,,,,,,0.31,0.22,0.31,0.0,31250.0
kalshi:BTCMAX100-24-DEC31-100000,BTCMAX100-24-DEC31-100000,KXBTCMAX100,1719201600,2024-06-24 00:00:00+00:00,0.25,0.25,0.25,0.25,0.25,0.31,0.25,0.31,20.0,31270.0
kalshi:BTCMAX100-24-DEC31-100000,BTCMAX100-24-DEC31-100000,KXBTCMAX100,1719288000,2024-06-25 00:00:00+00:00,0.3,0.3,0.3,0.3,0.3,0.25,0.25,0.28,394.0,31587.0
kalshi:BTCMAX100-24-DEC31-100000,BTCMAX100-24-DEC31-100000,KXBTCMAX100,1719374400,2024-06-26 00:00:00+00:00,0.25,0.25,0.25,0.25,0.25,0.3,0.25,0.27,320.0,31907.0
kalshi:BTCMAX100-24-DEC31-100000,BTCMAX100-24-DEC31-100000,KXBTCMAX100,1719460800,2024-06-27 00:00:00+00:00,0.25,0.25,0.25,0.25,0.25,0.25,0.25,0.28,20.0,31927.0
kalshi:BTCMAX100-24-DEC31-100000,BTCMAX100-24-DEC31-100000,KXBTCMAX100,1719547200,2024-06-28 00:00:00+00:00,0.28,0.25,0.28,0.28,0.257,0.25,0.25,0.28,1926.0,33753.0
kalshi:BTCMAX100-24-DEC31-100000,BTCMAX100-24-DEC31-100000,KXBTCMAX100,1719633600,2024-06-29 00:00:00+00:00,0.28,0.25,0.28,0.25,0.2524,0.28,0.25,0.28,285.0,34038.0
kalshi:BTCMAX100-24-DEC31-100000,BTCMAX100-24-DEC31-100000,KXBTCMAX100,1719720000,2024-06-30 00:00:00+00:00,0.25,0.25,0.25,0.25,0.25,0.25,0.25,0.28,10.0,34048.0
kalshi:BTCMAX100-24-DEC31-100000,BTCMAX100-24-DEC31-100000,KXBTCMAX100,1719806400,2024-07-01 00:00:00+00:00,0.25,0.25,0.28,0.28,0.2561,0.25,0.25,0.28,49.0,34097.0
kalshi:BTCMAX100-24-DEC31-100000,BTCMAX100-24-DEC31-100000,KXBTCMAX100,1719892800,2024-07-02 00:00:00+00:00,0.28,0.28,0.32,0.32,0.2864,0.28,0.17,0.33,2392.0,35984.0
kalshi:BTCMAX100-24-DEC31-100000,BTCMAX100-24-DEC31-100000,KXBTCMAX100,1719979200,2024-07-03 00:00:00+00:00,0.33,0.33,0.34,0.34,0.3342,0.32,0.17,0.33,59.0,36018.0
kalshi:BTCMAX100-24-DEC31-100000,BTCMAX100-24-DEC31-100000,KXBTCMAX100,1720065600,2024-07-04 00:00:00+00:00,0.17,0.13,0.17,0.13,0.1393,0.34,0.13,0.17,212.0,36230.0
kalshi:BTCMAX100-24-DEC31-100000,BTCMAX100-24-DEC31-100000,KXBTCMAX100,1720152000,2024-07-05 00:00:00+00:00,0.17,0.17,0.27,0.27,0.1971,0.13,0.13,0.27,59.0,36289.0
kalshi:BTCMAX100-24-DEC31-100000,BTCMAX100-24-DEC31-100000,KXBTCMAX100,1720238400,2024-07-06 00:00:00+00:00,0.27,0.18,0.27,0.23,0.2575,0.27,0.19,0.23,71.0,36309.0
kalshi:BTCMAX100-24-DEC31-100000,BTCMAX100-24-DEC31-100000,KXBTCMAX100,1720324800,2024-07-07 00:00:00+00:00,,,,,,0.23,0.19,0.24,0.0,36309.0
kalshi:BTCMAX100-24-DEC31-100000,BTCMAX100-24-DEC31-100000,KXBTCMAX100,1720497600,2024-07-09 00:00:00+00:00,0.19,0.19,0.24,0.24,0.2315,0.23,0.14,0.19,136.0,36321.0
kalshi:BTCMAX100-24-DEC31-100000,BTCMAX100-24-DEC31-100000,KXBTCMAX100,1720584000,2024-07-10 00:00:00+00:00,0.19,0.19,0.27,0.27,0.23,0.24,0.14,0.31,20.0,36341.0
kalshi:BTCMAX100-24-DEC31-100000,BTCMAX100-24-DEC31-100000,KXBTCMAX100,1720670400,2024-07-11 00:00:00+00:00,0.14,0.11,0.25,0.25,0.1274,0.27,0.15,0.23,600.0,36539.0
kalshi:BTCMAX100-24-DEC31-100000,BTCMAX100-24-DEC31-100000,KXBTCMAX100,1720756800,2024-07-12 00:00:00+00:00,0.2,0.2,0.2,0.2,0.2,0.25,0.2,0.23,10.0,36549.0
kalshi:BTCMAX100-24-DEC31-100000,BTCMAX100-24-DEC31-100000,KXBTCMAX100,1720843200,2024-07-13 00:00:00+00:00,0.23,0.23,0.23,0.23,0.23,0.2,0.23,0.24,40.0,36564.0
kalshi:BTCMAX100-24-DEC31-100000,BTCMAX100-24-DEC31-100000,KXBTCMAX100,1720929600,2024-07-14 00:00:00+00:00,0.24,0.23,0.25,0.23,0.2402,0.23,0.23,0.31,180.0,36706.0
kalshi:BTCMAX100-24-DEC31-100000,BTCMAX100-24-DEC31-100000,KXBTCMAX100,1721016000,2024-07-15 00:00:00+00:00,0.23,0.23,0.25,0.25,0.2493,0.23,0.25,0.31,270.0,36796.0
kalshi:BTCMAX100-24-DEC31-100000,BTCMAX100-24-DEC31-100000,KXBTCMAX100,1721102400,2024-07-16 00:00:00+00:00,0.2,0.2,0.2,0.2,0.2,0.25,0.2,0.31,20.0,36796.0
kalshi:BTCMAX100-24-DEC31-100000,BTCMAX100-24-DEC31-100000,KXBTCMAX100,1721188800,2024-07-17 00:00:00+00:00,0.2,0.16,0.31,0.31,0.1999,0.2,0.25,0.31,986.0,36796.0
kalshi:BTCMAX100-24-DEC31-100000,BTCMAX100-24-DEC31-100000,KXBTCMAX100,1721275200,2024-07-18 00:00:00+00:00,0.25,0.25,0.25,0.25,0.25,0.31,0.25,0.3,136.0,36932.0
kalshi:BTCMAX100-24-DEC31-100000,BTCMAX100-24-DEC31-100000,KXBTCMAX100,1721448000,2024-07-20 00:00:00+00:00,0.25,0.25,0.31,0.3,0.2875,0.25,0.3,0.32,2226.0,39134.0
kalshi:BTCMAX100-24-DEC31-100000,BTCMAX100-24-DEC31-100000,KXBTCMAX100,1721534400,2024-07-21 00:00:00+00:00,,,,,,0.3,0.24,0.31,0.0,39134.0
kalshi:BTCMAX100-24-DEC31-100000,BTCMAX100-24-DEC31-100000,KXBTCMAX100,1721620800,2024-07-22 00:00:00+00:00,0.24,0.23,0.24,0.23,0.2383,0.3,0.24,0.31,12.0,39134.0
kalshi:BTCMAX100-24-DEC31-100000,BTCMAX100-24-DEC31-100000,KXBTCMAX100,1721707200,2024-07-23 00:00:00+00:00,0.24,0.24,0.31,0.31,0.286,0.23,0.25,0.31,73.0,39134.0
kalshi:BTCMAX100-24-DEC31-100000,BTCMAX100-24-DEC31-100000,KXBTCMAX100,1721793600,2024-07-24 00:00:00+00:00,0.25,0.24,0.25,0.24,0.2444,0.31,0.24,0.31,57.0,39134.0
kalshi:BTCMAX100-24-DEC31-100000,BTCMAX100-24-DEC31-100000,KXBTCMAX100,1722312000,2024-07-30 00:00:00+00:00,0.31,0.31,0.39,0.39,0.3739,0.24,0.27,0.35,256.0,39378.0
kalshi:BTCMAX100-24-DEC31-100000,BTCMAX100-24-DEC31-100000,KXBTCMAX100,1722398400,2024-07-31 00:00:00+00:00,0.27,0.1,0.27,0.1,0.1931,0.39,0.17,0.29,3871.0,39467.0
kalshi:BTCMAX100-24-DEC31-100000,BTCMAX100-24-DEC31-100000,KXBTCMAX100,1722657600,2024-08-03 00:00:00+00:00,0.28,0.28,0.28,0.28,0.28,0.1,0.17,0.18,250.0,39717.0
kalshi:BTCMAX100-24-DEC31-100000,BTCMAX100-24-DEC31-100000,KXBTCMAX100,1722744000,2024-08-04 00:00:00+00:00,0.17,0.17,0.17,0.17,0.17,0.28,0.17,0.18,22.0,39717.0
kalshi:BTCMAX100-24-DEC31-100000,BTCMAX100-24-DEC31-100000,KXBTCMAX100,1722830400,2024-08-05 00:00:00+00:00,0.18,0.18,0.18,0.18,0.18,0.17,0.11,0.25,1.0,39717.0
kalshi:BTCMAX100-24-DEC31-100000,BTCMAX100-24-DEC31-100000,KXBTCMAX100,1722916800,2024-08-06 00:00:00+00:00,0.12,0.12,0.12,0.12,0.12,0.18,0.11,0.24,300.0,39717.0
kalshi:BTCMAX100-24-DEC31-100000,BTCMAX100-24-DEC31-100000,KXBTCMAX100,1723003200,2024-08-07 00:00:00+00:00,0.24,0.24,0.24,0.24,0.24,0.12,0.12,0.24,35.0,39752.0
kalshi:BTCMAX100-24-DEC31-100000,BTCMAX100-24-DEC31-100000,KXBTCMAX100,1723089600,2024-08-08 00:00:00+00:00,0.12,0.12,0.12,0.12,0.12,0.24,0.11,0.22,22.0,39754.0
kalshi:BTCMAX100-24-DEC31-100000,BTCMAX100-24-DEC31-100000,KXBTCMAX100,1723176000,2024-08-09 00:00:00+00:00,0.11,0.09,0.3,0.3,0.2403,0.12,0.1,0.23,430.0,40090.0
kalshi:BTCMAX100-24-DEC31-100000,BTCMAX100-24-DEC31-100000,KXBTCMAX100,1723348800,2024-08-11 00:00:00+00:00,0.23,0.23,0.23,0.23,0.23,0.3,0.1,0.23,12.0,40102.0
kalshi:BTCMAX100-24-DEC31-100000,BTCMAX100-24-DEC31-100000,KXBTCMAX100,1723521600,2024-08-13 00:00:00+00:00,,,,,,0.23,0.1,0.22,0.0,40102.0
kalshi:BTCMAX100-24-DEC31-100000,BTCMAX100-24-DEC31-100000,KXBTCMAX100,1723608000,2024-08-14 00:00:00+00:00,0.1,0.09,0.1,0.09,0.0967,0.23,0.09,0.21,30.0,40116.0
kalshi:BTCMAX100-24-DEC31-100000,BTCMAX100-24-DEC31-100000,KXBTCMAX100,1723694400,2024-08-15 00:00:00+00:00,,,,,,0.09,0.09,0.2,0.0,40116.0
kalshi:BTCMAX100-24-DEC31-100000,BTCMAX100-24-DEC31-100000,KXBTCMAX100,1723953600,2024-08-18 00:00:00+00:00,,,,,,0.09,0.09,0.19,0.0,40116.0
kalshi:BTCMAX100-24-DEC31-100000,BTCMAX100-24-DEC31-100000,KXBTCMAX100,1724040000,2024-08-19 00:00:00+00:00,0.19,0.12,0.23,0.12,0.1877,0.09,0.09,0.22,381.0,40477.0
kalshi:BTCMAX100-24-DEC31-100000,BTCMAX100-24-DEC31-100000,KXBTCMAX100,1724126400,2024-08-20 00:00:00+00:00,,,,,,0.12,0.1,0.23,0.0,40477.0
kalshi:BTCMAX100-24-DEC31-100000,BTCMAX100-24-DEC31-100000,KXBTCMAX100,1724212800,2024-08-21 00:00:00+00:00,,,,,,0.12,0.14,0.2,0.0,40477.0
kalshi:BTCMAX100-24-DEC31-100000,BTCMAX100-24-DEC31-100000,KXBTCMAX100,1724385600,2024-08-23 00:00:00+00:00,0.14,0.14,0.19,0.19,0.1723,0.12,0.14,0.2,31.0,40508.0
kalshi:BTCMAX100-24-DEC31-100000,BTCMAX100-24-DEC31-100000,KXBTCMAX100,1724472000,2024-08-24 00:00:00+00:00,,,,,,0.19,0.15,0.2,0.0,40508.0
kalshi:BTCMAX100-24-DEC31-100000,BTCMAX100-24-DEC31-100000,KXBTCMAX100,1724558400,2024-08-25 00:00:00+00:00,0.2,0.2,0.21,0.21,0.2098,0.19,0.15,0.23,205.0,40703.0
kalshi:BTCMAX100-24-DEC31-100000,BTCMAX100-24-DEC31-100000,KXBTCMAX100,1724644800,2024-08-26 00:00:00+00:00,,,,,,0.21,0.15,0.22,0.0,40703.0
kalshi:BTCMAX100-24-DEC31-100000,BTCMAX100-24-DEC31-100000,KXBTCMAX100,1724817600,2024-08-28 00:00:00+00:00,,,,,,0.21,0.15,0.23,0.0,40703.0
kalshi:BTCMAX100-24-DEC31-100000,BTCMAX100-24-DEC31-100000,KXBTCMAX100,1724904000,2024-08-29 00:00:00+00:00,0.15,0.09,0.15,0.14,0.1201,0.21,0.08,0.14,791.0,41055.0
kalshi:BTCMAX100-24-DEC31-100000,BTCMAX100-24-DEC31-100000,KXBTCMAX100,1724990400,2024-08-30 00:00:00+00:00,0.14,0.08,0.14,0.08,0.1197,0.14,0.08,0.14,118.0,41095.0
kalshi:BTCMAX100-24-DEC31-100000,BTCMAX100-24-DEC31-100000,KXBTCMAX100,1725336000,2024-09-03 00:00:00+00:00,0.08,0.08,0.08,0.08,0.08,0.08,0.07,0.13,100.0,41195.0
kalshi:BTCMAX100-24-DEC31-100000,BTCMAX100-24-DEC31-100000,KXBTCMAX100,1725422400,2024-09-04 00:00:00+00:00,0.13,0.13,0.13,0.13,0.13,0.08,0.08,0.13,72.0,41195.0
kalshi:BTCMAX100-24-DEC31-100000,BTCMAX100-24-DEC31-100000,KXBTCMAX100,1725595200,2024-09-06 00:00:00+00:00,0.08,0.08,0.12,0.12,0.0852,0.13,0.07,0.12,115.0,41310.0
kalshi:BTCMAX100-24-DEC31-100000,BTCMAX100-24-DEC31-100000,KXBTCMAX100,1725681600,2024-09-07 00:00:00+00:00,0.11,0.11,0.12,0.12,0.1194,0.12,0.08,0.13,303.0,41613.0
kalshi:BTCMAX100-24-DEC31-100000,BTCMAX100-24-DEC31-100000,KXBTCMAX100,1725940800,2024-09-10 00:00:00+00:00,0.08,0.08,0.08,0.08,0.08,0.12,0.07,0.13,18.0,41613.0
kalshi:BTCMAX100-24-DEC31-100000,BTCMAX100-24-DEC31-100000,KXBTCMAX100,1726027200,2024-09-11 00:00:00+00:00,0.13,0.13,0.22,0.22,0.1639,0.08,0.07,0.22,576.0,41948.0
kalshi:BTCMAX100-24-DEC31-100000,BTCMAX100-24-DEC31-100000,KXBTCMAX100,1726113600,2024-09-12 00:00:00+00:00,,,,,,0.22,0.08,0.22,0.0,41948.0
kalshi:BTCMAX100-24-DEC31-100000,BTCMAX100-24-DEC31-100000,KXBTCMAX100,1726200000,2024-09-13 00:00:00+00:00,0.21,0.07,0.21,0.21,0.1199,0.22,0.11,0.21,434.0,41901.0
kalshi:BTCMAX100-24-DEC31-100000,BTCMAX100-24-DEC31-100000,KXBTCMAX100,1726286400,2024-09-14 00:00:00+00:00,,,,,,0.21,0.12,0.21,0.0,41901.0
kalshi:BTCMAX100-24-DEC31-100000,BTCMAX100-24-DEC31-100000,KXBTCMAX100,1726372800,2024-09-15 00:00:00+00:00,,,,,,0.21,0.12,0.21,0.0,41901.0
kalshi:BTCMAX100-24-DEC31-100000,BTCMAX100-24-DEC31-100000,KXBTCMAX100,1726459200,2024-09-16 00:00:00+00:00,,,,,,0.21,0.12,0.23,0.0,41901.0
kalshi:BTCMAX100-24-DEC31-100000,BTCMAX100-24-DEC31-100000,KXBTCMAX100,1726545600,2024-09-17 00:00:00+00:00,0.12,0.11,0.12,0.11,0.1138,0.21,0.12,0.17,181.0,41901.0
kalshi:BTCMAX100-24-DEC31-100000,BTCMAX100-24-DEC31-100000,KXBTCMAX100,1726632000,2024-09-18 00:00:00+00:00,0.17,0.1,0.17,0.1,0.1339,0.11,0.1,0.17,94.0,41917.0
kalshi:BTCMAX100-24-DEC31-100000,BTCMAX100-24-DEC31-100000,KXBTCMAX100,1726718400,2024-09-19 00:00:00+00:00,0.1,0.09,0.17,0.09,0.109,0.1,0.09,0.17,790.0,42654.0
kalshi:BTCMAX100-24-DEC31-100000,BTCMAX100-24-DEC31-100000,KXBTCMAX100,1726804800,2024-09-20 00:00:00+00:00,0.09,0.07,0.09,0.07,0.0878,0.09,0.07,0.14,63.0,42661.0
kalshi:BTCMAX100-24-DEC31-100000,BTCMAX100-24-DEC31-100000,KXBTCMAX100,1726891200,2024-09-21 00:00:00+00:00,,,,,,0.07,0.08,0.14,0.0,42661.0
kalshi:BTCMAX100-24-DEC31-100000,BTCMAX100-24-DEC31-100000,KXBTCMAX100,1726977600,2024-09-22 00:00:00+00:00,0.09,0.09,0.14,0.14,0.1369,0.07,0.09,0.15,320.0,42981.0
kalshi:BTCMAX100-24-DEC31-100000,BTCMAX100-24-DEC31-100000,KXBTCMAX100,1727064000,2024-09-23 00:00:00+00:00,0.15,0.15,0.16,0.16,0.1545,0.14,0.07,0.16,122.0,43037.0
kalshi:BTCMAX100-24-DEC31-100000,BTCMAX100-24-DEC31-100000,KXBTCMAX100,1727150400,2024-09-24 00:00:00+00:00,,,,,,0.16,0.07,0.16,0.0,43037.0
kalshi:BTCMAX100-24-DEC31-100000,BTCMAX100-24-DEC31-100000,KXBTCMAX100,1727323200,2024-09-26 00:00:00+00:00,,,,,,0.16,0.07,0.15,0.0,43037.0
kalshi:BTCMAX100-24-DEC31-100000,BTCMAX100-24-DEC31-100000,KXBTCMAX100,1727409600,2024-09-27 00:00:00+00:00,0.15,0.15,0.15,0.15,0.15,0.16,0.07,0.14,62.0,43099.0
kalshi:BTCMAX100-24-DEC31-100000,BTCMAX100-24-DEC31-100000,KXBTCMAX100,1727582400,2024-09-29 00:00:00+00:00,0.13,0.13,0.14,0.14,0.1329,0.15,0.07,0.14,14.0,43113.0
kalshi:BTCMAX100-24-DEC31-100000,BTCMAX100-24-DEC31-100000,KXBTCMAX100,1727668800,2024-09-30 00:00:00+00:00,,,,,,0.14,0.08,0.13,0.0,43113.0
kalshi:BTCMAX100-24-DEC31-100000,BTCMAX100-24-DEC31-100000,KXBTCMAX100,1727755200,2024-10-01 00:00:00+00:00,0.08,0.08,0.14,0.14,0.132,0.14,0.08,0.13,15.0,43126.0
kalshi:BTCMAX100-24-DEC31-100000,BTCMAX100-24-DEC31-100000,KXBTCMAX100,1727841600,2024-10-02 00:00:00+00:00,0.13,0.13,0.14,0.14,0.1361,0.14,0.08,0.14,69.0,43195.0
kalshi:BTCMAX100-24-DEC31-100000,BTCMAX100-24-DEC31-100000,KXBTCMAX100,1727928000,2024-10-03 00:00:00+00:00,0.08,0.03,0.08,0.04,0.0559,0.14,0.03,0.04,1000.0,44080.0
kalshi:BTCMAX100-24-DEC31-100000,BTCMAX100-24-DEC31-100000,KXBTCMAX100,1728014400,2024-10-04 00:00:00+00:00,0.04,0.04,0.06,0.06,0.0559,0.04,0.03,0.06,650.0,44100.0
kalshi:BTCMAX100-24-DEC31-100000,BTCMAX100-24-DEC31-100000,KXBTCMAX100,1728100800,2024-10-05 00:00:00+00:00,0.06,0.06,0.06,0.06,0.06,0.06,0.05,0.08,79.0,44110.0
kalshi:BTCMAX100-24-DEC31-100000,BTCMAX100-24-DEC31-100000,KXBTCMAX100,1728273600,2024-10-07 00:00:00+00:00,0.08,0.08,0.08,0.08,0.08,0.06,0.06,0.08,11.0,44110.0
kalshi:BTCMAX100-24-DEC31-100000,BTCMAX100-24-DEC31-100000,KXBTCMAX100,1728360000,2024-10-08 00:00:00+00:00,0.06,0.05,0.06,0.05,0.0595,0.08,0.05,0.08,316.0,44110.0
kalshi:BTCMAX100-24-DEC31-100000,BTCMAX100-24-DEC31-100000,KXBTCMAX100,1728446400,2024-10-09 00:00:00+00:00,0.05,0.05,0.05,0.05,0.05,0.05,0.05,0.08,11.0,44099.0
kalshi:BTCMAX100-24-DEC31-100000,BTCMAX100-24-DEC31-100000,KXBTCMAX100,1728532800,2024-10-10 00:00:00+00:00,0.05,0.05,0.05,0.05,0.05,0.05,0.05,0.08,26.0,44099.0
kalshi:BTCMAX100-24-DEC31-100000,BTCMAX100-24-DEC31-100000,KXBTCMAX100,1728792000,2024-10-13 00:00:00+00:00,0.08,0.08,0.12,0.12,0.1026,0.05,0.06,0.11,1008.0,44794.0
kalshi:BTCMAX100-24-DEC31-100000,BTCMAX100-24-DEC31-100000,KXBTCMAX100,1728878400,2024-10-14 00:00:00+00:00,,,,,,0.12,0.06,0.1,0.0,44794.0
kalshi:BTCMAX100-24-DEC31-100000,BTCMAX100-24-DEC31-100000,KXBTCMAX100,1728964800,2024-10-15 00:00:00+00:00,0.07,0.07,0.07,0.07,0.07,0.12,0.07,0.08,107.0,44901.0
kalshi:BTCMAX100-24-DEC31-100000,BTCMAX100-24-DEC31-100000,KXBTCMAX100,1729051200,2024-10-16 00:00:00+00:00,0.08,0.07,0.11,0.11,0.1,0.07,0.07,0.12,513.0,45403.0
kalshi:BTCMAX100-24-DEC31-100000,BTCMAX100-24-DEC31-100000,KXBTCMAX100,1729137600,2024-10-17 00:00:00+00:00,0.12,0.12,0.17,0.12,0.1258,0.11,0.12,0.15,2019.0,46680.0
kalshi:BTCMAX100-24-DEC31-100000,BTCMAX100-24-DEC31-100000,KXBTCMAX100,1729224000,2024-10-18 00:00:00+00:00,0.12,0.12,0.16,0.16,0.1563,0.12,0.12,0.17,162.0,46842.0
kalshi:BTCMAX100-24-DEC31-100000,BTCMAX100-24-DEC31-100000,KXBTCMAX100,1729310400,2024-10-19 00:00:00+00:00,0.17,0.12,0.23,0.2,0.1795,0.16,0.13,0.21,3363.0,50150.0
kalshi:BTCMAX100-24-DEC31-100000,BTCMAX100-24-DEC31-100000,KXBTCMAX100,1729396800,2024-10-20 00:00:00+00:00,0.13,0.12,0.13,0.12,0.1204,0.2,0.12,0.25,1015.0,51122.0
kalshi:BTCMAX100-24-DEC31-100000,BTCMAX100-24-DEC31-100000,KXBTCMAX100,1729483200,2024-10-21 00:00:00+00:00,0.13,0.12,0.23,0.15,0.1371,0.12,0.14,0.24,180.0,51279.0
kalshi:BTCMAX100-24-DEC31-100000,BTCMAX100-24-DEC31-100000,KXBTCMAX100,1729569600,2024-10-22 00:00:00+00:00,0.16,0.14,0.16,0.14,0.1433,0.15,0.12,0.17,60.0,51339.0
kalshi:BTCMAX100-24-DEC31-100000,BTCMAX100-24-DEC31-100000,KXBTCMAX100,1729656000,2024-10-23 00:00:00+00:00,,,,,,0.14,0.13,0.16,0.0,51339.0
kalshi:BTCMAX100-24-DEC31-100000,BTCMAX100-24-DEC31-100000,KXBTCMAX100,1729742400,2024-10-24 00:00:00+00:00,0.13,0.12,0.13,0.12,0.1222,0.14,0.12,0.16,112.0,51451.0
kalshi:BTCMAX100-24-DEC31-100000,BTCMAX100-24-DEC31-100000,KXBTCMAX100,1729828800,2024-10-25 00:00:00+00:00,0.13,0.13,0.13,0.13,0.13,0.12,0.13,0.16,117.0,51451.0
kalshi:BTCMAX100-24-DEC31-100000,BTCMAX100-24-DEC31-100000,KXBTCMAX100,1729915200,2024-10-26 00:00:00+00:00,0.13,0.13,0.13,0.13,0.13,0.13,0.13,0.16,13.0,51464.0
kalshi:BTCMAX100-24-DEC31-100000,BTCMAX100-24-DEC31-100000,KXBTCMAX100,1730001600,2024-10-27 00:00:00+00:00,0.16,0.16,0.17,0.17,0.1682,0.13,0.13,0.18,56.0,51520.0
kalshi:BTCMAX100-24-DEC31-100000,BTCMAX100-24-DEC31-100000,KXBTCMAX100,1730088000,2024-10-28 00:00:00+00:00,0.13,0.1,0.13,0.1,0.1058,0.17,0.1,0.17,48.0,51481.0
kalshi:BTCMAX100-24-DEC31-100000,BTCMAX100-24-DEC31-100000,KXBTCMAX100,1730174400,2024-10-29 00:00:00+00:00,0.1,0.07,0.17,0.17,0.119,0.1,0.1,0.17,357.0,51628.0
kalshi:BTCMAX100-24-DEC31-100000,BTCMAX100-24-DEC31-100000,KXBTCMAX100,1730260800,2024-10-30 00:00:00+00:00,0.17,0.17,0.18,0.17,0.1794,0.17,0.11,0.17,318.0,51946.0
kalshi:BTCMAX100-24-DEC31-100000,BTCMAX100-24-DEC31-100000,KXBTCMAX100,1730347200,2024-10-31 00:00:00+00:00,0.15,0.15,0.23,0.23,0.213,0.17,0.12,0.19,1476.0,51944.0
kalshi:BTCMAX100-24-DEC31-100000,BTCMAX100-24-DEC31-100000,KXBTCMAX100,1730433600,2024-11-01 00:00:00+00:00,0.18,0.18,0.18,0.18,0.18,0.23,0.12,0.18,1.0,51945.0
kalshi:BTCMAX100-24-DEC31-100000,BTCMAX100-24-DEC31-100000,KXBTCMAX100,1730520000,2024-11-02 00:00:00+00:00,0.11,0.1,0.11,0.1,0.1002,0.18,0.1,0.13,798.0,51945.0
kalshi:BTCMAX100-24-DEC31-100000,BTCMAX100-24-DEC31-100000,KXBTCMAX100,1730606400,2024-11-03 00:00:00+00:00,0.12,0.1,0.13,0.1,0.1197,0.1,0.1,0.13,324.0,51945.0
kalshi:BTCMAX100-24-DEC31-100000,BTCMAX100-24-DEC31-100000,KXBTCMAX100,1730692800,2024-11-04 00:00:00+00:00,0.1,0.1,0.1,0.1,0.1,0.1,0.1,0.13,100.0,51945.0
kalshi:BTCMAX100-24-DEC31-100000,BTCMAX100-24-DEC31-100000,KXBTCMAX100,1730782800,2024-11-05 00:00:00+00:00,,,,,,0.1,0.1,0.12,0.0,51945.0
kalshi:BTCMAX100-24-DEC31-100000,BTCMAX100-24-DEC31-100000,KXBTCMAX100,1730869200,2024-11-06 00:00:00+00:00,0.12,0.1,0.13,0.1,0.1279,0.1,0.1,0.12,259.0,52199.0
kalshi:BTCMAX100-24-DEC31-100000,BTCMAX100-24-DEC31-100000,KXBTCMAX100,1730955600,2024-11-07 00:00:00+00:00,0.13,0.13,0.24,0.24,0.19,0.1,0.17,0.24,380.0,52484.0
kalshi:BTCMAX100-24-DEC31-100000,BTCMAX100-24-DEC31-100000,KXBTCMAX100,1731042000,2024-11-08 00:00:00+00:00,0.2,0.17,0.32,0.19,0.2722,0.24,0.19,0.28,830.0,53122.0
kalshi:BTCMAX100-24-DEC31-100000,BTCMAX100-24-DEC31-100000,KXBTCMAX100,1731128400,2024-11-09 00:00:00+00:00,,,,,,0.19,0.18,0.22,0.0,53122.0
kalshi:BTCMAX100-24-DEC31-100000,BTCMAX100-24-DEC31-100000,KXBTCMAX100,1731214800,2024-11-10 00:00:00+00:00,0.18,0.18,0.18,0.18,0.18,0.19,0.17,0.22,50.0,53122.0
kalshi:BTCMAX100-24-DEC31-100000,BTCMAX100-24-DEC31-100000,KXBTCMAX100,1731301200,2024-11-11 00:00:00+00:00,0.22,0.22,0.35,0.35,0.3353,0.18,0.27,0.34,711.0,53757.0
kalshi:BTCMAX100-24-DEC31-100000,BTCMAX100-24-DEC31-100000,KXBTCMAX100,1731387600,2024-11-12 00:00:00+00:00,0.34,0.33,0.75,0.64,0.5229,0.35,0.57,0.63,8506.0,57732.0
kalshi:BTCMAX100-24-DEC31-100000,BTCMAX100-24-DEC31-100000,KXBTCMAX100,1731474000,2024-11-13 00:00:00+00:00,0.57,0.54,0.76,0.66,0.653,0.64,0.58,0.65,4700.0,58613.0
kalshi:BTCMAX100-24-DEC31-100000,BTCMAX100-24-DEC31-100000,KXBTCMAX100,1731560400,2024-11-14 00:00:00+00:00,0.59,0.55,0.75,0.75,0.7343,0.66,0.67,0.75,3914.0,55387.0
kalshi:BTCMAX100-24-DEC31-100000,BTCMAX100-24-DEC31-100000,KXBTCMAX100,1731646800,2024-11-15 00:00:00+00:00,0.72,0.63,0.73,0.73,0.6696,0.75,0.61,0.72,239.0,55245.0
kalshi:BTCMAX100-24-DEC31-100000,BTCMAX100-24-DEC31-100000,KXBTCMAX100,1731733200,2024-11-16 00:00:00+00:00,0.6,0.6,0.6,0.6,0.6,0.73,0.0,1.0,48.0,55197.0
kalshi:BTCMAX100-24-DEC31-100000,BTCMAX100-24-DEC31-100000,KXBTCMAX100,1731819600,2024-11-17 00:00:00+00:00,0.67,0.47,0.67,0.52,0.6096,0.6,0.51,0.64,9193.0,63399.0
kalshi:BTCMAX100-24-DEC31-100000,BTCMAX100-24-DEC31-100000,KXBTCMAX100,1731906000,2024-11-18 00:00:00+00:00,0.61,0.47,0.66,0.64,0.5994,0.52,0.57,0.65,2336.0,64806.0
kalshi:BTCMAX100-24-DEC31-100000,BTCMAX100-24-DEC31-100000,KXBTCMAX100,1731992400,2024-11-19 00:00:00+00:00,0.64,0.56,0.7,0.7,0.6437,0.64,0.59,0.68,3602.0,66878.0
kalshi:BTCMAX100-24-DEC31-100000,BTCMAX100-24-DEC31-100000,KXBTCMAX100,1732078800,2024-11-20 00:00:00+00:00,0.68,0.59,0.77,0.74,0.6893,0.7,0.64,0.74,4214.0,68956.0
kalshi:BTCMAX100-24-DEC31-100000,BTCMAX100-24-DEC31-100000,KXBTCMAX100,1732165200,2024-11-21 00:00:00+00:00,0.73,0.66,0.9,0.89,0.7829,0.74,0.84,0.9,10353.0,72182.0
kalshi:BTCMAX100-24-DEC31-100000,BTCMAX100-24-DEC31-100000,KXBTCMAX100,1732251600,2024-11-22 00:00:00+00:00,0.9,0.67,0.95,0.92,0.9137,0.89,0.92,0.94,22015.0,84045.0
kalshi:BTCMAX100-24-DEC31-100000,BTCMAX100-24-DEC31-100000,KXBTCMAX100,1732338000,2024-11-23 00:00:00+00:00,0.9,0.82,0.95,0.85,0.9125,0.92,0.85,0.91,27505.0,94133.0
kalshi:BTCMAX100-24-DEC31-100000,BTCMAX100-24-DEC31-100000,KXBTCMAX100,1732424400,2024-11-24 00:00:00+00:00,0.91,0.78,0.92,0.85,0.8187,0.85,0.82,0.85,23194.0,102237.0
kalshi:BTCMAX100-24-DEC31-100000,BTCMAX100-24-DEC31-100000,KXBTCMAX100,1732510800,2024-11-25 00:00:00+00:00,0.86,0.64,0.93,0.8,0.7718,0.85,0.79,0.8,28717.0,112828.0
kalshi:BTCMAX100-24-DEC31-100000,BTCMAX100-24-DEC31-100000,KXBTCMAX100,1732597200,2024-11-26 00:00:00+00:00,0.8,0.55,0.89,0.73,0.7107,0.8,0.69,0.73,58063.0,130283.0
kalshi:BTCMAX100-24-DEC31-100000,BTCMAX100-24-DEC31-100000,KXBTCMAX100,1732683600,2024-11-27 00:00:00+00:00,0.7,0.5,0.75,0.59,0.5724,0.73,0.57,0.59,64924.0,156416.0
kalshi:BTCMAX100-24-DEC31-100000,BTCMAX100-24-DEC31-100000,KXBTCMAX100,1732770000,2024-11-28 00:00:00+00:00,0.59,0.55,0.78,0.72,0.7085,0.59,0.71,0.72,27996.0,168075.0
kalshi:BTCMAX100-24-DEC31-100000,BTCMAX100-24-DEC31-100000,KXBTCMAX100,1732856400,2024-11-29 00:00:00+00:00,0.71,0.63,0.74,0.69,0.6889,0.72,0.69,0.72,12393.0,173764.0
kalshi:BTCMAX100-24-DEC31-100000,BTCMAX100-24-DEC31-100000,KXBTCMAX100,1732942800,2024-11-30 00:00:00+00:00,0.72,0.69,0.85,0.71,0.7682,0.69,0.71,0.74,39420.0,186330.0
kalshi:BTCMAX100-24-DEC31-100000,BTCMAX100-24-DEC31-100000,KXBTCMAX100,1733029200,2024-12-01 00:00:00+00:00,0.71,0.62,0.76,0.71,0.6905,0.71,0.68,0.71,46855.0,211899.0
kalshi:BTCMAX100-24-DEC31-100000,BTCMAX100-24-DEC31-100000,KXBTCMAX100,1733115600,2024-12-02 00:00:00+00:00,0.7,0.61,0.81,0.72,0.7423,0.71,0.72,0.76,78485.0,240241.0
kalshi:BTCMAX100-24-DEC31-100000,BTCMAX100-24-DEC31-100000,KXBTCMAX100,1733202000,2024-12-03 00:00:00+00:00,0.72,0.62,0.77,0.65,0.681,0.72,0.66,0.68,74510.0,262376.0
kalshi:BTCMAX100-24-DEC31-100000,BTCMAX100-24-DEC31-100000,KXBTCMAX100,1733288400,2024-12-04 00:00:00+00:00,0.66,0.54,0.69,0.64,0.6292,0.65,0.63,0.65,66718.0,284106.0
kalshi:BTCMAX100-24-JUL31-100000,BTCMAX100-24-JUL31-100000,KXBTCMAX100,1710820800,2024-03-19 00:00:00+00:00,0.34,0.28,0.34,0.28,0.2803,,0.19,0.24,201.0,200.0
kalshi:BTCMAX100-24-JUL31-100000,BTCMAX100-24-JUL31-100000,KXBTCMAX100,1710907200,2024-03-20 00:00:00+00:00,,,,,,0.28,0.23,0.26,0.0,200.0
kalshi:BTCMAX100-24-JUL31-100000,BTCMAX100-24-JUL31-100000,KXBTCMAX100,1710993600,2024-03-21 00:00:00+00:00,,,,,,0.28,0.25,0.26,0.0,200.0
kalshi:BTCMAX100-24-JUL31-100000,BTCMAX100-24-JUL31-100000,KXBTCMAX100,1711080000,2024-03-22 00:00:00+00:00,0.26,0.26,0.33,0.33,0.3196,0.28,0.2,0.97,135.0,220.0
kalshi:BTCMAX100-24-JUL31-100000,BTCMAX100-24-JUL31-100000,KXBTCMAX100,1711166400,2024-03-23 00:00:00+00:00,0.25,0.25,0.25,0.25,0.25,0.33,0.23,0.28,80.0,300.0
kalshi:BTCMAX100-24-JUL31-100000,BTCMAX100-24-JUL31-100000,KXBTCMAX100,1711252800,2024-03-24 00:00:00+00:00,,,,,,0.25,0.25,0.3,0.0,300.0
kalshi:BTCMAX100-24-JUL31-100000,BTCMAX100-24-JUL31-100000,KXBTCMAX100,1711339200,2024-03-25 00:00:00+00:00,0.3,0.3,0.3,0.3,0.3,0.25,0.27,0.79,111.0,310.0
kalshi:BTCMAX100-24-JUL31-100000,BTCMAX100-24-JUL31-100000,KXBTCMAX100,1711425600,2024-03-26 00:00:00+00:00,0.31,0.31,0.31,0.31,0.31,0.3,0.28,0.32,30.0,310.0
kalshi:BTCMAX100-24-JUL31-100000,BTCMAX100-24-JUL31-100000,KXBTCMAX100,1711512000,2024-03-27 00:00:00+00:00,,,,,,0.31,0.36,0.42,0.0,310.0
kalshi:BTCMAX100-24-JUL31-100000,BTCMAX100-24-JUL31-100000,KXBTCMAX100,1711598400,2024-03-28 00:00:00+00:00,,,,,,0.31,0.39,0.41,0.0,310.0
kalshi:BTCMAX100-24-JUL31-100000,BTCMAX100-24-JUL31-100000,KXBTCMAX100,1711684800,2024-03-29 00:00:00+00:00,,,,,,0.31,0.38,0.4,0.0,310.0
kalshi:BTCMAX100-24-JUL31-100000,BTCMAX100-24-JUL31-100000,KXBTCMAX100,1711771200,2024-03-30 00:00:00+00:00,,,,,,0.31,0.36,0.42,0.0,310.0
kalshi:BTCMAX100-24-JUL31-100000,BTCMAX100-24-JUL31-100000,KXBTCMAX100,1711944000,2024-04-01 00:00:00+00:00,0.42,0.42,0.42,0.42,0.42,0.31,0.36,0.42,8.0,318.0
kalshi:BTCMAX100-24-JUL31-100000,BTCMAX100-24-JUL31-100000,KXBTCMAX100,1712030400,2024-04-02 00:00:00+00:00,,,,,,0.42,0.29,0.33,0.0,318.0
kalshi:BTCMAX100-24-JUL31-100000,BTCMAX100-24-JUL31-100000,KXBTCMAX100,1712116800,2024-04-03 00:00:00+00:00,0.29,0.25,0.29,0.26,0.2556,0.42,0.24,0.27,90.0,388.0
kalshi:BTCMAX100-24-JUL31-100000,BTCMAX100-24-JUL31-100000,KXBTCMAX100,1712203200,2024-04-04 00:00:00+00:00,0.27,0.23,0.27,0.24,0.2413,0.26,0.23,0.25,80.0,368.0
kalshi:BTCMAX100-24-JUL31-100000,BTCMAX100-24-JUL31-100000,KXBTCMAX100,1712289600,2024-04-05 00:00:00+00:00,0.26,0.26,0.29,0.29,0.28,0.24,0.2,0.32,60.0,348.0
kalshi:BTCMAX100-24-JUL31-100000,BTCMAX100-24-JUL31-100000,KXBTCMAX100,1712376000,2024-04-06 00:00:00+00:00,,,,,,0.29,0.22,0.32,0.0,348.0
kalshi:BTCMAX100-24-JUL31-100000,BTCMAX100-24-JUL31-100000,KXBTCMAX100,1712462400,2024-04-07 00:00:00+00:00,0.26,0.26,0.27,0.27,0.2698,0.29,0.25,0.28,410.0,758.0
kalshi:BTCMAX100-24-JUL31-100000,BTCMAX100-24-JUL31-100000,KXBTCMAX100,1712548800,2024-04-08 00:00:00+00:00,0.28,0.28,0.28,0.28,0.28,0.27,0.26,0.3,10.0,768.0
kalshi:BTCMAX100-24-JUL31-100000,BTCMAX100-24-JUL31-100000,KXBTCMAX100,1712635200,2024-04-09 00:00:00+00:00,,,,,,0.28,0.28,0.34,0.0,768.0
kalshi:BTCMAX100-24-JUL31-100000,BTCMAX100-24-JUL31-100000,KXBTCMAX100,1712721600,2024-04-10 00:00:00+00:00,,,,,,0.28,0.26,0.29,0.0,768.0
kalshi:BTCMAX100-24-JUL31-100000,BTCMAX100-24-JUL31-100000,KXBTCMAX100,1712808000,2024-04-11 00:00:00+00:00,0.26,0.26,0.29,0.29,0.2886,0.28,0.2,0.34,210.0,958.0
kalshi:BTCMAX100-24-JUL31-100000,BTCMAX100-24-JUL31-100000,KXBTCMAX100,1712894400,2024-04-12 00:00:00+00:00,0.28,0.28,0.31,0.31,0.3099,0.29,0.26,0.34,301.0,958.0
kalshi:BTCMAX100-24-JUL31-100000,BTCMAX100-24-JUL31-100000,KXBTCMAX100,1712980800,2024-04-13 00:00:00+00:00,0.26,0.26,0.26,0.26,0.26,0.31,0.2,0.34,10.0,948.0
kalshi:BTCMAX100-24-JUL31-100000,BTCMAX100-24-JUL31-100000,KXBTCMAX100,1713067200,2024-04-14 00:00:00+00:00,0.2,0.18,0.2,0.18,0.188,0.26,0.15,0.34,25.0,948.0
kalshi:BTCMAX100-24-JUL31-100000,BTCMAX100-24-JUL31-100000,KXBTCMAX100,1713153600,2024-04-15 00:00:00+00:00,0.19,0.19,0.19,0.19,0.19,0.18,0.16,0.34,100.0,1048.0
kalshi:BTCMAX100-24-JUL31-100000,BTCMAX100-24-JUL31-100000,KXBTCMAX100,1713240000,2024-04-16 00:00:00+00:00,,,,,,0.19,0.15,0.21,0.0,1048.0
kalshi:BTCMAX100-24-JUL31-100000,BTCMAX100-24-JUL31-100000,KXBTCMAX100,1713326400,2024-04-17 00:00:00+00:00,,,,,,0.19,0.15,0.23,0.0,1048.0
kalshi:BTCMAX100-24-JUL31-100000,BTCMAX100-24-JUL31-100000,KXBTCMAX100,1713412800,2024-04-18 00:00:00+00:00,0.15,0.15,0.16,0.16,0.1576,0.19,0.13,0.18,633.0,1222.0
kalshi:BTCMAX100-24-JUL31-100000,BTCMAX100-24-JUL31-100000,KXBTCMAX100,1713499200,2024-04-19 00:00:00+00:00,0.18,0.16,0.18,0.16,0.161,0.16,0.1,0.26,525.0,1548.0
kalshi:BTCMAX100-24-JUL31-100000,BTCMAX100-24-JUL31-100000,KXBTCMAX100,1713585600,2024-04-20 00:00:00+00:00,,,,,,0.16,0.13,0.22,0.0,1548.0
kalshi:BTCMAX100-24-JUL31-100000,BTCMAX100-24-JUL31-100000,KXBTCMAX100,1713672000,2024-04-21 00:00:00+00:00,,,,,,0.16,0.1,0.26,0.0,1548.0
kalshi:BTCMAX100-24-JUL31-100000,BTCMAX100-24-JUL31-100000,KXBTCMAX100,1713758400,2024-04-22 00:00:00+00:00,,,,,,0.16,0.16,0.26,0.0,1548.0
kalshi:BTCMAX100-24-JUL31-100000,BTCMAX100-24-JUL31-100000,KXBTCMAX100,1713844800,2024-04-23 00:00:00+00:00,0.21,0.21,0.21,0.21,0.21,0.16,0.17,0.25,15.0,1563.0
kalshi:BTCMAX100-24-JUL31-100000,BTCMAX100-24-JUL31-100000,KXBTCMAX100,1713931200,2024-04-24 00:00:00+00:00,,,,,,0.21,0.17,0.25,0.0,1563.0
kalshi:BTCMAX100-24-JUL31-100000,BTCMAX100-24-JUL31-100000,KXBTCMAX100,1714017600,2024-04-25 00:00:00+00:00,,,,,,0.21,0.12,0.21,0.0,1563.0
kalshi:BTCMAX100-24-JUL31-100000,BTCMAX100-24-JUL31-100000,KXBTCMAX100,1714104000,2024-04-26 00:00:00+00:00,,,,,,0.21,0.1,0.26,0.0,1563.0
kalshi:BTCMAX100-24-JUL31-100000,BTCMAX100-24-JUL31-100000,KXBTCMAX100,1714190400,2024-04-27 00:00:00+00:00,0.15,0.15,0.15,0.15,0.15,0.21,0.11,0.18,11.0,1574.0
kalshi:BTCMAX100-24-JUL31-100000,BTCMAX100-24-JUL31-100000,KXBTCMAX100,1714276800,2024-04-28 00:00:00+00:00,,,,,,0.15,0.12,0.26,0.0,1574.0
kalshi:BTCMAX100-24-JUL31-100000,BTCMAX100-24-JUL31-100000,KXBTCMAX100,1714363200,2024-04-29 00:00:00+00:00,,,,,,0.15,0.1,0.17,0.0,1574.0
kalshi:BTCMAX100-24-JUL31-100000,BTCMAX100-24-JUL31-100000,KXBTCMAX100,1714449600,2024-04-30 00:00:00+00:00,,,,,,0.15,0.12,0.18,0.0,1574.0
kalshi:BTCMAX100-24-JUL31-100000,BTCMAX100-24-JUL31-100000,KXBTCMAX100,1714536000,2024-05-01 00:00:00+00:00,0.1,0.1,0.1,0.1,0.1,0.15,0.07,0.12,70.0,1574.0
kalshi:BTCMAX100-24-JUL31-100000,BTCMAX100-24-JUL31-100000,KXBTCMAX100,1714622400,2024-05-02 00:00:00+00:00,0.06,0.06,0.06,0.06,0.06,0.1,0.05,0.09,1.0,1575.0
kalshi:BTCMAX100-24-JUL31-100000,BTCMAX100-24-JUL31-100000,KXBTCMAX100,1714708800,2024-05-03 00:00:00+00:00,0.08,0.08,0.08,0.08,0.08,0.06,0.06,0.12,200.0,1775.0
kalshi:BTCMAX100-24-JUL31-100000,BTCMAX100-24-JUL31-100000,KXBTCMAX100,1714795200,2024-05-04 00:00:00+00:00,0.12,0.12,0.12,0.12,0.12,0.08,0.1,0.17,250.0,2025.0
kalshi:BTCMAX100-24-JUL31-100000,BTCMAX100-24-JUL31-100000,KXBTCMAX100,1714881600,2024-05-05 00:00:00+00:00,,,,,,0.12,0.01,0.17,0.0,2025.0
kalshi:BTCMAX100-24-JUL31-100000,BTCMAX100-24-JUL31-100000,KXBTCMAX100,1714968000,2024-05-06 00:00:00+00:00,,,,,,0.12,0.11,0.17,0.0,2025.0
kalshi:BTCMAX100-24-JUL31-100000,BTCMAX100-24-JUL31-100000,KXBTCMAX100,1715054400,2024-05-07 00:00:00+00:00,,,,,,0.12,0.09,0.17,0.0,2025.0
kalshi:BTCMAX100-24-JUL31-100000,BTCMAX100-24-JUL31-100000,KXBTCMAX100,1715140800,2024-05-08 00:00:00+00:00,,,,,,0.12,0.09,0.13,0.0,2025.0
kalshi:BTCMAX100-24-JUL31-100000,BTCMAX100-24-JUL31-100000,KXBTCMAX100,1715227200,2024-05-09 00:00:00+00:00,,,,,,0.12,0.08,0.12,0.0,2025.0
kalshi:BTCMAX100-24-JUL31-100000,BTCMAX100-24-JUL31-100000,KXBTCMAX100,1715313600,2024-05-10 00:00:00+00:00,0.08,0.08,0.08,0.08,0.08,0.12,0.08,0.17,27.0,2052.0
kalshi:BTCMAX100-24-JUL31-100000,BTCMAX100-24-JUL31-100000,KXBTCMAX100,1715400000,2024-05-11 00:00:00+00:00,,,,,,0.08,0.06,0.11,0.0,2052.0
kalshi:BTCMAX100-24-JUL31-100000,BTCMAX100-24-JUL31-100000,KXBTCMAX100,1715486400,2024-05-12 00:00:00+00:00,,,,,,0.08,0.06,0.17,0.0,2052.0
kalshi:BTCMAX100-24-JUL31-100000,BTCMAX100-24-JUL31-100000,KXBTCMAX100,1715572800,2024-05-13 00:00:00+00:00,,,,,,0.08,0.06,0.11,0.0,2052.0
kalshi:BTCMAX100-24-JUL31-100000,BTCMAX100-24-JUL31-100000,KXBTCMAX100,1715659200,2024-05-14 00:00:00+00:00,,,,,,0.08,0.07,0.12,0.0,2052.0
kalshi:BTCMAX100-24-JUL31-100000,BTCMAX100-24-JUL31-100000,KXBTCMAX100,1715745600,2024-05-15 00:00:00+00:00,,,,,,0.08,0.06,0.12,0.0,2052.0
kalshi:BTCMAX100-24-JUL31-100000,BTCMAX100-24-JUL31-100000,KXBTCMAX100,1715832000,2024-05-16 00:00:00+00:00,0.16,0.16,0.16,0.16,0.16,0.08,0.11,0.17,149.0,2052.0
kalshi:BTCMAX100-24-JUL31-100000,BTCMAX100-24-JUL31-100000,KXBTCMAX100,1715918400,2024-05-17 00:00:00+00:00,,,,,,0.16,0.0,0.17,0.0,2052.0
kalshi:BTCMAX100-24-JUL31-100000,BTCMAX100-24-JUL31-100000,KXBTCMAX100,1716004800,2024-05-18 00:00:00+00:00,,,,,,0.16,0.12,0.17,0.0,2052.0
kalshi:BTCMAX100-24-JUL31-100000,BTCMAX100-24-JUL31-100000,KXBTCMAX100,1716091200,2024-05-19 00:00:00+00:00,0.13,0.13,0.13,0.13,0.13,0.16,0.01,0.17,15.0,2067.0
kalshi:BTCMAX100-24-JUL31-100000,BTCMAX100-24-JUL31-100000,KXBTCMAX100,1716177600,2024-05-20 00:00:00+00:00,,,,,,0.13,0.1,0.14,0.0,2067.0
kalshi:BTCMAX100-24-JUL31-100000,BTCMAX100-24-JUL31-100000,KXBTCMAX100,1716264000,2024-05-21 00:00:00+00:00,0.15,0.15,0.18,0.18,0.1794,0.13,0.15,0.22,1550.0,3592.0
kalshi:BTCMAX100-24-JUL31-100000,BTCMAX100-24-JUL31-100000,KXBTCMAX100,1716350400,2024-05-22 00:00:00+00:00,,,,,,0.18,0.12,0.2,0.0,3592.0
kalshi:BTCMAX100-24-JUL31-100000,BTCMAX100-24-JUL31-100000,KXBTCMAX100,1716436800,2024-05-23 00:00:00+00:00,0.15,0.15,0.15,0.15,0.15,0.18,0.12,0.2,20.0,3612.0
kalshi:BTCMAX100-24-JUL31-100000,BTCMAX100-24-JUL31-100000,KXBTCMAX100,1716523200,2024-05-24 00:00:00+00:00,,,,,,0.15,0.01,0.22,0.0,3612.0
kalshi:BTCMAX100-24-JUL31-100000,BTCMAX100-24-JUL31-100000,KXBTCMAX100,1716609600,2024-05-25 00:00:00+00:00,,,,,,0.15,0.11,0.18,0.0,3612.0
kalshi:BTCMAX100-24-JUL31-100000,BTCMAX100-24-JUL31-100000,KXBTCMAX100,1716696000,2024-05-26 00:00:00+00:00,,,,,,0.15,0.11,0.18,0.0,3612.0
kalshi:BTCMAX100-24-JUL31-100000,BTCMAX100-24-JUL31-100000,KXBTCMAX100,1716782400,2024-05-27 00:00:00+00:00,,,,,,0.15,0.11,0.18,0.0,3612.0
kalshi:BTCMAX100-24-JUL31-100000,BTCMAX100-24-JUL31-100000,KXBTCMAX100,1716868800,2024-05-28 00:00:00+00:00,,,,,,0.15,0.09,0.22,0.0,3612.0
kalshi:BTCMAX100-24-JUL31-100000,BTCMAX100-24-JUL31-100000,KXBTCMAX100,1716955200,2024-05-29 00:00:00+00:00,,,,,,0.15,0.1,0.17,0.0,3612.0
kalshi:BTCMAX100-24-JUL31-100000,BTCMAX100-24-JUL31-100000,KXBTCMAX100,1717041600,2024-05-30 00:00:00+00:00,,,,,,0.15,0.01,0.22,0.0,3612.0
kalshi:BTCMAX100-24-JUL31-100000,BTCMAX100-24-JUL31-100000,KXBTCMAX100,1717128000,2024-05-31 00:00:00+00:00,,,,,,0.15,0.09,0.14,0.0,3612.0
kalshi:BTCMAX100-24-JUL31-100000,BTCMAX100-24-JUL31-100000,KXBTCMAX100,1717214400,2024-06-01 00:00:00+00:00,,,,,,0.15,0.07,0.12,0.0,3612.0
kalshi:BTCMAX100-24-JUL31-100000,BTCMAX100-24-JUL31-100000,KXBTCMAX100,1717300800,2024-06-02 00:00:00+00:00,,,,,,0.15,0.07,0.14,0.0,3612.0
kalshi:BTCMAX100-24-JUL31-100000,BTCMAX100-24-JUL31-100000,KXBTCMAX100,1717387200,2024-06-03 00:00:00+00:00,,,,,,0.15,0.07,0.12,0.0,3612.0
kalshi:BTCMAX100-24-JUL31-100000,BTCMAX100-24-JUL31-100000,KXBTCMAX100,1717473600,2024-06-04 00:00:00+00:00,,,,,,0.15,0.07,0.12,0.0,3612.0
kalshi:BTCMAX100-24-JUL31-100000,BTCMAX100-24-JUL31-100000,KXBTCMAX100,1717560000,2024-06-05 00:00:00+00:00,,,,,,0.15,0.09,0.13,0.0,3612.0
kalshi:BTCMAX100-24-JUL31-100000,BTCMAX100-24-JUL31-100000,KXBTCMAX100,1717646400,2024-06-06 00:00:00+00:00,0.1,0.1,0.1,0.1,0.1,0.15,0.06,0.12,1.0,3613.0
kalshi:BTCMAX100-24-JUL31-100000,BTCMAX100-24-JUL31-100000,KXBTCMAX100,1717732800,2024-06-07 00:00:00+00:00,,,,,,0.1,0.01,0.08,0.0,3613.0
kalshi:BTCMAX100-24-JUL31-100000,BTCMAX100-24-JUL31-100000,KXBTCMAX100,1717819200,2024-06-08 00:00:00+00:00,,,,,,0.1,0.01,0.08,0.0,3613.0
kalshi:BTCMAX100-24-JUL31-100000,BTCMAX100-24-JUL31-100000,KXBTCMAX100,1717992000,2024-06-10 00:00:00+00:00,,,,,,0.1,0.03,0.08,0.0,3613.0
kalshi:BTCMAX100-24-JUL31-100000,BTCMAX100-24-JUL31-100000,KXBTCMAX100,1718078400,2024-06-11 00:00:00+00:00,,,,,,0.1,0.03,0.08,0.0,3613.0
kalshi:BTCMAX100-24-JUL31-100000,BTCMAX100-24-JUL31-100000,KXBTCMAX100,1718164800,2024-06-12 00:00:00+00:00,,,,,,0.1,0.03,0.06,0.0,3613.0
kalshi:BTCMAX100-24-JUL31-100000,BTCMAX100-24-JUL31-100000,KXBTCMAX100,1718251200,2024-06-13 00:00:00+00:00,,,,,,0.1,0.03,0.06,0.0,3613.0
kalshi:BTCMAX100-24-JUL31-100000,BTCMAX100-24-JUL31-100000,KXBTCMAX100,1718337600,2024-06-14 00:00:00+00:00,,,,,,0.1,0.03,0.05,0.0,3613.0
kalshi:BTCMAX100-24-JUL31-100000,BTCMAX100-24-JUL31-100000,KXBTCMAX100,1718424000,2024-06-15 00:00:00+00:00,,,,,,0.1,0.03,0.07,0.0,3613.0
kalshi:BTCMAX100-24-JUL31-100000,BTCMAX100-24-JUL31-100000,KXBTCMAX100,1718510400,2024-06-16 00:00:00+00:00,,,,,,0.1,0.03,0.08,0.0,3613.0
kalshi:BTCMAX100-24-JUL31-100000,BTCMAX100-24-JUL31-100000,KXBTCMAX100,1718596800,2024-06-17 00:00:00+00:00,,,,,,0.1,0.03,0.08,0.0,3613.0
kalshi:BTCMAX100-24-JUL31-100000,BTCMAX100-24-JUL31-100000,KXBTCMAX100,1718683200,2024-06-18 00:00:00+00:00,0.03,0.03,0.03,0.03,0.03,0.1,0.01,0.04,25.0,3613.0
kalshi:BTCMAX100-24-JUL31-100000,BTCMAX100-24-JUL31-100000,KXBTCMAX100,1718769600,2024-06-19 00:00:00+00:00,0.03,0.03,0.03,0.03,0.03,0.03,0.01,0.04,3.0,3613.0
kalshi:BTCMAX100-24-JUL31-100000,BTCMAX100-24-JUL31-100000,KXBTCMAX100,1719115200,2024-06-23 00:00:00+00:00,,,,,,0.03,0.03,0.04,0.0,3613.0
kalshi:BTCMAX100-24-JUL31-100000,BTCMAX100-24-JUL31-100000,KXBTCMAX100,1719201600,2024-06-24 00:00:00+00:00,0.03,0.03,0.03,0.03,0.03,0.03,0.03,0.04,150.0,3763.0
kalshi:BTCMAX100-24-JUL31-100000,BTCMAX100-24-JUL31-100000,KXBTCMAX100,1719288000,2024-06-25 00:00:00+00:00,0.03,0.03,0.03,0.03,0.03,0.03,0.03,0.04,50.0,3813.0
kalshi:BTCMAX100-24-JUL31-100000,BTCMAX100-24-JUL31-100000,KXBTCMAX100,1719547200,2024-06-28 00:00:00+00:00,0.04,0.03,0.05,0.05,0.0497,0.03,0.03,0.06,2130.0,1753.0
kalshi:BTCMAX100-24-JUL31-100000,BTCMAX100-24-JUL31-100000,KXBTCMAX100,1719633600,2024-06-29 00:00:00+00:00,0.03,0.03,0.03,0.03,0.03,0.05,0.03,0.04,1700.0,3453.0
kalshi:BTCMAX100-24-JUL31-100000,BTCMAX100-24-JUL31-100000,KXBTCMAX100,1719720000,2024-06-30 00:00:00+00:00,0.03,0.03,0.03,0.03,0.03,0.03,0.02,0.03,1580.0,5033.0
kalshi:BTCMAX100-24-JUL31-100000,BTCMAX100-24-JUL31-100000,KXBTCMAX100,1719892800,2024-07-02 00:00:00+00:00,0.02,0.02,0.02,0.02,0.02,0.03,0.02,0.03,150.0,5183.0
kalshi:BTCMAX100-24-JUL31-100000,BTCMAX100-24-JUL31-100000,KXBTCMAX100,1719979200,2024-07-03 00:00:00+00:00,0.02,0.02,0.02,0.02,0.02,0.02,0.02,0.03,900.0,6083.0
kalshi:BTCMAX100-24-JUL31-100000,BTCMAX100-24-JUL31-100000,KXBTCMAX100,1720065600,2024-07-04 00:00:00+00:00,0.02,0.02,0.02,0.02,0.02,0.02,0.01,0.03,3950.0,10033.0
kalshi:BTCMAX100-24-JUL31-100000,BTCMAX100-24-JUL31-100000,KXBTCMAX100,1720152000,2024-07-05 00:00:00+00:00,,,,,,0.02,0.01,0.02,0.0,10033.0
kalshi:BTCMAX100-24-JUL31-100000,BTCMAX100-24-JUL31-100000,KXBTCMAX100,1720324800,2024-07-07 00:00:00+00:00,0.01,0.01,0.01,0.01,0.01,0.02,0.0,0.02,110.0,10033.0
kalshi:BTCMAX100-24-JUL31-100000,BTCMAX100-24-JUL31-100000,KXBTCMAX100,1720497600,2024-07-09 00:00:00+00:00,,,,,,0.01,0.0,0.02,0.0,10033.0
kalshi:BTCMAX100-24-JUL31-100000,BTCMAX100-24-JUL31-100000,KXBTCMAX100,1720584000,2024-07-10 00:00:00+00:00,0.02,0.02,0.02,0.02,0.02,0.01,0.0,0.02,10.0,10033.0
kalshi:BTCMAX100-24-JUL31-100000,BTCMAX100-24-JUL31-100000,KXBTCMAX100,1720756800,2024-07-12 00:00:00+00:00,,,,,,0.02,0.0,0.01,0.0,10033.0
kalshi:BTCMAX100-24-JUL31-100000,BTCMAX100-24-JUL31-100000,KXBTCMAX100,1721275200,2024-07-18 00:00:00+00:00,0.01,0.01,0.01,0.01,0.01,0.02,0.0,0.01,1.0,10034.0
kalshi:BTCMAX100-24-JUL31-100000,BTCMAX100-24-JUL31-100000,KXBTCMAX100,1721620800,2024-07-22 00:00:00+00:00,0.01,0.01,0.02,0.02,0.0136,0.01,0.0,0.02,939.0,10034.0
kalshi:BTCMAX100-24-JUL31-100000,BTCMAX100-24-JUL31-100000,KXBTCMAX100,1721707200,2024-07-23 00:00:00+00:00,0.02,0.01,0.02,0.01,0.015,0.02,0.0,0.01,320.0,10034.0
kalshi:BTCMAX100-24-JUN28-100000,BTCMAX100-24-JUN28-100000,KXBTCMAX100,1710820800,2024-03-19 00:00:00+00:00,0.28,0.22,0.28,0.22,0.2205,,0.15,0.19,124.0,124.0
kalshi:BTCMAX100-24-JUN28-100000,BTCMAX100-24-JUN28-100000,KXBTCMAX100,1710907200,2024-03-20 00:00:00+00:00,0.19,0.19,0.19,0.19,0.19,0.22,0.17,0.22,13.0,124.0
kalshi:BTCMAX100-24-JUN28-100000,BTCMAX100-24-JUN28-100000,KXBTCMAX100,1710993600,2024-03-21 00:00:00+00:00,0.19,0.19,0.2,0.2,0.1948,0.19,0.2,0.23,25.0,124.0
kalshi:BTCMAX100-24-JUN28-100000,BTCMAX100-24-JUN28-100000,KXBTCMAX100,1711080000,2024-03-22 00:00:00+00:00,0.23,0.22,0.23,0.22,0.2219,0.2,0.15,0.26,53.0,81.0
kalshi:BTCMAX100-24-JUN28-100000,BTCMAX100-24-JUN28-100000,KXBTCMAX100,1711166400,2024-03-23 00:00:00+00:00,,,,,,0.22,0.18,0.24,0.0,81.0
kalshi:BTCMAX100-24-JUN28-100000,BTCMAX100-24-JUN28-100000,KXBTCMAX100,1711252800,2024-03-24 00:00:00+00:00,,,,,,0.22,0.2,0.25,0.0,81.0
kalshi:BTCMAX100-24-JUN28-100000,BTCMAX100-24-JUN28-100000,KXBTCMAX100,1711339200,2024-03-25 00:00:00+00:00,,,,,,0.22,0.15,0.26,0.0,81.0
kalshi:BTCMAX100-24-JUN28-100000,BTCMAX100-24-JUN28-100000,KXBTCMAX100,1711425600,2024-03-26 00:00:00+00:00,0.26,0.26,0.26,0.26,0.26,0.22,0.23,0.27,20.0,101.0
kalshi:BTCMAX100-24-JUN28-100000,BTCMAX100-24-JUN28-100000,KXBTCMAX100,1711512000,2024-03-27 00:00:00+00:00,0.27,0.27,0.32,0.32,0.2738,0.26,0.32,0.36,183.0,276.0
kalshi:BTCMAX100-24-JUN28-100000,BTCMAX100-24-JUN28-100000,KXBTCMAX100,1711598400,2024-03-28 00:00:00+00:00,,,,,,0.32,0.34,0.36,0.0,276.0
kalshi:BTCMAX100-24-JUN28-100000,BTCMAX100-24-JUN28-100000,KXBTCMAX100,1711684800,2024-03-29 00:00:00+00:00,0.36,0.36,0.36,0.36,0.36,0.32,0.33,0.35,13.0,289.0
kalshi:BTCMAX100-24-JUN28-100000,BTCMAX100-24-JUN28-100000,KXBTCMAX100,1711771200,2024-03-30 00:00:00+00:00,,,,,,0.36,0.31,0.35,0.0,289.0
kalshi:BTCMAX100-24-JUN28-100000,BTCMAX100-24-JUN28-100000,KXBTCMAX100,1712030400,2024-04-02 00:00:00+00:00,0.31,0.25,0.31,0.25,0.28,0.36,0.17,0.23,20.0,289.0
kalshi:BTCMAX100-24-JUN28-100000,BTCMAX100-24-JUN28-100000,KXBTCMAX100,1712116800,2024-04-03 00:00:00+00:00,0.18,0.18,0.18,0.18,0.18,0.25,0.15,0.23,50.0,339.0
kalshi:BTCMAX100-24-JUN28-100000,BTCMAX100-24-JUN28-100000,KXBTCMAX100,1712203200,2024-04-04 00:00:00+00:00,0.2,0.2,0.2,0.2,0.2,0.18,0.15,0.17,43.0,382.0
kalshi:BTCMAX100-24-JUN28-100000,BTCMAX100-24-JUN28-100000,KXBTCMAX100,1712289600,2024-04-05 00:00:00+00:00,0.17,0.17,0.2,0.19,0.1773,0.2,0.15,0.24,774.0,750.0
kalshi:BTCMAX100-24-JUN28-100000,BTCMAX100-24-JUN28-100000,KXBTCMAX100,1712376000,2024-04-06 00:00:00+00:00,0.17,0.16,0.17,0.16,0.1699,0.19,0.15,0.18,645.0,1395.0
kalshi:BTCMAX100-24-JUN28-100000,BTCMAX100-24-JUN28-100000,KXBTCMAX100,1712462400,2024-04-07 00:00:00+00:00,0.18,0.18,0.19,0.19,0.1833,0.16,0.15,0.2,605.0,2000.0
kalshi:BTCMAX100-24-JUN28-100000,BTCMAX100-24-JUN28-100000,KXBTCMAX100,1712548800,2024-04-08 00:00:00+00:00,0.18,0.17,0.22,0.17,0.1852,0.19,0.15,0.23,350.0,2307.0
kalshi:BTCMAX100-24-JUN28-100000,BTCMAX100-24-JUN28-100000,KXBTCMAX100,1712635200,2024-04-09 00:00:00+00:00,0.24,0.24,0.25,0.25,0.2423,0.17,0.19,0.26,649.0,2807.0
kalshi:BTCMAX100-24-JUN28-100000,BTCMAX100-24-JUN28-100000,KXBTCMAX100,1712721600,2024-04-10 00:00:00+00:00,0.22,0.22,0.22,0.22,0.22,0.25,0.19,0.21,3.0,2807.0
kalshi:BTCMAX100-24-JUN28-100000,BTCMAX100-24-JUN28-100000,KXBTCMAX100,1712808000,2024-04-11 00:00:00+00:00,0.19,0.19,0.19,0.19,0.19,0.22,0.18,0.23,10.0,2797.0
kalshi:BTCMAX100-24-JUN28-100000,BTCMAX100-24-JUN28-100000,KXBTCMAX100,1712894400,2024-04-12 00:00:00+00:00,0.19,0.19,0.19,0.19,0.19,0.19,0.16,0.23,1.0,2797.0
kalshi:BTCMAX100-24-JUN28-100000,BTCMAX100-24-JUN28-100000,KXBTCMAX100,1712980800,2024-04-13 00:00:00+00:00,0.22,0.17,0.23,0.19,0.2118,0.19,0.15,0.21,3954.0,4534.0
kalshi:BTCMAX100-24-JUN28-100000,BTCMAX100-24-JUN28-100000,KXBTCMAX100,1713067200,2024-04-14 00:00:00+00:00,0.15,0.11,0.15,0.11,0.1212,0.19,0.1,0.26,419.0,4953.0
kalshi:BTCMAX100-24-JUN28-100000,BTCMAX100-24-JUN28-100000,KXBTCMAX100,1713153600,2024-04-15 00:00:00+00:00,,,,,,0.11,0.11,0.14,0.0,4953.0
kalshi:BTCMAX100-24-JUN28-100000,BTCMAX100-24-JUN28-100000,KXBTCMAX100,1713240000,2024-04-16 00:00:00+00:00,,,,,,0.11,0.1,0.24,0.0,4953.0
kalshi:BTCMAX100-24-JUN28-100000,BTCMAX100-24-JUN28-100000,KXBTCMAX100,1713326400,2024-04-17 00:00:00+00:00,0.1,0.1,0.1,0.1,0.1,0.11,0.06,0.15,50.0,5003.0
kalshi:BTCMAX100-24-JUN28-100000,BTCMAX100-24-JUN28-100000,KXBTCMAX100,1713412800,2024-04-18 00:00:00+00:00,0.09,0.09,0.1,0.1,0.0971,0.1,0.07,0.12,5600.0,10603.0
kalshi:BTCMAX100-24-JUN28-100000,BTCMAX100-24-JUN28-100000,KXBTCMAX100,1713499200,2024-04-19 00:00:00+00:00,,,,,,0.1,0.07,0.12,0.0,10603.0
kalshi:BTCMAX100-24-JUN28-100000,BTCMAX100-24-JUN28-100000,KXBTCMAX100,1713585600,2024-04-20 00:00:00+00:00,,,,,,0.1,0.07,0.12,0.0,10603.0
kalshi:BTCMAX100-24-JUN28-100000,BTCMAX100-24-JUN28-100000,KXBTCMAX100,1713672000,2024-04-21 00:00:00+00:00,,,,,,0.1,0.07,0.12,0.0,10603.0
kalshi:BTCMAX100-24-JUN28-100000,BTCMAX100-24-JUN28-100000,KXBTCMAX100,1713758400,2024-04-22 00:00:00+00:00,,,,,,0.1,0.08,0.12,0.0,10603.0
kalshi:BTCMAX100-24-JUN28-100000,BTCMAX100-24-JUN28-100000,KXBTCMAX100,1713844800,2024-04-23 00:00:00+00:00,0.1,0.1,0.12,0.12,0.1006,0.1,0.07,0.14,310.0,10593.0
kalshi:BTCMAX100-24-JUN28-100000,BTCMAX100-24-JUN28-100000,KXBTCMAX100,1713931200,2024-04-24 00:00:00+00:00,,,,,,0.12,0.08,0.14,0.0,10593.0
kalshi:BTCMAX100-24-JUN28-100000,BTCMAX100-24-JUN28-100000,KXBTCMAX100,1714017600,2024-04-25 00:00:00+00:00,,,,,,0.12,0.07,0.14,0.0,10593.0
kalshi:BTCMAX100-24-JUN28-100000,BTCMAX100-24-JUN28-100000,KXBTCMAX100,1714104000,2024-04-26 00:00:00+00:00,,,,,,0.12,0.07,0.14,0.0,10593.0
kalshi:BTCMAX100-24-JUN28-100000,BTCMAX100-24-JUN28-100000,KXBTCMAX100,1714190400,2024-04-27 00:00:00+00:00,,,,,,0.12,0.07,0.12,0.0,10593.0
kalshi:BTCMAX100-24-JUN28-100000,BTCMAX100-24-JUN28-100000,KXBTCMAX100,1714276800,2024-04-28 00:00:00+00:00,,,,,,0.12,0.07,0.14,0.0,10593.0
kalshi:BTCMAX100-24-JUN28-100000,BTCMAX100-24-JUN28-100000,KXBTCMAX100,1714363200,2024-04-29 00:00:00+00:00,,,,,,0.12,0.07,0.14,0.0,10593.0
kalshi:BTCMAX100-24-JUN28-100000,BTCMAX100-24-JUN28-100000,KXBTCMAX100,1714449600,2024-04-30 00:00:00+00:00,0.07,0.07,0.07,0.07,0.07,0.12,0.06,0.12,225.0,10818.0
kalshi:BTCMAX100-24-JUN28-100000,BTCMAX100-24-JUN28-100000,KXBTCMAX100,1714536000,2024-05-01 00:00:00+00:00,0.06,0.06,0.06,0.06,0.06,0.07,0.01,0.07,34.0,10818.0
kalshi:BTCMAX100-24-JUN28-100000,BTCMAX100-24-JUN28-100000,KXBTCMAX100,1714622400,2024-05-02 00:00:00+00:00,0.01,0.01,0.01,0.01,0.01,0.06,0.01,0.05,1.0,10818.0
kalshi:BTCMAX100-24-JUN28-100000,BTCMAX100-24-JUN28-100000,KXBTCMAX100,1714708800,2024-05-03 00:00:00+00:00,,,,,,0.01,0.01,0.08,0.0,10818.0
kalshi:BTCMAX100-24-JUN28-100000,BTCMAX100-24-JUN28-100000,KXBTCMAX100,1714795200,2024-05-04 00:00:00+00:00,,,,,,0.01,0.05,0.09,0.0,10818.0
kalshi:BTCMAX100-24-JUN28-100000,BTCMAX100-24-JUN28-100000,KXBTCMAX100,1715227200,2024-05-09 00:00:00+00:00,0.09,0.09,0.09,0.09,0.09,0.01,0.05,0.09,1.0,10819.0
kalshi:BTCMAX100-24-JUN28-100000,BTCMAX100-24-JUN28-100000,KXBTCMAX100,1715400000,2024-05-11 00:00:00+00:00,,,,,,0.09,0.05,0.09,0.0,10819.0
kalshi:BTCMAX100-24-JUN28-100000,BTCMAX100-24-JUN28-100000,KXBTCMAX100,1715486400,2024-05-12 00:00:00+00:00,,,,,,0.09,0.05,0.09,0.0,10819.0
kalshi:BTCMAX100-24-JUN28-100000,BTCMAX100-24-JUN28-100000,KXBTCMAX100,1715572800,2024-05-13 00:00:00+00:00,0.05,0.05,0.05,0.05,0.05,0.09,0.06,0.08,7.0,10826.0
kalshi:BTCMAX100-24-JUN28-100000,BTCMAX100-24-JUN28-100000,KXBTCMAX100,1715745600,2024-05-15 00:00:00+00:00,0.06,0.06,0.06,0.06,0.06,0.05,0.06,0.08,100.0,10926.0
kalshi:BTCMAX100-24-JUN28-100000,BTCMAX100-24-JUN28-100000,KXBTCMAX100,1715918400,2024-05-17 00:00:00+00:00,0.08,0.08,0.09,0.09,0.0898,0.06,0.07,0.11,509.0,10916.0
kalshi:BTCMAX100-24-JUN28-100000,BTCMAX100-24-JUN28-100000,KXBTCMAX100,1716004800,2024-05-18 00:00:00+00:00,0.07,0.06,0.07,0.06,0.0604,0.09,0.07,0.1,250.0,11166.0
kalshi:BTCMAX100-24-JUN28-100000,BTCMAX100-24-JUN28-100000,KXBTCMAX100,1716091200,2024-05-19 00:00:00+00:00,,,,,,0.06,0.07,0.09,0.0,11166.0
kalshi:BTCMAX100-24-JUN28-100000,BTCMAX100-24-JUN28-100000,KXBTCMAX100,1716177600,2024-05-20 00:00:00+00:00,0.07,0.07,0.07,0.07,0.07,0.06,0.07,0.09,65.0,11231.0
kalshi:BTCMAX100-24-JUN28-100000,BTCMAX100-24-JUN28-100000,KXBTCMAX100,1716264000,2024-05-21 00:00:00+00:00,0.07,0.07,0.07,0.07,0.07,0.07,0.07,0.09,1.0,11232.0
kalshi:BTCMAX100-24-JUN28-100000,BTCMAX100-24-JUN28-100000,KXBTCMAX100,1716350400,2024-05-22 00:00:00+00:00,,,,,,0.07,0.08,0.09,0.0,11232.0
kalshi:BTCMAX100-24-JUN28-100000,BTCMAX100-24-JUN28-100000,KXBTCMAX100,1716436800,2024-05-23 00:00:00+00:00,0.09,0.09,0.1,0.1,0.1,0.07,0.08,0.1,428.0,11232.0
kalshi:BTCMAX100-24-JUN28-100000,BTCMAX100-24-JUN28-100000,KXBTCMAX100,1716523200,2024-05-24 00:00:00+00:00,,,,,,0.1,0.07,0.1,0.0,11232.0
kalshi:BTCMAX100-24-JUN28-100000,BTCMAX100-24-JUN28-100000,KXBTCMAX100,1716609600,2024-05-25 00:00:00+00:00,,,,,,0.1,0.07,0.1,0.0,11232.0
kalshi:BTCMAX100-24-JUN28-100000,BTCMAX100-24-JUN28-100000,KXBTCMAX100,1716696000,2024-05-26 00:00:00+00:00,,,,,,0.1,0.07,0.1,0.0,11232.0
kalshi:BTCMAX100-24-JUN28-100000,BTCMAX100-24-JUN28-100000,KXBTCMAX100,1716782400,2024-05-27 00:00:00+00:00,0.09,0.09,0.09,0.09,0.09,0.1,0.08,0.09,509.0,11741.0
kalshi:BTCMAX100-24-JUN28-100000,BTCMAX100-24-JUN28-100000,KXBTCMAX100,1716868800,2024-05-28 00:00:00+00:00,0.1,0.07,0.1,0.07,0.0761,0.09,0.06,0.07,798.0,12539.0
kalshi:BTCMAX100-24-JUN28-100000,BTCMAX100-24-JUN28-100000,KXBTCMAX100,1716955200,2024-05-29 00:00:00+00:00,,,,,,0.07,0.06,0.09,0.0,12539.0
kalshi:BTCMAX100-24-JUN28-100000,BTCMAX100-24-JUN28-100000,KXBTCMAX100,1717041600,2024-05-30 00:00:00+00:00,0.06,0.06,0.06,0.06,0.06,0.07,0.03,0.04,160.0,12699.0
kalshi:BTCMAX100-24-JUN28-100000,BTCMAX100-24-JUN28-100000,KXBTCMAX100,1717128000,2024-05-31 00:00:00+00:00,0.03,0.03,0.03,0.03,0.03,0.06,0.03,0.04,1.0,12699.0
kalshi:BTCMAX100-24-JUN28-100000,BTCMAX100-24-JUN28-100000,KXBTCMAX100,1717214400,2024-06-01 00:00:00+00:00,0.03,0.03,0.03,0.03,0.03,0.03,0.01,0.04,59.0,12699.0
kalshi:BTCMAX100-24-JUN28-100000,BTCMAX100-24-JUN28-100000,KXBTCMAX100,1717387200,2024-06-03 00:00:00+00:00,0.04,0.04,0.04,0.04,0.04,0.03,0.01,0.04,1.0,12700.0
kalshi:BTCMAX100-24-JUN28-100000,BTCMAX100-24-JUN28-100000,KXBTCMAX100,1717646400,2024-06-06 00:00:00+00:00,,,,,,0.04,0.01,0.03,0.0,12700.0
kalshi:BTCMAX100-24-JUN28-100000,BTCMAX100-24-JUN28-100000,KXBTCMAX100,1717732800,2024-06-07 00:00:00+00:00,0.01,0.01,0.01,0.01,0.01,0.04,0.0,0.01,15.0,12700.0
kalshi:BTCMAX100-24-JUN28-100000,BTCMAX100-24-JUN28-100000,KXBTCMAX100,1717819200,2024-06-08 00:00:00+00:00,0.01,0.01,0.01,0.01,0.01,0.01,0.0,0.04,85.0,12700.0
kalshi:BTCMAX100-24-JUN28-100000,BTCMAX100-24-JUN28-100000,KXBTCMAX100,1717905600,2024-06-09 00:00:00+00:00,,,,,,0.01,0.01,0.04,0.0,12700.0
kalshi:BTCMAX100-24-JUN28-100000,BTCMAX100-24-JUN28-100000,KXBTCMAX100,1717992000,2024-06-10 00:00:00+00:00,0.02,0.02,0.02,0.02,0.02,0.01,0.02,0.04,4000.0,16700.0
kalshi:BTCMAX100-24-JUN28-100000,BTCMAX100-24-JUN28-100000,KXBTCMAX100,1718078400,2024-06-11 00:00:00+00:00,0.02,0.02,0.02,0.02,0.02,0.02,0.02,0.04,630.0,17330.0
kalshi:BTCMAX100-24-JUN28-100000,BTCMAX100-24-JUN28-100000,KXBTCMAX100,1718164800,2024-06-12 00:00:00+00:00,0.02,0.02,0.02,0.02,0.02,0.02,0.02,0.03,1000.0,18330.0
kalshi:BTCMAX100-24-JUN28-100000,BTCMAX100-24-JUN28-100000,KXBTCMAX100,1718510400,2024-06-16 00:00:00+00:00,,,,,,0.02,0.01,0.03,0.0,18330.0
kalshi:BTCMAX100-24-JUN28-100000,BTCMAX100-24-JUN28-100000,KXBTCMAX100,1718683200,2024-06-18 00:00:00+00:00,0.01,0.01,0.01,0.01,0.01,0.02,0.0,0.01,6.0,18330.0
kalshi:BTCMAX100-24-JUN28-100000,BTCMAX100-24-JUN28-100000,KXBTCMAX100,1719115200,2024-06-23 00:00:00+00:00,0.01,0.01,0.01,0.01,0.01,0.01,0.0,0.01,1100.0,19430.0
kalshi:BTCMAX100-24-JUN28-100000,BTCMAX100-24-JUN28-100000,KXBTCMAX100,1719460800,2024-06-27 00:00:00+00:00,0.01,0.01,0.01,0.01,0.01,0.01,0.01,0.02,30.0,19430.0
kalshi:BTCMAX100-24-JUN28-100000,BTCMAX100-24-JUN28-100000,KXBTCMAX100,1719547200,2024-06-28 00:00:00+00:00,,,,,,0.01,0.0,0.02,0.0,19430.0
kalshi:BTCMAX100-24-MAY31-100000,BTCMAX100-24-MAY31-100000,KXBTCMAX100,1710820800,2024-03-19 00:00:00+00:00,,,,,,,0.11,0.15,0.0,0.0
kalshi:BTCMAX100-24-MAY31-100000,BTCMAX100-24-MAY31-100000,KXBTCMAX100,1710907200,2024-03-20 00:00:00+00:00,0.16,0.16,0.16,0.16,0.16,,0.14,0.18,20.0,20.0
kalshi:BTCMAX100-24-MAY31-100000,BTCMAX100-24-MAY31-100000,KXBTCMAX100,1710993600,2024-03-21 00:00:00+00:00,0.15,0.15,0.15,0.15,0.15,0.16,0.15,0.18,35.0,35.0
kalshi:BTCMAX100-24-MAY31-100000,BTCMAX100-24-MAY31-100000,KXBTCMAX100,1711080000,2024-03-22 00:00:00+00:00,0.18,0.18,0.23,0.23,0.1949,0.15,0.17,0.28,94.0,85.0
kalshi:BTCMAX100-24-MAY31-100000,BTCMAX100-24-MAY31-100000,KXBTCMAX100,1711166400,2024-03-23 00:00:00+00:00,0.17,0.15,0.17,0.15,0.1508,0.23,0.15,0.21,242.0,317.0
kalshi:BTCMAX100-24-MAY31-100000,BTCMAX100-24-MAY31-100000,KXBTCMAX100,1711252800,2024-03-24 00:00:00+00:00,,,,,,0.15,0.15,0.2,0.0,317.0
kalshi:BTCMAX100-24-MAY31-100000,BTCMAX100-24-MAY31-100000,KXBTCMAX100,1711339200,2024-03-25 00:00:00+00:00,0.2,0.2,0.2,0.2,0.2,0.15,0.11,0.19,47.0,364.0
kalshi:BTCMAX100-24-MAY31-100000,BTCMAX100-24-MAY31-100000,KXBTCMAX100,1711425600,2024-03-26 00:00:00+00:00,0.19,0.19,0.19,0.19,0.19,0.2,0.17,0.22,100.0,464.0
kalshi:BTCMAX100-24-MAY31-100000,BTCMAX100-24-MAY31-100000,KXBTCMAX100,1711512000,2024-03-27 00:00:00+00:00,0.17,0.17,0.29,0.29,0.2631,0.19,0.26,0.3,78.0,484.0
kalshi:BTCMAX100-24-MAY31-100000,BTCMAX100-24-MAY31-100000,KXBTCMAX100,1711598400,2024-03-28 00:00:00+00:00,0.27,0.27,0.27,0.27,0.27,0.29,0.27,0.29,12.0,486.0
kalshi:BTCMAX100-24-MAY31-100000,BTCMAX100-24-MAY31-100000,KXBTCMAX100,1711684800,2024-03-29 00:00:00+00:00,,,,,,0.27,0.27,0.29,0.0,486.0
kalshi:BTCMAX100-24-MAY31-100000,BTCMAX100-24-MAY31-100000,KXBTCMAX100,1711771200,2024-03-30 00:00:00+00:00,0.25,0.25,0.25,0.25,0.25,0.27,0.25,0.28,155.0,541.0
kalshi:BTCMAX100-24-MAY31-100000,BTCMAX100-24-MAY31-100000,KXBTCMAX100,1711857600,2024-03-31 00:00:00+00:00,0.25,0.25,0.28,0.28,0.2613,0.25,0.25,0.28,8.0,549.0
kalshi:BTCMAX100-24-MAY31-100000,BTCMAX100-24-MAY31-100000,KXBTCMAX100,1711944000,2024-04-01 00:00:00+00:00,0.25,0.25,0.25,0.25,0.25,0.28,0.25,0.27,1.0,550.0
kalshi:BTCMAX100-24-MAY31-100000,BTCMAX100-24-MAY31-100000,KXBTCMAX100,1712030400,2024-04-02 00:00:00+00:00,0.25,0.25,0.25,0.25,0.25,0.25,0.11,0.19,5.0,555.0
kalshi:BTCMAX100-24-MAY31-100000,BTCMAX100-24-MAY31-100000,KXBTCMAX100,1712116800,2024-04-03 00:00:00+00:00,,,,,,0.25,0.11,0.16,0.0,555.0
kalshi:BTCMAX100-24-MAY31-100000,BTCMAX100-24-MAY31-100000,KXBTCMAX100,1712203200,2024-04-04 00:00:00+00:00,0.11,0.11,0.12,0.12,0.1111,0.25,0.06,0.12,28.0,583.0
kalshi:BTCMAX100-24-MAY31-100000,BTCMAX100-24-MAY31-100000,KXBTCMAX100,1712289600,2024-04-05 00:00:00+00:00,0.15,0.15,0.15,0.15,0.15,0.12,0.06,0.18,3.0,580.0
kalshi:BTCMAX100-24-MAY31-100000,BTCMAX100-24-MAY31-100000,KXBTCMAX100,1712376000,2024-04-06 00:00:00+00:00,,,,,,0.15,0.06,0.1,0.0,580.0
kalshi:BTCMAX100-24-MAY31-100000,BTCMAX100-24-MAY31-100000,KXBTCMAX100,1712462400,2024-04-07 00:00:00+00:00,0.06,0.06,0.06,0.06,0.06,0.15,0.06,0.1,29.0,580.0
kalshi:BTCMAX100-24-MAY31-100000,BTCMAX100-24-MAY31-100000,KXBTCMAX100,1712548800,2024-04-08 00:00:00+00:00,,,,,,0.06,0.06,0.1,0.0,580.0
kalshi:BTCMAX100-24-MAY31-100000,BTCMAX100-24-MAY31-100000,KXBTCMAX100,1712635200,2024-04-09 00:00:00+00:00,0.1,0.1,0.19,0.17,0.185,0.06,0.17,0.2,2977.0,3177.0
kalshi:BTCMAX100-24-MAY31-100000,BTCMAX100-24-MAY31-100000,KXBTCMAX100,1712721600,2024-04-10 00:00:00+00:00,0.17,0.12,0.17,0.15,0.1685,0.17,0.11,0.17,10352.0,13514.0
kalshi:BTCMAX100-24-MAY31-100000,BTCMAX100-24-MAY31-100000,KXBTCMAX100,1712808000,2024-04-11 00:00:00+00:00,0.11,0.11,0.11,0.11,0.11,0.15,0.11,0.17,11.0,13521.0
kalshi:BTCMAX100-24-MAY31-100000,BTCMAX100-24-MAY31-100000,KXBTCMAX100,1712894400,2024-04-12 00:00:00+00:00,,,,,,0.11,0.1,0.17,0.0,13521.0
kalshi:BTCMAX100-24-MAY31-100000,BTCMAX100-24-MAY31-100000,KXBTCMAX100,1712980800,2024-04-13 00:00:00+00:00,0.14,0.1,0.14,0.12,0.1032,0.11,0.11,0.15,16740.0,28261.0
kalshi:BTCMAX100-24-MAY31-100000,BTCMAX100-24-MAY31-100000,KXBTCMAX100,1713067200,2024-04-14 00:00:00+00:00,0.11,0.11,0.11,0.11,0.11,0.12,0.1,0.12,2010.0,28261.0
kalshi:BTCMAX100-24-MAY31-100000,BTCMAX100-24-MAY31-100000,KXBTCMAX100,1713153600,2024-04-15 00:00:00+00:00,0.1,0.1,0.1,0.1,0.1,0.11,0.09,0.12,5600.0,33861.0
kalshi:BTCMAX100-24-MAY31-100000,BTCMAX100-24-MAY31-100000,KXBTCMAX100,1713240000,2024-04-16 00:00:00+00:00,0.09,0.09,0.09,0.09,0.09,0.1,0.09,0.11,12.0,33861.0
kalshi:BTCMAX100-24-MAY31-100000,BTCMAX100-24-MAY31-100000,KXBTCMAX100,1713412800,2024-04-18 00:00:00+00:00,0.09,0.07,0.09,0.07,0.0804,0.09,0.07,0.11,2106.0,33855.0
kalshi:BTCMAX100-24-MAY31-100000,BTCMAX100-24-MAY31-100000,KXBTCMAX100,1713499200,2024-04-19 00:00:00+00:00,,,,,,0.07,0.04,0.11,0.0,33855.0
kalshi:BTCMAX100-24-MAY31-100000,BTCMAX100-24-MAY31-100000,KXBTCMAX100,1713585600,2024-04-20 00:00:00+00:00,,,,,,0.07,0.05,0.11,0.0,33855.0
kalshi:BTCMAX100-24-MAY31-100000,BTCMAX100-24-MAY31-100000,KXBTCMAX100,1713758400,2024-04-22 00:00:00+00:00,,,,,,0.07,0.05,0.1,0.0,33855.0
kalshi:BTCMAX100-24-MAY31-100000,BTCMAX100-24-MAY31-100000,KXBTCMAX100,1713844800,2024-04-23 00:00:00+00:00,0.05,0.04,0.05,0.04,0.0433,0.07,0.02,0.09,150.0,33955.0
kalshi:BTCMAX100-24-MAY31-100000,BTCMAX100-24-MAY31-100000,KXBTCMAX100,1714104000,2024-04-26 00:00:00+00:00,,,,,,0.04,0.02,0.07,0.0,33955.0
kalshi:BTCMAX100-24-MAY31-100000,BTCMAX100-24-MAY31-100000,KXBTCMAX100,1714190400,2024-04-27 00:00:00+00:00,,,,,,0.04,0.02,0.09,0.0,33955.0
kalshi:BTCMAX100-24-MAY31-100000,BTCMAX100-24-MAY31-100000,KXBTCMAX100,1714276800,2024-04-28 00:00:00+00:00,0.09,0.09,0.09,0.09,0.09,0.04,0.02,0.09,15.0,33960.0
kalshi:BTCMAX100-24-MAY31-100000,BTCMAX100-24-MAY31-100000,KXBTCMAX100,1714449600,2024-04-30 00:00:00+00:00,,,,,,0.09,0.02,0.08,0.0,33960.0
kalshi:BTCMAX100-24-MAY31-100000,BTCMAX100-24-MAY31-100000,KXBTCMAX100,1714536000,2024-05-01 00:00:00+00:00,0.08,0.08,0.08,0.08,0.08,0.09,0.02,0.08,13.0,33960.0
kalshi:BTCMAX100-24-MAY31-100000,BTCMAX100-24-MAY31-100000,KXBTCMAX100,1714622400,2024-05-02 00:00:00+00:00,0.02,0.02,0.02,0.02,0.02,0.08,0.01,0.07,17.0,33960.0
kalshi:BTCMAX100-24-MAY31-100000,BTCMAX100-24-MAY31-100000,KXBTCMAX100,1714708800,2024-05-03 00:00:00+00:00,0.01,0.01,0.01,0.01,0.01,0.02,0.0,0.06,15.0,33960.0
kalshi:BTCMAX100-24-MAY31-100000,BTCMAX100-24-MAY31-100000,KXBTCMAX100,1714968000,2024-05-06 00:00:00+00:00,0.05,0.05,0.05,0.05,0.05,0.01,0.0,0.05,1.0,33960.0
kalshi:BTCMAX100-24-MAY31-100000,BTCMAX100-24-MAY31-100000,KXBTCMAX100,1715659200,2024-05-14 00:00:00+00:00,,,,,,0.05,0.0,0.06,0.0,33960.0
kalshi:BTCMAX100-24-MAY31-100000,BTCMAX100-24-MAY31-100000,KXBTCMAX100,1715745600,2024-05-15 00:00:00+00:00,,,,,,0.05,0.0,0.02,0.0,33960.0
kalshi:BTCMAX100-24-MAY31-100000,BTCMAX100-24-MAY31-100000,KXBTCMAX100,1716004800,2024-05-18 00:00:00+00:00,0.01,0.01,0.01,0.01,0.01,0.05,0.01,0.02,1000.0,34960.0
kalshi:BTCMAX100-24-MAY31-100000,BTCMAX100-24-MAY31-100000,KXBTCMAX100,1716177600,2024-05-20 00:00:00+00:00,0.01,0.01,0.01,0.01,0.01,0.01,0.01,0.02,2000.0,36960.0
kalshi:BTCMAX100-24-MAY31-100000,BTCMAX100-24-MAY31-100000,KXBTCMAX100,1716264000,2024-05-21 00:00:00+00:00,0.02,0.02,0.06,0.02,0.0216,0.01,0.02,0.03,1928.0,37271.0
kalshi:BTCMAX100-24-MAY31-100000,BTCMAX100-24-MAY31-100000,KXBTCMAX100,1716350400,2024-05-22 00:00:00+00:00,0.01,0.01,0.01,0.01,0.01,0.02,0.01,0.02,250.0,37521.0
kalshi:BTCMAX100-24-MAY31-100000,BTCMAX100-24-MAY31-100000,KXBTCMAX100,1716436800,2024-05-23 00:00:00+00:00,0.01,0.01,0.01,0.01,0.01,0.01,0.01,0.02,200.0,37521.0
kalshi:BTCMAX100-24-MAY31-100000,BTCMAX100-24-MAY31-100000,KXBTCMAX100,1716523200,2024-05-24 00:00:00+00:00,0.02,0.01,0.02,0.01,0.01,0.01,0.01,0.02,701.0,38221.0
kalshi:BTCMAX100-24-MAY31-100000,BTCMAX100-24-MAY31-100000,KXBTCMAX100,1716609600,2024-05-25 00:00:00+00:00,0.01,0.01,0.01,0.01,0.01,0.01,0.01,0.02,3200.0,41421.0
kalshi:BTCMAX100-24-MAY31-100000,BTCMAX100-24-MAY31-100000,KXBTCMAX100,1716696000,2024-05-26 00:00:00+00:00,0.01,0.01,0.01,0.01,0.01,0.01,0.01,0.02,1454.0,42875.0
kalshi:BTCMAX100-24-MAY31-100000,BTCMAX100-24-MAY31-100000,KXBTCMAX100,1716782400,2024-05-27 00:00:00+00:00,0.01,0.01,0.01,0.01,0.01,0.01,0.01,0.02,800.0,43675.0
kalshi:BTCMAX100-24-MAY31-100000,BTCMAX100-24-MAY31-100000,KXBTCMAX100,1716868800,2024-05-28 00:00:00+00:00,0.01,0.01,0.01,0.01,0.01,0.01,0.0,0.01,666.0,44341.0
kalshi:BTCMAX100-24-MAY31-100000,BTCMAX100-24-MAY31-100000,KXBTCMAX100,1717128000,2024-05-31 00:00:00+00:00,,,,,,0.01,0.0,0.02,0.0,44341.0
kalshi:BTCMAX100-24-NOV29-100000,BTCMAX100-24-NOV29-100000,KXBTCMAX100,1710820800,2024-03-19 00:00:00+00:00,0.41,0.4,0.43,0.4,0.4047,,0.3,0.35,49.0,49.0
kalshi:BTCMAX100-24-NOV29-100000,BTCMAX100-24-NOV29-100000,KXBTCMAX100,1710907200,2024-03-20 00:00:00+00:00,0.32,0.32,0.37,0.37,0.3455,0.4,0.37,0.38,134.0,183.0
kalshi:BTCMAX100-24-NOV29-100000,BTCMAX100-24-NOV29-100000,KXBTCMAX100,1710993600,2024-03-21 00:00:00+00:00,0.4,0.38,0.4,0.38,0.3917,0.37,0.38,0.43,24.0,207.0
kalshi:BTCMAX100-24-NOV29-100000,BTCMAX100-24-NOV29-100000,KXBTCMAX100,1711080000,2024-03-22 00:00:00+00:00,0.4,0.4,0.4,0.4,0.4,0.38,0.37,0.4,40.0,207.0
kalshi:BTCMAX100-24-NOV29-100000,BTCMAX100-24-NOV29-100000,KXBTCMAX100,1711166400,2024-03-23 00:00:00+00:00,0.37,0.37,0.39,0.39,0.3786,0.4,0.37,0.4,35.0,212.0
kalshi:BTCMAX100-24-NOV29-100000,BTCMAX100-24-NOV29-100000,KXBTCMAX100,1711252800,2024-03-24 00:00:00+00:00,0.37,0.35,0.42,0.42,0.4011,0.39,0.38,0.42,265.0,447.0
kalshi:BTCMAX100-24-NOV29-100000,BTCMAX100-24-NOV29-100000,KXBTCMAX100,1711339200,2024-03-25 00:00:00+00:00,,,,,,0.42,0.39,0.42,0.0,447.0
kalshi:BTCMAX100-24-NOV29-100000,BTCMAX100-24-NOV29-100000,KXBTCMAX100,1711425600,2024-03-26 00:00:00+00:00,0.42,0.42,0.45,0.45,0.4441,0.42,0.41,0.46,365.0,812.0
kalshi:BTCMAX100-24-NOV29-100000,BTCMAX100-24-NOV29-100000,KXBTCMAX100,1711512000,2024-03-27 00:00:00+00:00,0.45,0.45,0.51,0.51,0.4859,0.45,0.5,0.54,632.0,1444.0
kalshi:BTCMAX100-24-NOV29-100000,BTCMAX100-24-NOV29-100000,KXBTCMAX100,1711598400,2024-03-28 00:00:00+00:00,0.52,0.52,0.52,0.52,0.52,0.51,0.51,0.52,18.0,1462.0
kalshi:BTCMAX100-24-NOV29-100000,BTCMAX100-24-NOV29-100000,KXBTCMAX100,1711684800,2024-03-29 00:00:00+00:00,0.52,0.52,0.52,0.52,0.52,0.52,0.5,0.52,7.0,1469.0
kalshi:BTCMAX100-24-NOV29-100000,BTCMAX100-24-NOV29-100000,KXBTCMAX100,1711771200,2024-03-30 00:00:00+00:00,0.5,0.5,0.5,0.5,0.5,0.52,0.48,0.52,160.0,1309.0
kalshi:BTCMAX100-24-NOV29-100000,BTCMAX100-24-NOV29-100000,KXBTCMAX100,1711857600,2024-03-31 00:00:00+00:00,0.52,0.52,0.52,0.52,0.52,0.5,0.49,0.52,18.0,1327.0
kalshi:BTCMAX100-24-NOV29-100000,BTCMAX100-24-NOV29-100000,KXBTCMAX100,1711944000,2024-04-01 00:00:00+00:00,0.52,0.48,0.53,0.48,0.4836,0.52,0.48,0.53,257.0,1106.0
kalshi:BTCMAX100-24-NOV29-100000,BTCMAX100-24-NOV29-100000,KXBTCMAX100,1712030400,2024-04-02 00:00:00+00:00,,,,,,0.48,0.43,0.5,0.0,1106.0
kalshi:BTCMAX100-24-NOV29-100000,BTCMAX100-24-NOV29-100000,KXBTCMAX100,1712116800,2024-04-03 00:00:00+00:00,0.5,0.5,0.5,0.5,0.5,0.48,0.29,0.51,193.0,1299.0
kalshi:BTCMAX100-24-NOV29-100000,BTCMAX100-24-NOV29-100000,KXBTCMAX100,1712203200,2024-04-04 00:00:00+00:00,0.45,0.41,0.46,0.41,0.418,0.5,0.37,0.44,650.0,1299.0
kalshi:BTCMAX100-24-NOV29-100000,BTCMAX100-24-NOV29-100000,KXBTCMAX100,1712289600,2024-04-05 00:00:00+00:00,0.44,0.44,0.46,0.46,0.45,0.41,0.28,0.54,20.0,1299.0
kalshi:BTCMAX100-24-NOV29-100000,BTCMAX100-24-NOV29-100000,KXBTCMAX100,1712376000,2024-04-06 00:00:00+00:00,0.45,0.45,0.45,0.45,0.45,0.46,0.28,0.54,42.0,1341.0
kalshi:BTCMAX100-24-NOV29-100000,BTCMAX100-24-NOV29-100000,KXBTCMAX100,1712462400,2024-04-07 00:00:00+00:00,0.44,0.44,0.46,0.46,0.45,0.45,0.44,0.48,30.0,1341.0
kalshi:BTCMAX100-24-NOV29-100000,BTCMAX100-24-NOV29-100000,KXBTCMAX100,1712548800,2024-04-08 00:00:00+00:00,,,,,,0.46,0.44,0.47,0.0,1341.0
kalshi:BTCMAX100-24-NOV29-100000,BTCMAX100-24-NOV29-100000,KXBTCMAX100,1712635200,2024-04-09 00:00:00+00:00,0.49,0.49,0.49,0.49,0.49,0.46,0.44,0.52,18.0,1323.0
kalshi:BTCMAX100-24-NOV29-100000,BTCMAX100-24-NOV29-100000,KXBTCMAX100,1712721600,2024-04-10 00:00:00+00:00,0.47,0.47,0.47,0.47,0.47,0.49,0.44,0.52,10.0,1333.0
kalshi:BTCMAX100-24-NOV29-100000,BTCMAX100-24-NOV29-100000,KXBTCMAX100,1712808000,2024-04-11 00:00:00+00:00,0.44,0.44,0.5,0.47,0.4668,0.47,0.43,0.52,66.0,1334.0
kalshi:BTCMAX100-24-NOV29-100000,BTCMAX100-24-NOV29-100000,KXBTCMAX100,1712894400,2024-04-12 00:00:00+00:00,0.47,0.47,0.47,0.47,0.47,0.47,0.44,0.52,2.0,1332.0
kalshi:BTCMAX100-24-NOV29-100000,BTCMAX100-24-NOV29-100000,KXBTCMAX100,1712980800,2024-04-13 00:00:00+00:00,0.44,0.44,0.44,0.44,0.44,0.47,0.28,0.44,10.0,1332.0
kalshi:BTCMAX100-24-NOV29-100000,BTCMAX100-24-NOV29-100000,KXBTCMAX100,1713067200,2024-04-14 00:00:00+00:00,0.44,0.44,0.44,0.44,0.44,0.44,0.28,0.46,50.0,1332.0
kalshi:BTCMAX100-24-NOV29-100000,BTCMAX100-24-NOV29-100000,KXBTCMAX100,1713153600,2024-04-15 00:00:00+00:00,0.36,0.36,0.36,0.36,0.36,0.44,0.28,0.44,7.0,1332.0
kalshi:BTCMAX100-24-NOV29-100000,BTCMAX100-24-NOV29-100000,KXBTCMAX100,1713240000,2024-04-16 00:00:00+00:00,,,,,,0.36,0.28,0.46,0.0,1332.0
kalshi:BTCMAX100-24-NOV29-100000,BTCMAX100-24-NOV29-100000,KXBTCMAX100,1713326400,2024-04-17 00:00:00+00:00,,,,,,0.36,0.28,0.46,0.0,1332.0
kalshi:BTCMAX100-24-NOV29-100000,BTCMAX100-24-NOV29-100000,KXBTCMAX100,1713412800,2024-04-18 00:00:00+00:00,,,,,,0.36,0.28,0.46,0.0,1332.0
kalshi:BTCMAX100-24-NOV29-100000,BTCMAX100-24-NOV29-100000,KXBTCMAX100,1713499200,2024-04-19 00:00:00+00:00,0.33,0.33,0.33,0.33,0.33,0.36,0.28,0.46,36.0,1332.0
kalshi:BTCMAX100-24-NOV29-100000,BTCMAX100-24-NOV29-100000,KXBTCMAX100,1713585600,2024-04-20 00:00:00+00:00,,,,,,0.33,0.28,0.46,0.0,1332.0
kalshi:BTCMAX100-24-NOV29-100000,BTCMAX100-24-NOV29-100000,KXBTCMAX100,1713672000,2024-04-21 00:00:00+00:00,,,,,,0.33,0.28,0.48,0.0,1332.0
kalshi:BTCMAX100-24-NOV29-100000,BTCMAX100-24-NOV29-100000,KXBTCMAX100,1713758400,2024-04-22 00:00:00+00:00,,,,,,0.33,0.28,0.48,0.0,1332.0
kalshi:BTCMAX100-24-NOV29-100000,BTCMAX100-24-NOV29-100000,KXBTCMAX100,1713844800,2024-04-23 00:00:00+00:00,,,,,,0.33,0.28,0.43,0.0,1332.0
kalshi:BTCMAX100-24-NOV29-100000,BTCMAX100-24-NOV29-100000,KXBTCMAX100,1713931200,2024-04-24 00:00:00+00:00,0.39,0.39,0.4,0.4,0.3992,0.33,0.28,0.4,1300.0,2317.0
kalshi:BTCMAX100-24-NOV29-100000,BTCMAX100-24-NOV29-100000,KXBTCMAX100,1714017600,2024-04-25 00:00:00+00:00,,,,,,0.4,0.32,0.4,0.0,2317.0
kalshi:BTCMAX100-24-NOV29-100000,BTCMAX100-24-NOV29-100000,KXBTCMAX100,1714104000,2024-04-26 00:00:00+00:00,0.35,0.35,0.35,0.35,0.35,0.4,0.28,0.37,1.0,2318.0
kalshi:BTCMAX100-24-NOV29-100000,BTCMAX100-24-NOV29-100000,KXBTCMAX100,1714190400,2024-04-27 00:00:00+00:00,0.34,0.34,0.34,0.34,0.34,0.35,0.28,0.36,14.0,2332.0
kalshi:BTCMAX100-24-NOV29-100000,BTCMAX100-24-NOV29-100000,KXBTCMAX100,1714276800,2024-04-28 00:00:00+00:00,,,,,,0.34,0.28,0.36,0.0,2332.0
kalshi:BTCMAX100-24-NOV29-100000,BTCMAX100-24-NOV29-100000,KXBTCMAX100,1714363200,2024-04-29 00:00:00+00:00,,,,,,0.34,0.28,0.36,0.0,2332.0
kalshi:BTCMAX100-24-NOV29-100000,BTCMAX100-24-NOV29-100000,KXBTCMAX100,1714449600,2024-04-30 00:00:00+00:00,,,,,,0.34,0.28,0.36,0.0,2332.0
kalshi:BTCMAX100-24-NOV29-100000,BTCMAX100-24-NOV29-100000,KXBTCMAX100,1714536000,2024-05-01 00:00:00+00:00,0.3,0.3,0.3,0.3,0.3,0.34,0.03,0.36,9.0,2332.0
kalshi:BTCMAX100-24-NOV29-100000,BTCMAX100-24-NOV29-100000,KXBTCMAX100,1714622400,2024-05-02 00:00:00+00:00,0.23,0.21,0.27,0.27,0.2342,0.3,0.2,0.36,43.0,2358.0
kalshi:BTCMAX100-24-NOV29-100000,BTCMAX100-24-NOV29-100000,KXBTCMAX100,1714708800,2024-05-03 00:00:00+00:00,,,,,,0.27,0.01,0.36,0.0,2358.0
kalshi:BTCMAX100-24-NOV29-100000,BTCMAX100-24-NOV29-100000,KXBTCMAX100,1714795200,2024-05-04 00:00:00+00:00,,,,,,0.27,0.28,0.36,0.0,2358.0
kalshi:BTCMAX100-24-NOV29-100000,BTCMAX100-24-NOV29-100000,KXBTCMAX100,1714881600,2024-05-05 00:00:00+00:00,,,,,,0.27,0.01,0.36,0.0,2358.0
kalshi:BTCMAX100-24-NOV29-100000,BTCMAX100-24-NOV29-100000,KXBTCMAX100,1714968000,2024-05-06 00:00:00+00:00,,,,,,0.27,0.3,0.36,0.0,2358.0
kalshi:BTCMAX100-24-NOV29-100000,BTCMAX100-24-NOV29-100000,KXBTCMAX100,1715054400,2024-05-07 00:00:00+00:00,,,,,,0.27,0.28,0.36,0.0,2358.0
kalshi:BTCMAX100-24-NOV29-100000,BTCMAX100-24-NOV29-100000,KXBTCMAX100,1715140800,2024-05-08 00:00:00+00:00,,,,,,0.27,0.01,0.36,0.0,2358.0
kalshi:BTCMAX100-24-NOV29-100000,BTCMAX100-24-NOV29-100000,KXBTCMAX100,1715227200,2024-05-09 00:00:00+00:00,,,,,,0.27,0.01,0.36,0.0,2358.0
kalshi:BTCMAX100-24-NOV29-100000,BTCMAX100-24-NOV29-100000,KXBTCMAX100,1715313600,2024-05-10 00:00:00+00:00,,,,,,0.27,0.01,0.36,0.0,2358.0
kalshi:BTCMAX100-24-NOV29-100000,BTCMAX100-24-NOV29-100000,KXBTCMAX100,1715400000,2024-05-11 00:00:00+00:00,0.27,0.27,0.27,0.27,0.27,0.27,0.24,0.36,10.0,2368.0
kalshi:BTCMAX100-24-NOV29-100000,BTCMAX100-24-NOV29-100000,KXBTCMAX100,1715486400,2024-05-12 00:00:00+00:00,,,,,,0.27,0.01,0.36,0.0,2368.0
kalshi:BTCMAX100-24-NOV29-100000,BTCMAX100-24-NOV29-100000,KXBTCMAX100,1715572800,2024-05-13 00:00:00+00:00,,,,,,0.27,0.01,0.36,0.0,2368.0
kalshi:BTCMAX100-24-NOV29-100000,BTCMAX100-24-NOV29-100000,KXBTCMAX100,1715659200,2024-05-14 00:00:00+00:00,,,,,,0.27,0.27,0.36,0.0,2368.0
kalshi:BTCMAX100-24-NOV29-100000,BTCMAX100-24-NOV29-100000,KXBTCMAX100,1715745600,2024-05-15 00:00:00+00:00,,,,,,0.27,0.01,0.36,0.0,2368.0
kalshi:BTCMAX100-24-NOV29-100000,BTCMAX100-24-NOV29-100000,KXBTCMAX100,1715832000,2024-05-16 00:00:00+00:00,0.36,0.36,0.36,0.36,0.36,0.27,0.01,0.37,10.0,2378.0
kalshi:BTCMAX100-24-NOV29-100000,BTCMAX100-24-NOV29-100000,KXBTCMAX100,1715918400,2024-05-17 00:00:00+00:00,0.37,0.37,0.37,0.37,0.37,0.36,0.01,0.37,400.0,2778.0
kalshi:BTCMAX100-24-NOV29-100000,BTCMAX100-24-NOV29-100000,KXBTCMAX100,1716004800,2024-05-18 00:00:00+00:00,0.37,0.37,0.37,0.37,0.37,0.37,0.01,0.43,600.0,3378.0
kalshi:BTCMAX100-24-NOV29-100000,BTCMAX100-24-NOV29-100000,KXBTCMAX100,1716091200,2024-05-19 00:00:00+00:00,,,,,,0.37,0.01,0.43,0.0,3378.0
kalshi:BTCMAX100-24-NOV29-100000,BTCMAX100-24-NOV29-100000,KXBTCMAX100,1716177600,2024-05-20 00:00:00+00:00,,,,,,0.37,0.01,0.39,0.0,3378.0
kalshi:BTCMAX100-24-NOV29-100000,BTCMAX100-24-NOV29-100000,KXBTCMAX100,1716264000,2024-05-21 00:00:00+00:00,0.39,0.39,0.43,0.43,0.429,0.37,0.01,0.48,1025.0,4403.0
kalshi:BTCMAX100-24-NOV29-100000,BTCMAX100-24-NOV29-100000,KXBTCMAX100,1716350400,2024-05-22 00:00:00+00:00,0.43,0.43,0.43,0.43,0.43,0.43,0.01,0.48,22.0,4403.0
kalshi:BTCMAX100-24-NOV29-100000,BTCMAX100-24-NOV29-100000,KXBTCMAX100,1716436800,2024-05-23 00:00:00+00:00,,,,,,0.43,0.01,0.48,0.0,4403.0
kalshi:BTCMAX100-24-NOV29-100000,BTCMAX100-24-NOV29-100000,KXBTCMAX100,1716523200,2024-05-24 00:00:00+00:00,,,,,,0.43,0.01,0.38,0.0,4403.0
kalshi:BTCMAX100-24-NOV29-100000,BTCMAX100-24-NOV29-100000,KXBTCMAX100,1716609600,2024-05-25 00:00:00+00:00,0.38,0.38,0.38,0.38,0.38,0.43,0.01,0.44,25.0,4428.0
kalshi:BTCMAX100-24-NOV29-100000,BTCMAX100-24-NOV29-100000,KXBTCMAX100,1716696000,2024-05-26 00:00:00+00:00,0.36,0.36,0.36,0.36,0.36,0.38,0.01,0.48,30.0,4458.0
kalshi:BTCMAX100-24-NOV29-100000,BTCMAX100-24-NOV29-100000,KXBTCMAX100,1716782400,2024-05-27 00:00:00+00:00,,,,,,0.36,0.12,0.48,0.0,4458.0
kalshi:BTCMAX100-24-NOV29-100000,BTCMAX100-24-NOV29-100000,KXBTCMAX100,1716868800,2024-05-28 00:00:00+00:00,0.43,0.43,0.43,0.43,0.43,0.36,0.01,0.48,22.0,4458.0
kalshi:BTCMAX100-24-NOV29-100000,BTCMAX100-24-NOV29-100000,KXBTCMAX100,1716955200,2024-05-29 00:00:00+00:00,,,,,,0.43,0.01,0.48,0.0,4458.0
kalshi:BTCMAX100-24-NOV29-100000,BTCMAX100-24-NOV29-100000,KXBTCMAX100,1717041600,2024-05-30 00:00:00+00:00,0.38,0.38,0.38,0.38,0.38,0.43,0.01,0.48,25.0,4458.0
kalshi:BTCMAX100-24-NOV29-100000,BTCMAX100-24-NOV29-100000,KXBTCMAX100,1717128000,2024-05-31 00:00:00+00:00,0.43,0.43,0.43,0.43,0.43,0.38,0.01,0.48,22.0,4458.0
kalshi:BTCMAX100-24-NOV29-100000,BTCMAX100-24-NOV29-100000,KXBTCMAX100,1717214400,2024-06-01 00:00:00+00:00,0.34,0.34,0.34,0.34,0.34,0.43,0.28,0.39,22.0,4480.0
kalshi:BTCMAX100-24-NOV29-100000,BTCMAX100-24-NOV29-100000,KXBTCMAX100,1717300800,2024-06-02 00:00:00+00:00,0.3,0.3,0.3,0.3,0.3,0.34,0.12,0.49,800.0,5280.0
kalshi:BTCMAX100-24-NOV29-100000,BTCMAX100-24-NOV29-100000,KXBTCMAX100,1717387200,2024-06-03 00:00:00+00:00,,,,,,0.3,0.28,0.49,0.0,5280.0
kalshi:BTCMAX100-24-NOV29-100000,BTCMAX100-24-NOV29-100000,KXBTCMAX100,1717473600,2024-06-04 00:00:00+00:00,,,,,,0.3,0.21,0.34,0.0,5280.0
kalshi:BTCMAX100-24-NOV29-100000,BTCMAX100-24-NOV29-100000,KXBTCMAX100,1717560000,2024-06-05 00:00:00+00:00,0.34,0.34,0.37,0.37,0.3605,0.3,0.28,0.49,79.0,5305.0
kalshi:BTCMAX100-24-NOV29-100000,BTCMAX100-24-NOV29-100000,KXBTCMAX100,1717646400,2024-06-06 00:00:00+00:00,,,,,,0.37,0.28,0.49,0.0,5305.0
kalshi:BTCMAX100-24-NOV29-100000,BTCMAX100-24-NOV29-100000,KXBTCMAX100,1717732800,2024-06-07 00:00:00+00:00,0.33,0.33,0.33,0.33,0.33,0.37,0.12,0.42,25.0,5330.0
kalshi:BTCMAX100-24-NOV29-100000,BTCMAX100-24-NOV29-100000,KXBTCMAX100,1717819200,2024-06-08 00:00:00+00:00,,,,,,0.33,0.12,0.42,0.0,5330.0
kalshi:BTCMAX100-24-NOV29-100000,BTCMAX100-24-NOV29-100000,KXBTCMAX100,1717905600,2024-06-09 00:00:00+00:00,,,,,,0.33,0.12,0.4,0.0,5330.0
kalshi:BTCMAX100-24-NOV29-100000,BTCMAX100-24-NOV29-100000,KXBTCMAX100,1717992000,2024-06-10 00:00:00+00:00,,,,,,0.33,0.12,0.4,0.0,5330.0
kalshi:BTCMAX100-24-NOV29-100000,BTCMAX100-24-NOV29-100000,KXBTCMAX100,1718078400,2024-06-11 00:00:00+00:00,0.27,0.27,0.27,0.27,0.27,0.33,0.19,0.27,30.0,5300.0
kalshi:BTCMAX100-24-NOV29-100000,BTCMAX100-24-NOV29-100000,KXBTCMAX100,1718164800,2024-06-12 00:00:00+00:00,0.19,0.19,0.19,0.19,0.19,0.27,0.14,0.4,1000.0,6300.0
kalshi:BTCMAX100-24-NOV29-100000,BTCMAX100-24-NOV29-100000,KXBTCMAX100,1718251200,2024-06-13 00:00:00+00:00,,,,,,0.19,0.15,0.32,0.0,6300.0
kalshi:BTCMAX100-24-NOV29-100000,BTCMAX100-24-NOV29-100000,KXBTCMAX100,1718337600,2024-06-14 00:00:00+00:00,,,,,,0.19,0.04,0.49,0.0,6300.0
kalshi:BTCMAX100-24-NOV29-100000,BTCMAX100-24-NOV29-100000,KXBTCMAX100,1718424000,2024-06-15 00:00:00+00:00,0.25,0.25,0.25,0.25,0.25,0.19,0.04,0.49,19.0,6300.0
kalshi:BTCMAX100-24-NOV29-100000,BTCMAX100-24-NOV29-100000,KXBTCMAX100,1718510400,2024-06-16 00:00:00+00:00,,,,,,0.25,0.01,0.98,0.0,6300.0
kalshi:BTCMAX100-24-NOV29-100000,BTCMAX100-24-NOV29-100000,KXBTCMAX100,1718596800,2024-06-17 00:00:00+00:00,,,,,,0.25,0.01,0.29,0.0,6300.0
kalshi:BTCMAX100-24-NOV29-100000,BTCMAX100-24-NOV29-100000,KXBTCMAX100,1718683200,2024-06-18 00:00:00+00:00,,,,,,0.25,0.09,0.26,0.0,6300.0
kalshi:BTCMAX100-24-NOV29-100000,BTCMAX100-24-NOV29-100000,KXBTCMAX100,1718769600,2024-06-19 00:00:00+00:00,0.2,0.2,0.2,0.2,0.2,0.25,0.18,0.26,10.0,6300.0
kalshi:BTCMAX100-24-NOV29-100000,BTCMAX100-24-NOV29-100000,KXBTCMAX100,1718856000,2024-06-20 00:00:00+00:00,,,,,,0.2,0.18,0.98,0.0,6300.0
kalshi:BTCMAX100-24-NOV29-100000,BTCMAX100-24-NOV29-100000,KXBTCMAX100,1718942400,2024-06-21 00:00:00+00:00,,,,,,0.2,0.18,0.26,0.0,6300.0
kalshi:BTCMAX100-24-NOV29-100000,BTCMAX100-24-NOV29-100000,KXBTCMAX100,1719028800,2024-06-22 00:00:00+00:00,,,,,,0.2,0.18,0.98,0.0,6300.0
kalshi:BTCMAX100-24-NOV29-100000,BTCMAX100-24-NOV29-100000,KXBTCMAX100,1719115200,2024-06-23 00:00:00+00:00,0.18,0.18,0.18,0.18,0.18,0.2,0.18,0.26,12.0,6312.0
kalshi:BTCMAX100-24-NOV29-100000,BTCMAX100-24-NOV29-100000,KXBTCMAX100,1719201600,2024-06-24 00:00:00+00:00,0.18,0.18,0.18,0.18,0.18,0.18,0.09,0.26,13.0,6325.0
kalshi:BTCMAX100-24-NOV29-100000,BTCMAX100-24-NOV29-100000,KXBTCMAX100,1719288000,2024-06-25 00:00:00+00:00,,,,,,0.18,0.15,0.18,0.0,6325.0
kalshi:BTCMAX100-24-NOV29-100000,BTCMAX100-24-NOV29-100000,KXBTCMAX100,1719374400,2024-06-26 00:00:00+00:00,,,,,,0.18,0.15,0.2,0.0,6325.0
kalshi:BTCMAX100-24-NOV29-100000,BTCMAX100-24-NOV29-100000,KXBTCMAX100,1719547200,2024-06-28 00:00:00+00:00,0.2,0.2,0.2,0.2,0.2,0.18,0.15,0.2,800.0,5525.0
kalshi:BTCMAX100-24-NOV29-100000,BTCMAX100-24-NOV29-100000,KXBTCMAX100,1719633600,2024-06-29 00:00:00+00:00,0.19,0.19,0.19,0.19,0.19,0.2,0.15,0.21,49.0,5525.0
kalshi:BTCMAX100-24-NOV29-100000,BTCMAX100-24-NOV29-100000,KXBTCMAX100,1719892800,2024-07-02 00:00:00+00:00,0.16,0.16,0.16,0.16,0.16,0.19,0.15,0.19,1.0,5526.0
kalshi:BTCMAX100-24-NOV29-100000,BTCMAX100-24-NOV29-100000,KXBTCMAX100,1719979200,2024-07-03 00:00:00+00:00,0.15,0.14,0.19,0.19,0.1665,0.16,0.09,0.2,49.0,5526.0
kalshi:BTCMAX100-24-NOV29-100000,BTCMAX100-24-NOV29-100000,KXBTCMAX100,1720065600,2024-07-04 00:00:00+00:00,0.2,0.2,0.2,0.2,0.2,0.19,0.08,0.2,28.0,5526.0
kalshi:BTCMAX100-24-NOV29-100000,BTCMAX100-24-NOV29-100000,KXBTCMAX100,1720152000,2024-07-05 00:00:00+00:00,,,,,,0.2,0.08,0.22,0.0,5526.0
kalshi:BTCMAX100-24-NOV29-100000,BTCMAX100-24-NOV29-100000,KXBTCMAX100,1720238400,2024-07-06 00:00:00+00:00,,,,,,0.2,0.02,0.17,0.0,5526.0
kalshi:BTCMAX100-24-NOV29-100000,BTCMAX100-24-NOV29-100000,KXBTCMAX100,1720324800,2024-07-07 00:00:00+00:00,,,,,,0.2,0.02,0.18,0.0,5526.0
kalshi:BTCMAX100-24-NOV29-100000,BTCMAX100-24-NOV29-100000,KXBTCMAX100,1720497600,2024-07-09 00:00:00+00:00,,,,,,0.2,0.02,0.18,0.0,5526.0
kalshi:BTCMAX100-24-NOV29-100000,BTCMAX100-24-NOV29-100000,KXBTCMAX100,1720584000,2024-07-10 00:00:00+00:00,0.2,0.2,0.2,0.2,0.2,0.2,0.02,0.2,100.0,5426.0
kalshi:BTCMAX100-24-NOV29-100000,BTCMAX100-24-NOV29-100000,KXBTCMAX100,1720670400,2024-07-11 00:00:00+00:00,,,,,,0.2,0.04,0.2,0.0,5426.0
kalshi:BTCMAX100-24-NOV29-100000,BTCMAX100-24-NOV29-100000,KXBTCMAX100,1720756800,2024-07-12 00:00:00+00:00,0.19,0.19,0.19,0.19,0.19,0.2,0.05,0.19,4.0,5430.0
kalshi:BTCMAX100-24-NOV29-100000,BTCMAX100-24-NOV29-100000,KXBTCMAX100,1721275200,2024-07-18 00:00:00+00:00,,,,,,0.19,0.1,0.19,0.0,5430.0
kalshi:BTCMAX100-24-NOV29-100000,BTCMAX100-24-NOV29-100000,KXBTCMAX100,1721534400,2024-07-21 00:00:00+00:00,0.19,0.19,0.19,0.19,0.19,0.19,0.1,0.19,107.0,5537.0
kalshi:BTCMAX100-24-NOV29-100000,BTCMAX100-24-NOV29-100000,KXBTCMAX100,1721620800,2024-07-22 00:00:00+00:00,,,,,,0.19,0.12,0.19,0.0,5537.0
kalshi:BTCMAX100-24-NOV29-100000,BTCMAX100-24-NOV29-100000,KXBTCMAX100,1721707200,2024-07-23 00:00:00+00:00,0.19,0.19,0.39,0.39,0.2437,0.19,0.27,0.37,428.0,5726.0
kalshi:BTCMAX100-24-NOV29-100000,BTCMAX100-24-NOV29-100000,KXBTCMAX100,1721793600,2024-07-24 00:00:00+00:00,0.27,0.27,0.27,0.27,0.27,0.39,0.15,0.28,100.0,5726.0
kalshi:BTCMAX100-24-NOV29-100000,BTCMAX100-24-NOV29-100000,KXBTCMAX100,1721966400,2024-07-26 00:00:00+00:00,,,,,,0.27,0.15,0.28,0.0,5726.0
kalshi:BTCMAX100-24-NOV29-100000,BTCMAX100-24-NOV29-100000,KXBTCMAX100,1722139200,2024-07-28 00:00:00+00:00,0.15,0.15,0.28,0.28,0.215,0.27,0.15,0.28,2.0,5727.0
kalshi:BTCMAX100-24-NOV29-100000,BTCMAX100-24-NOV29-100000,KXBTCMAX100,1722225600,2024-07-29 00:00:00+00:00,,,,,,0.28,0.16,0.28,0.0,5727.0
kalshi:BTCMAX100-24-NOV29-100000,BTCMAX100-24-NOV29-100000,KXBTCMAX100,1722398400,2024-07-31 00:00:00+00:00,0.16,0.15,0.28,0.28,0.1764,0.28,0.16,0.23,25.0,5750.0
kalshi:BTCMAX100-24-NOV29-100000,BTCMAX100-24-NOV29-100000,KXBTCMAX100,1722484800,2024-08-01 00:00:00+00:00,,,,,,0.28,0.16,0.22,0.0,5750.0
kalshi:BTCMAX100-24-NOV29-100000,BTCMAX100-24-NOV29-100000,KXBTCMAX100,1722571200,2024-08-02 00:00:00+00:00,0.16,0.12,0.25,0.25,0.1692,0.28,0.12,0.28,1011.0,5898.0
kalshi:BTCMAX100-24-NOV29-100000,BTCMAX100-24-NOV29-100000,KXBTCMAX100,1722657600,2024-08-03 00:00:00+00:00,,,,,,0.25,0.12,0.18,0.0,5898.0
kalshi:BTCMAX100-24-NOV29-100000,BTCMAX100-24-NOV29-100000,KXBTCMAX100,1722830400,2024-08-05 00:00:00+00:00,,,,,,0.25,0.06,0.18,0.0,5898.0
kalshi:BTCMAX100-24-NOV29-100000,BTCMAX100-24-NOV29-100000,KXBTCMAX100,1722916800,2024-08-06 00:00:00+00:00,,,,,,0.25,0.06,0.15,0.0,5898.0
kalshi:BTCMAX100-24-NOV29-100000,BTCMAX100-24-NOV29-100000,KXBTCMAX100,1723003200,2024-08-07 00:00:00+00:00,0.16,0.16,0.23,0.23,0.21,0.25,0.06,0.19,45.0,5908.0
kalshi:BTCMAX100-24-NOV29-100000,BTCMAX100-24-NOV29-100000,KXBTCMAX100,1723176000,2024-08-09 00:00:00+00:00,,,,,,0.23,0.1,0.18,0.0,5908.0
kalshi:BTCMAX100-24-NOV29-100000,BTCMAX100-24-NOV29-100000,KXBTCMAX100,1723262400,2024-08-10 00:00:00+00:00,0.17,0.17,0.17,0.17,0.17,0.23,0.1,0.17,1.0,5909.0
kalshi:BTCMAX100-24-NOV29-100000,BTCMAX100-24-NOV29-100000,KXBTCMAX100,1723521600,2024-08-13 00:00:00+00:00,0.1,0.1,0.1,0.1,0.1,0.17,0.07,0.1,1.0,5909.0
kalshi:BTCMAX100-24-NOV29-100000,BTCMAX100-24-NOV29-100000,KXBTCMAX100,1723608000,2024-08-14 00:00:00+00:00,0.1,0.06,0.1,0.06,0.08,0.1,0.06,0.14,46.0,5919.0
kalshi:BTCMAX100-24-NOV29-100000,BTCMAX100-24-NOV29-100000,KXBTCMAX100,1723694400,2024-08-15 00:00:00+00:00,,,,,,0.06,0.07,0.12,0.0,5919.0
kalshi:BTCMAX100-24-NOV29-100000,BTCMAX100-24-NOV29-100000,KXBTCMAX100,1724040000,2024-08-19 00:00:00+00:00,0.12,0.12,0.13,0.13,0.1214,0.06,0.09,0.17,69.0,5988.0
kalshi:BTCMAX100-24-NOV29-100000,BTCMAX100-24-NOV29-100000,KXBTCMAX100,1724126400,2024-08-20 00:00:00+00:00,,,,,,0.13,0.09,0.17,0.0,5988.0
kalshi:BTCMAX100-24-NOV29-100000,BTCMAX100-24-NOV29-100000,KXBTCMAX100,1724212800,2024-08-21 00:00:00+00:00,,,,,,0.13,0.09,0.15,0.0,5988.0
kalshi:BTCMAX100-24-NOV29-100000,BTCMAX100-24-NOV29-100000,KXBTCMAX100,1724385600,2024-08-23 00:00:00+00:00,0.09,0.08,0.13,0.13,0.0909,0.13,0.08,0.15,55.0,5988.0
kalshi:BTCMAX100-24-NOV29-100000,BTCMAX100-24-NOV29-100000,KXBTCMAX100,1724472000,2024-08-24 00:00:00+00:00,,,,,,0.13,0.06,0.15,0.0,5988.0
kalshi:BTCMAX100-24-NOV29-100000,BTCMAX100-24-NOV29-100000,KXBTCMAX100,1724558400,2024-08-25 00:00:00+00:00,0.06,0.06,0.06,0.06,0.06,0.13,0.06,0.15,49.0,5988.0
kalshi:BTCMAX100-24-NOV29-100000,BTCMAX100-24-NOV29-100000,KXBTCMAX100,1724644800,2024-08-26 00:00:00+00:00,,,,,,0.06,0.05,0.15,0.0,5988.0
kalshi:BTCMAX100-24-NOV29-100000,BTCMAX100-24-NOV29-100000,KXBTCMAX100,1724817600,2024-08-28 00:00:00+00:00,,,,,,0.06,0.05,0.14,0.0,5988.0
kalshi:BTCMAX100-24-NOV29-100000,BTCMAX100-24-NOV29-100000,KXBTCMAX100,1724904000,2024-08-29 00:00:00+00:00,,,,,,0.06,0.05,0.12,0.0,5988.0
kalshi:BTCMAX100-24-NOV29-100000,BTCMAX100-24-NOV29-100000,KXBTCMAX100,1725076800,2024-08-31 00:00:00+00:00,,,,,,0.06,0.02,0.12,0.0,5988.0
kalshi:BTCMAX100-24-NOV29-100000,BTCMAX100-24-NOV29-100000,KXBTCMAX100,1725249600,2024-09-02 00:00:00+00:00,,,,,,0.06,0.02,0.1,0.0,5988.0
kalshi:BTCMAX100-24-NOV29-100000,BTCMAX100-24-NOV29-100000,KXBTCMAX100,1725336000,2024-09-03 00:00:00+00:00,,,,,,0.06,0.02,0.09,0.0,5988.0
kalshi:BTCMAX100-24-NOV29-100000,BTCMAX100-24-NOV29-100000,KXBTCMAX100,1725422400,2024-09-04 00:00:00+00:00,,,,,,0.06,0.02,0.08,0.0,5988.0
kalshi:BTCMAX100-24-NOV29-100000,BTCMAX100-24-NOV29-100000,KXBTCMAX100,1725508800,2024-09-05 00:00:00+00:00,,,,,,0.06,0.02,0.09,0.0,5988.0
kalshi:BTCMAX100-24-NOV29-100000,BTCMAX100-24-NOV29-100000,KXBTCMAX100,1725595200,2024-09-06 00:00:00+00:00,0.09,0.09,0.09,0.09,0.09,0.06,0.02,0.09,31.0,6019.0
kalshi:BTCMAX100-24-NOV29-100000,BTCMAX100-24-NOV29-100000,KXBTCMAX100,1725681600,2024-09-07 00:00:00+00:00,,,,,,0.09,0.02,0.08,0.0,6019.0
kalshi:BTCMAX100-24-NOV29-100000,BTCMAX100-24-NOV29-100000,KXBTCMAX100,1725940800,2024-09-10 00:00:00+00:00,,,,,,0.09,0.02,0.09,0.0,6019.0
kalshi:BTCMAX100-24-NOV29-100000,BTCMAX100-24-NOV29-100000,KXBTCMAX100,1726113600,2024-09-12 00:00:00+00:00,,,,,,0.09,0.02,0.09,0.0,6019.0
kalshi:BTCMAX100-24-NOV29-100000,BTCMAX100-24-NOV29-100000,KXBTCMAX100,1726200000,2024-09-13 00:00:00+00:00,0.02,0.02,0.06,0.06,0.0374,0.09,0.02,0.06,179.0,6120.0
kalshi:BTCMAX100-24-NOV29-100000,BTCMAX100-24-NOV29-100000,KXBTCMAX100,1726286400,2024-09-14 00:00:00+00:00,0.06,0.06,0.06,0.06,0.06,0.06,0.02,0.09,32.0,6120.0
kalshi:BTCMAX100-24-NOV29-100000,BTCMAX100-24-NOV29-100000,KXBTCMAX100,1726459200,2024-09-16 00:00:00+00:00,0.09,0.09,0.09,0.09,0.09,0.06,0.02,0.09,41.0,6161.0
kalshi:BTCMAX100-24-NOV29-100000,BTCMAX100-24-NOV29-100000,KXBTCMAX100,1726545600,2024-09-17 00:00:00+00:00,0.02,0.02,0.02,0.02,0.02,0.09,0.02,0.09,37.0,6198.0
kalshi:BTCMAX100-24-NOV29-100000,BTCMAX100-24-NOV29-100000,KXBTCMAX100,1726632000,2024-09-18 00:00:00+00:00,,,,,,0.02,0.04,0.08,0.0,6198.0
kalshi:BTCMAX100-24-NOV29-100000,BTCMAX100-24-NOV29-100000,KXBTCMAX100,1726718400,2024-09-19 00:00:00+00:00,,,,,,0.02,0.02,0.09,0.0,6198.0
kalshi:BTCMAX100-24-NOV29-100000,BTCMAX100-24-NOV29-100000,KXBTCMAX100,1726804800,2024-09-20 00:00:00+00:00,,,,,,0.02,0.02,0.08,0.0,6198.0
kalshi:BTCMAX100-24-NOV29-100000,BTCMAX100-24-NOV29-100000,KXBTCMAX100,1726891200,2024-09-21 00:00:00+00:00,0.02,0.02,0.02,0.02,0.02,0.02,0.02,0.06,107.0,6198.0
kalshi:BTCMAX100-24-NOV29-100000,BTCMAX100-24-NOV29-100000,KXBTCMAX100,1726977600,2024-09-22 00:00:00+00:00,0.06,0.06,0.06,0.06,0.06,0.02,0.02,0.06,15.0,6198.0
kalshi:BTCMAX100-24-NOV29-100000,BTCMAX100-24-NOV29-100000,KXBTCMAX100,1727064000,2024-09-23 00:00:00+00:00,,,,,,0.06,0.02,0.05,0.0,6198.0
kalshi:BTCMAX100-24-NOV29-100000,BTCMAX100-24-NOV29-100000,KXBTCMAX100,1727236800,2024-09-25 00:00:00+00:00,,,,,,0.06,0.02,0.04,0.0,6198.0
kalshi:BTCMAX100-24-NOV29-100000,BTCMAX100-24-NOV29-100000,KXBTCMAX100,1727409600,2024-09-27 00:00:00+00:00,,,,,,0.06,0.03,0.04,0.0,6198.0
kalshi:BTCMAX100-24-NOV29-100000,BTCMAX100-24-NOV29-100000,KXBTCMAX100,1727582400,2024-09-29 00:00:00+00:00,0.04,0.04,0.1,0.1,0.0689,0.06,0.03,0.1,150.0,6246.0
kalshi:BTCMAX100-24-NOV29-100000,BTCMAX100-24-NOV29-100000,KXBTCMAX100,1727668800,2024-09-30 00:00:00+00:00,0.03,0.03,0.03,0.03,0.03,0.1,0.02,0.09,500.0,6246.0
kalshi:BTCMAX100-24-NOV29-100000,BTCMAX100-24-NOV29-100000,KXBTCMAX100,1727755200,2024-10-01 00:00:00+00:00,,,,,,0.03,0.03,0.09,0.0,6246.0
kalshi:BTCMAX100-24-NOV29-100000,BTCMAX100-24-NOV29-100000,KXBTCMAX100,1727841600,2024-10-02 00:00:00+00:00,,,,,,0.03,0.03,0.1,0.0,6246.0
kalshi:BTCMAX100-24-NOV29-100000,BTCMAX100-24-NOV29-100000,KXBTCMAX100,1727928000,2024-10-03 00:00:00+00:00,0.07,0.07,0.07,0.07,0.07,0.03,0.03,0.07,268.0,6246.0
kalshi:BTCMAX100-24-NOV29-100000,BTCMAX100-24-NOV29-100000,KXBTCMAX100,1728014400,2024-10-04 00:00:00+00:00,0.03,0.03,0.03,0.03,0.03,0.07,0.03,0.05,1.0,6245.0
kalshi:BTCMAX100-24-NOV29-100000,BTCMAX100-24-NOV29-100000,KXBTCMAX100,1728100800,2024-10-05 00:00:00+00:00,0.05,0.05,0.05,0.05,0.05,0.03,0.03,0.05,85.0,6245.0
kalshi:BTCMAX100-24-NOV29-100000,BTCMAX100-24-NOV29-100000,KXBTCMAX100,1728273600,2024-10-07 00:00:00+00:00,0.03,0.03,0.03,0.03,0.03,0.05,0.02,0.05,56.0,6245.0
kalshi:BTCMAX100-24-NOV29-100000,BTCMAX100-24-NOV29-100000,KXBTCMAX100,1728360000,2024-10-08 00:00:00+00:00,0.04,0.02,0.04,0.02,0.0298,0.03,0.02,0.05,102.0,6347.0
kalshi:BTCMAX100-24-NOV29-100000,BTCMAX100-24-NOV29-100000,KXBTCMAX100,1728532800,2024-10-10 00:00:00+00:00,0.02,0.02,0.02,0.02,0.02,0.02,0.02,0.05,457.0,6804.0
kalshi:BTCMAX100-24-NOV29-100000,BTCMAX100-24-NOV29-100000,KXBTCMAX100,1728619200,2024-10-11 00:00:00+00:00,0.02,0.02,0.02,0.02,0.02,0.02,0.02,0.04,609.0,6951.0
kalshi:BTCMAX100-24-NOV29-100000,BTCMAX100-24-NOV29-100000,KXBTCMAX100,1728705600,2024-10-12 00:00:00+00:00,0.02,0.02,0.02,0.02,0.02,0.02,0.02,0.04,25.0,6951.0
kalshi:BTCMAX100-24-NOV29-100000,BTCMAX100-24-NOV29-100000,KXBTCMAX100,1728878400,2024-10-14 00:00:00+00:00,,,,,,0.02,0.02,0.04,0.0,6951.0
kalshi:BTCMAX100-24-NOV29-100000,BTCMAX100-24-NOV29-100000,KXBTCMAX100,1728964800,2024-10-15 00:00:00+00:00,0.02,0.02,0.02,0.02,0.02,0.02,0.01,0.04,13.0,6951.0
kalshi:BTCMAX100-24-NOV29-100000,BTCMAX100-24-NOV29-100000,KXBTCMAX100,1729051200,2024-10-16 00:00:00+00:00,,,,,,0.02,0.03,0.04,0.0,6951.0
kalshi:BTCMAX100-24-NOV29-100000,BTCMAX100-24-NOV29-100000,KXBTCMAX100,1729137600,2024-10-17 00:00:00+00:00,0.03,0.03,0.05,0.03,0.0348,0.02,0.02,0.06,853.0,7456.0
kalshi:BTCMAX100-24-NOV29-100000,BTCMAX100-24-NOV29-100000,KXBTCMAX100,1729224000,2024-10-18 00:00:00+00:00,0.06,0.06,0.1,0.1,0.0751,0.03,0.04,0.1,1062.0,7482.0
kalshi:BTCMAX100-24-NOV29-100000,BTCMAX100-24-NOV29-100000,KXBTCMAX100,1729310400,2024-10-19 00:00:00+00:00,0.1,0.04,0.1,0.04,0.0472,0.1,0.04,0.08,153.0,7379.0
kalshi:BTCMAX100-24-NOV29-100000,BTCMAX100-24-NOV29-100000,KXBTCMAX100,1729483200,2024-10-21 00:00:00+00:00,0.08,0.08,0.1,0.1,0.0872,0.04,0.06,0.1,78.0,7457.0
kalshi:BTCMAX100-24-NOV29-100000,BTCMAX100-24-NOV29-100000,KXBTCMAX100,1729569600,2024-10-22 00:00:00+00:00,0.06,0.06,0.1,0.1,0.0851,0.1,0.06,0.1,75.0,7498.0
kalshi:BTCMAX100-24-NOV29-100000,BTCMAX100-24-NOV29-100000,KXBTCMAX100,1729656000,2024-10-23 00:00:00+00:00,0.1,0.06,0.1,0.06,0.0976,0.1,0.06,0.11,500.0,7520.0
kalshi:BTCMAX100-24-NOV29-100000,BTCMAX100-24-NOV29-100000,KXBTCMAX100,1729742400,2024-10-24 00:00:00+00:00,0.11,0.11,0.11,0.11,0.11,0.06,0.06,0.1,42.0,7520.0
kalshi:BTCMAX100-24-NOV29-100000,BTCMAX100-24-NOV29-100000,KXBTCMAX100,1729828800,2024-10-25 00:00:00+00:00,0.06,0.06,0.07,0.07,0.0695,0.11,0.07,0.1,124.0,7520.0
kalshi:BTCMAX100-24-NOV29-100000,BTCMAX100-24-NOV29-100000,KXBTCMAX100,1729915200,2024-10-26 00:00:00+00:00,,,,,,0.07,0.07,0.09,0.0,7520.0
kalshi:BTCMAX100-24-NOV29-100000,BTCMAX100-24-NOV29-100000,KXBTCMAX100,1730001600,2024-10-27 00:00:00+00:00,0.07,0.07,0.07,0.07,0.07,0.07,0.06,0.09,100.0,7538.0
kalshi:BTCMAX100-24-NOV29-100000,BTCMAX100-24-NOV29-100000,KXBTCMAX100,1730174400,2024-10-29 00:00:00+00:00,0.06,0.03,0.06,0.06,0.045,0.07,0.05,0.06,1589.0,9048.0
kalshi:BTCMAX100-24-NOV29-100000,BTCMAX100-24-NOV29-100000,KXBTCMAX100,1730260800,2024-10-30 00:00:00+00:00,0.06,0.06,0.06,0.06,0.06,0.06,0.05,0.07,447.0,8601.0
kalshi:BTCMAX100-24-NOV29-100000,BTCMAX100-24-NOV29-100000,KXBTCMAX100,1730347200,2024-10-31 00:00:00+00:00,0.05,0.05,0.05,0.05,0.05,0.06,0.05,0.06,884.0,9485.0
kalshi:BTCMAX100-24-NOV29-100000,BTCMAX100-24-NOV29-100000,KXBTCMAX100,1730433600,2024-11-01 00:00:00+00:00,0.06,0.06,0.06,0.06,0.06,0.05,0.04,0.07,90.0,9395.0
kalshi:BTCMAX100-24-NOV29-100000,BTCMAX100-24-NOV29-100000,KXBTCMAX100,1730520000,2024-11-02 00:00:00+00:00,0.07,0.05,0.07,0.05,0.0504,0.06,0.03,0.1,153.0,9545.0
kalshi:BTCMAX100-24-NOV29-100000,BTCMAX100-24-NOV29-100000,KXBTCMAX100,1730606400,2024-11-03 00:00:00+00:00,,,,,,0.05,0.05,0.09,0.0,9545.0
kalshi:BTCMAX100-24-NOV29-100000,BTCMAX100-24-NOV29-100000,KXBTCMAX100,1730692800,2024-11-04 00:00:00+00:00,0.05,0.05,0.05,0.05,0.05,0.05,0.03,0.1,200.0,9745.0
kalshi:BTCMAX100-24-NOV29-100000,BTCMAX100-24-NOV29-100000,KXBTCMAX100,1730782800,2024-11-05 00:00:00+00:00,,,,,,,0.05,0.09,0.0,9745.0
kalshi:BTCMAX100-24-NOV29-100000,BTCMAX100-24-NOV29-100000,KXBTCMAX100,1730869200,2024-11-06 00:00:00+00:00,0.05,0.03,0.1,0.03,0.0418,,0.03,0.1,1480.0,9181.0
kalshi:BTCMAX100-24-NOV29-100000,BTCMAX100-24-NOV29-100000,KXBTCMAX100,1730955600,2024-11-07 00:00:00+00:00,0.1,0.01,0.16,0.01,0.1145,0.03,0.01,0.08,947.0,9259.0
kalshi:BTCMAX100-24-NOV29-100000,BTCMAX100-24-NOV29-100000,KXBTCMAX100,1731042000,2024-11-08 00:00:00+00:00,0.05,0.04,0.05,0.04,0.0417,0.01,0.02,0.04,6.0,9262.0
kalshi:BTCMAX100-24-NOV29-100000,BTCMAX100-24-NOV29-100000,KXBTCMAX100,1731128400,2024-11-09 00:00:00+00:00,0.07,0.04,0.15,0.15,0.0878,0.04,0.04,0.14,1635.0,9991.0
kalshi:BTCMAX100-24-NOV29-100000,BTCMAX100-24-NOV29-100000,KXBTCMAX100,1731214800,2024-11-10 00:00:00+00:00,,,,,,0.15,0.03,0.09,0.0,9991.0
kalshi:BTCMAX100-24-NOV29-100000,BTCMAX100-24-NOV29-100000,KXBTCMAX100,1731301200,2024-11-11 00:00:00+00:00,0.09,0.08,0.23,0.23,0.1545,0.15,0.23,0.24,1733.0,10598.0
kalshi:BTCMAX100-24-NOV29-100000,BTCMAX100-24-NOV29-100000,KXBTCMAX100,1731387600,2024-11-12 00:00:00+00:00,0.23,0.18,0.46,0.45,0.3479,0.23,0.37,0.46,2862.0,12885.0
kalshi:BTCMAX100-24-NOV29-100000,BTCMAX100-24-NOV29-100000,KXBTCMAX100,1731474000,2024-11-13 00:00:00+00:00,0.36,0.32,0.45,0.43,0.3729,0.45,0.28,0.42,273.0,12858.0
kalshi:BTCMAX100-24-NOV29-100000,BTCMAX100-24-NOV29-100000,KXBTCMAX100,1731560400,2024-11-14 00:00:00+00:00,0.42,0.41,0.65,0.53,0.5657,0.43,0.5,0.56,3813.0,12648.0
kalshi:BTCMAX100-24-NOV29-100000,BTCMAX100-24-NOV29-100000,KXBTCMAX100,1731646800,2024-11-15 00:00:00+00:00,0.54,0.3,0.54,0.45,0.4177,0.53,0.31,0.43,560.0,12465.0
kalshi:BTCMAX100-24-NOV29-100000,BTCMAX100-24-NOV29-100000,KXBTCMAX100,1731733200,2024-11-16 00:00:00+00:00,,,,,,0.45,0.0,1.0,0.0,12465.0
kalshi:BTCMAX100-24-NOV29-100000,BTCMAX100-24-NOV29-100000,KXBTCMAX100,1731819600,2024-11-17 00:00:00+00:00,0.49,0.17,0.74,0.3,0.4471,0.45,0.3,0.38,10601.0,18000.0
kalshi:BTCMAX100-24-NOV29-100000,BTCMAX100-24-NOV29-100000,KXBTCMAX100,1731906000,2024-11-18 00:00:00+00:00,0.42,0.27,0.6,0.27,0.4116,0.3,0.28,0.35,5450.0,21763.0
kalshi:BTCMAX100-24-NOV29-100000,BTCMAX100-24-NOV29-100000,KXBTCMAX100,1731992400,2024-11-19 00:00:00+00:00,0.28,0.27,0.46,0.46,0.3232,0.27,0.3,0.42,2430.0,22378.0
kalshi:BTCMAX100-24-NOV29-100000,BTCMAX100-24-NOV29-100000,KXBTCMAX100,1732078800,2024-11-20 00:00:00+00:00,0.3,0.2,0.97,0.4,0.4551,0.46,0.4,0.48,12841.0,29283.0
kalshi:BTCMAX100-24-NOV29-100000,BTCMAX100-24-NOV29-100000,KXBTCMAX100,1732165200,2024-11-21 00:00:00+00:00,0.48,0.41,0.88,0.88,0.653,0.4,0.78,0.88,21656.0,43567.0
kalshi:BTCMAX100-24-NOV29-100000,BTCMAX100-24-NOV29-100000,KXBTCMAX100,1732251600,2024-11-22 00:00:00+00:00,0.88,0.49,0.96,0.88,0.8427,0.88,0.82,0.91,101134.0,77385.0
kalshi:BTCMAX100-24-NOV29-100000,BTCMAX100-24-NOV29-100000,KXBTCMAX100,1732338000,2024-11-23 00:00:00+00:00,0.88,0.5,0.94,0.78,0.82,0.88,0.78,0.81,173802.0,143355.0
kalshi:BTCMAX100-24-NOV29-100000,BTCMAX100-24-NOV29-100000,KXBTCMAX100,1732424400,2024-11-24 00:00:00+00:00,0.78,0.55,0.83,0.61,0.6461,0.78,0.61,0.63,140222.0,201165.0
kalshi:BTCMAX100-24-NOV29-100000,BTCMAX100-24-NOV29-100000,KXBTCMAX100,1732510800,2024-11-25 00:00:00+00:00,0.63,0.25,0.72,0.62,0.5393,0.61,0.6,0.62,138532.0,241061.0
kalshi:BTCMAX100-24-NOV29-100000,BTCMAX100-24-NOV29-100000,KXBTCMAX100,1732597200,2024-11-26 00:00:00+00:00,0.62,0.25,0.8,0.28,0.3966,0.62,0.28,0.3,172828.0,272917.0
kalshi:BTCMAX100-24-NOV29-100000,BTCMAX100-24-NOV29-100000,KXBTCMAX100,1732683600,2024-11-27 00:00:00+00:00,0.28,0.05,0.32,0.11,0.1331,0.28,0.1,0.14,148381.0,289621.0
kalshi:BTCMAX100-24-NOV29-100000,BTCMAX100-24-NOV29-100000,KXBTCMAX100,1732770000,2024-11-28 00:00:00+00:00,0.14,0.06,0.47,0.16,0.2153,0.11,0.13,0.16,108788.0,325849.0
kalshi:BTCMAX100-24-NOV29-100000,BTCMAX100-24-NOV29-100000,KXBTCMAX100,1732856400,2024-11-29 00:00:00+00:00,0.13,0.04,0.2,0.09,0.1002,0.16,0.06,0.09,113982.0,359007.0
kalshi:BTCMAX100-24-OCT31-100000,BTCMAX100-24-OCT31-100000,KXBTCMAX100,1710820800,2024-03-19 00:00:00+00:00,0.44,0.35,0.44,0.39,0.3818,,0.28,0.33,256.0,231.0
kalshi:BTCMAX100-24-OCT31-100000,BTCMAX100-24-OCT31-100000,KXBTCMAX100,1710907200,2024-03-20 00:00:00+00:00,,,,,,0.39,0.33,0.36,0.0,231.0
kalshi:BTCMAX100-24-OCT31-100000,BTCMAX100-24-OCT31-100000,KXBTCMAX100,1710993600,2024-03-21 00:00:00+00:00,0.39,0.36,0.39,0.36,0.3669,0.39,0.36,0.4,13.0,244.0
kalshi:BTCMAX100-24-OCT31-100000,BTCMAX100-24-OCT31-100000,KXBTCMAX100,1711080000,2024-03-22 00:00:00+00:00,,,,,,0.36,0.35,0.97,0.0,244.0
kalshi:BTCMAX100-24-OCT31-100000,BTCMAX100-24-OCT31-100000,KXBTCMAX100,1711166400,2024-03-23 00:00:00+00:00,0.35,0.35,0.35,0.35,0.35,0.36,0.33,0.39,10.0,244.0
kalshi:BTCMAX100-24-OCT31-100000,BTCMAX100-24-OCT31-100000,KXBTCMAX100,1711252800,2024-03-24 00:00:00+00:00,,,,,,0.35,0.36,0.4,0.0,244.0
kalshi:BTCMAX100-24-OCT31-100000,BTCMAX100-24-OCT31-100000,KXBTCMAX100,1711339200,2024-03-25 00:00:00+00:00,0.4,0.4,0.43,0.43,0.418,0.35,0.27,0.4,25.0,244.0
kalshi:BTCMAX100-24-OCT31-100000,BTCMAX100-24-OCT31-100000,KXBTCMAX100,1711425600,2024-03-26 00:00:00+00:00,,,,,,0.43,0.39,0.4,0.0,244.0
kalshi:BTCMAX100-24-OCT31-100000,BTCMAX100-24-OCT31-100000,KXBTCMAX100,1711512000,2024-03-27 00:00:00+00:00,0.39,0.37,0.45,0.45,0.4196,0.43,0.51,0.53,217.0,351.0
kalshi:BTCMAX100-24-OCT31-100000,BTCMAX100-24-OCT31-100000,KXBTCMAX100,1711598400,2024-03-28 00:00:00+00:00,0.51,0.51,0.51,0.51,0.51,0.45,0.51,0.52,3.0,354.0
kalshi:BTCMAX100-24-OCT31-100000,BTCMAX100-24-OCT31-100000,KXBTCMAX100,1711684800,2024-03-29 00:00:00+00:00,0.51,0.51,0.51,0.51,0.51,0.51,0.48,0.51,4.0,358.0
kalshi:BTCMAX100-24-OCT31-100000,BTCMAX100-24-OCT31-100000,KXBTCMAX100,1711771200,2024-03-30 00:00:00+00:00,,,,,,0.51,0.46,0.51,0.0,358.0
kalshi:BTCMAX100-24-OCT31-100000,BTCMAX100-24-OCT31-100000,KXBTCMAX100,1712030400,2024-04-02 00:00:00+00:00,0.47,0.47,0.49,0.49,0.4898,0.51,0.4,0.46,99.0,456.0
kalshi:BTCMAX100-24-OCT31-100000,BTCMAX100-24-OCT31-100000,KXBTCMAX100,1712116800,2024-04-03 00:00:00+00:00,0.4,0.4,0.46,0.41,0.4229,0.49,0.39,0.47,170.0,486.0
kalshi:BTCMAX100-24-OCT31-100000,BTCMAX100-24-OCT31-100000,KXBTCMAX100,1712203200,2024-04-04 00:00:00+00:00,0.39,0.39,0.39,0.39,0.39,0.41,0.27,0.42,20.0,486.0
kalshi:BTCMAX100-24-OCT31-100000,BTCMAX100-24-OCT31-100000,KXBTCMAX100,1712289600,2024-04-05 00:00:00+00:00,0.4,0.4,0.4,0.4,0.4,0.39,0.27,0.47,240.0,486.0
kalshi:BTCMAX100-24-OCT31-100000,BTCMAX100-24-OCT31-100000,KXBTCMAX100,1712376000,2024-04-06 00:00:00+00:00,,,,,,0.4,0.27,0.47,0.0,486.0
kalshi:BTCMAX100-24-OCT31-100000,BTCMAX100-24-OCT31-100000,KXBTCMAX100,1712462400,2024-04-07 00:00:00+00:00,0.42,0.42,0.42,0.42,0.42,0.4,0.41,0.44,115.0,579.0
kalshi:BTCMAX100-24-OCT31-100000,BTCMAX100-24-OCT31-100000,KXBTCMAX100,1712548800,2024-04-08 00:00:00+00:00,0.44,0.44,0.44,0.44,0.44,0.42,0.42,0.46,15.0,594.0
kalshi:BTCMAX100-24-OCT31-100000,BTCMAX100-24-OCT31-100000,KXBTCMAX100,1712635200,2024-04-09 00:00:00+00:00,0.47,0.47,0.47,0.47,0.47,0.44,0.42,0.5,30.0,594.0
kalshi:BTCMAX100-24-OCT31-100000,BTCMAX100-24-OCT31-100000,KXBTCMAX100,1712721600,2024-04-10 00:00:00+00:00,,,,,,0.47,0.42,0.47,0.0,594.0
kalshi:BTCMAX100-24-OCT31-100000,BTCMAX100-24-OCT31-100000,KXBTCMAX100,1712808000,2024-04-11 00:00:00+00:00,0.42,0.4,0.43,0.43,0.4247,0.47,0.4,0.48,73.0,624.0
kalshi:BTCMAX100-24-OCT31-100000,BTCMAX100-24-OCT31-100000,KXBTCMAX100,1712894400,2024-04-12 00:00:00+00:00,,,,,,0.43,0.42,0.48,0.0,624.0
kalshi:BTCMAX100-24-OCT31-100000,BTCMAX100-24-OCT31-100000,KXBTCMAX100,1712980800,2024-04-13 00:00:00+00:00,0.42,0.42,0.42,0.42,0.42,0.43,0.27,0.48,7.0,617.0
kalshi:BTCMAX100-24-OCT31-100000,BTCMAX100-24-OCT31-100000,KXBTCMAX100,1713067200,2024-04-14 00:00:00+00:00,,,,,,0.42,0.27,0.48,0.0,617.0
kalshi:BTCMAX100-24-OCT31-100000,BTCMAX100-24-OCT31-100000,KXBTCMAX100,1713153600,2024-04-15 00:00:00+00:00,,,,,,0.42,0.27,0.48,0.0,617.0
kalshi:BTCMAX100-24-OCT31-100000,BTCMAX100-24-OCT31-100000,KXBTCMAX100,1713240000,2024-04-16 00:00:00+00:00,,,,,,0.42,0.28,0.36,0.0,617.0
kalshi:BTCMAX100-24-OCT31-100000,BTCMAX100-24-OCT31-100000,KXBTCMAX100,1713326400,2024-04-17 00:00:00+00:00,0.31,0.31,0.31,0.31,0.31,0.42,0.28,0.38,140.0,757.0
kalshi:BTCMAX100-24-OCT31-100000,BTCMAX100-24-OCT31-100000,KXBTCMAX100,1713412800,2024-04-18 00:00:00+00:00,,,,,,0.31,0.27,0.38,0.0,757.0
kalshi:BTCMAX100-24-OCT31-100000,BTCMAX100-24-OCT31-100000,KXBTCMAX100,1713499200,2024-04-19 00:00:00+00:00,0.33,0.3,0.33,0.3,0.3205,0.31,0.27,0.46,41.0,770.0
kalshi:BTCMAX100-24-OCT31-100000,BTCMAX100-24-OCT31-100000,KXBTCMAX100,1713585600,2024-04-20 00:00:00+00:00,,,,,,0.3,0.28,0.46,0.0,770.0
kalshi:BTCMAX100-24-OCT31-100000,BTCMAX100-24-OCT31-100000,KXBTCMAX100,1713672000,2024-04-21 00:00:00+00:00,,,,,,0.3,0.3,0.46,0.0,770.0
kalshi:BTCMAX100-24-OCT31-100000,BTCMAX100-24-OCT31-100000,KXBTCMAX100,1713758400,2024-04-22 00:00:00+00:00,,,,,,0.3,0.31,0.46,0.0,770.0
kalshi:BTCMAX100-24-OCT31-100000,BTCMAX100-24-OCT31-100000,KXBTCMAX100,1713844800,2024-04-23 00:00:00+00:00,0.38,0.38,0.38,0.38,0.38,0.3,0.31,0.46,500.0,1270.0
kalshi:BTCMAX100-24-OCT31-100000,BTCMAX100-24-OCT31-100000,KXBTCMAX100,1713931200,2024-04-24 00:00:00+00:00,,,,,,0.38,0.31,0.46,0.0,1270.0
kalshi:BTCMAX100-24-OCT31-100000,BTCMAX100-24-OCT31-100000,KXBTCMAX100,1714017600,2024-04-25 00:00:00+00:00,0.31,0.3,0.31,0.3,0.3044,0.38,0.28,0.46,320.0,1520.0
kalshi:BTCMAX100-24-OCT31-100000,BTCMAX100-24-OCT31-100000,KXBTCMAX100,1714104000,2024-04-26 00:00:00+00:00,0.32,0.31,0.32,0.31,0.3163,0.3,0.28,0.46,190.0,1640.0
kalshi:BTCMAX100-24-OCT31-100000,BTCMAX100-24-OCT31-100000,KXBTCMAX100,1714190400,2024-04-27 00:00:00+00:00,,,,,,0.31,0.27,0.46,0.0,1640.0
kalshi:BTCMAX100-24-OCT31-100000,BTCMAX100-24-OCT31-100000,KXBTCMAX100,1714276800,2024-04-28 00:00:00+00:00,,,,,,0.31,0.27,0.46,0.0,1640.0
kalshi:BTCMAX100-24-OCT31-100000,BTCMAX100-24-OCT31-100000,KXBTCMAX100,1714363200,2024-04-29 00:00:00+00:00,,,,,,0.31,0.27,0.46,0.0,1640.0
kalshi:BTCMAX100-24-OCT31-100000,BTCMAX100-24-OCT31-100000,KXBTCMAX100,1714449600,2024-04-30 00:00:00+00:00,0.3,0.3,0.3,0.3,0.3,0.31,0.27,0.46,15.0,1655.0
kalshi:BTCMAX100-24-OCT31-100000,BTCMAX100-24-OCT31-100000,KXBTCMAX100,1714536000,2024-05-01 00:00:00+00:00,0.27,0.24,0.27,0.24,0.255,0.3,0.21,0.26,20.0,1665.0
kalshi:BTCMAX100-24-OCT31-100000,BTCMAX100-24-OCT31-100000,KXBTCMAX100,1714622400,2024-05-02 00:00:00+00:00,0.2,0.2,0.2,0.2,0.2,0.24,0.17,0.24,1.0,1666.0
kalshi:BTCMAX100-24-OCT31-100000,BTCMAX100-24-OCT31-100000,KXBTCMAX100,1714708800,2024-05-03 00:00:00+00:00,,,,,,0.2,0.17,0.26,0.0,1666.0
kalshi:BTCMAX100-24-OCT31-100000,BTCMAX100-24-OCT31-100000,KXBTCMAX100,1714795200,2024-05-04 00:00:00+00:00,0.26,0.26,0.26,0.26,0.26,0.2,0.17,0.32,5.0,1671.0
kalshi:BTCMAX100-24-OCT31-100000,BTCMAX100-24-OCT31-100000,KXBTCMAX100,1714881600,2024-05-05 00:00:00+00:00,,,,,,0.26,0.17,0.44,0.0,1671.0
kalshi:BTCMAX100-24-OCT31-100000,BTCMAX100-24-OCT31-100000,KXBTCMAX100,1714968000,2024-05-06 00:00:00+00:00,,,,,,0.26,0.17,0.44,0.0,1671.0
kalshi:BTCMAX100-24-OCT31-100000,BTCMAX100-24-OCT31-100000,KXBTCMAX100,1715054400,2024-05-07 00:00:00+00:00,,,,,,0.26,0.17,0.44,0.0,1671.0
kalshi:BTCMAX100-24-OCT31-100000,BTCMAX100-24-OCT31-100000,KXBTCMAX100,1715140800,2024-05-08 00:00:00+00:00,,,,,,0.26,0.22,0.44,0.0,1671.0
kalshi:BTCMAX100-24-OCT31-100000,BTCMAX100-24-OCT31-100000,KXBTCMAX100,1715227200,2024-05-09 00:00:00+00:00,,,,,,0.26,0.22,0.44,0.0,1671.0
kalshi:BTCMAX100-24-OCT31-100000,BTCMAX100-24-OCT31-100000,KXBTCMAX100,1715313600,2024-05-10 00:00:00+00:00,0.26,0.25,0.26,0.25,0.2566,0.26,0.17,0.44,38.0,1709.0
kalshi:BTCMAX100-24-OCT31-100000,BTCMAX100-24-OCT31-100000,KXBTCMAX100,1715400000,2024-05-11 00:00:00+00:00,0.26,0.25,0.26,0.25,0.2599,0.25,0.2,0.44,121.0,1589.0
kalshi:BTCMAX100-24-OCT31-100000,BTCMAX100-24-OCT31-100000,KXBTCMAX100,1715486400,2024-05-12 00:00:00+00:00,,,,,,0.25,0.01,0.44,0.0,1589.0
kalshi:BTCMAX100-24-OCT31-100000,BTCMAX100-24-OCT31-100000,KXBTCMAX100,1715572800,2024-05-13 00:00:00+00:00,,,,,,0.25,0.21,0.44,0.0,1589.0
kalshi:BTCMAX100-24-OCT31-100000,BTCMAX100-24-OCT31-100000,KXBTCMAX100,1715659200,2024-05-14 00:00:00+00:00,,,,,,0.25,0.22,0.44,0.0,1589.0
kalshi:BTCMAX100-24-OCT31-100000,BTCMAX100-24-OCT31-100000,KXBTCMAX100,1715745600,2024-05-15 00:00:00+00:00,,,,,,0.25,0.22,0.44,0.0,1589.0
kalshi:BTCMAX100-24-OCT31-100000,BTCMAX100-24-OCT31-100000,KXBTCMAX100,1715832000,2024-05-16 00:00:00+00:00,0.3,0.3,0.32,0.32,0.3018,0.25,0.28,0.44,11.0,1599.0
kalshi:BTCMAX100-24-OCT31-100000,BTCMAX100-24-OCT31-100000,KXBTCMAX100,1715918400,2024-05-17 00:00:00+00:00,,,,,,0.32,0.01,0.44,0.0,1599.0
kalshi:BTCMAX100-24-OCT31-100000,BTCMAX100-24-OCT31-100000,KXBTCMAX100,1716004800,2024-05-18 00:00:00+00:00,0.33,0.33,0.33,0.33,0.33,0.32,0.3,0.44,7.0,1606.0
kalshi:BTCMAX100-24-OCT31-100000,BTCMAX100-24-OCT31-100000,KXBTCMAX100,1716091200,2024-05-19 00:00:00+00:00,0.33,0.33,0.33,0.33,0.33,0.33,0.28,0.44,25.0,1631.0
kalshi:BTCMAX100-24-OCT31-100000,BTCMAX100-24-OCT31-100000,KXBTCMAX100,1716177600,2024-05-20 00:00:00+00:00,0.31,0.28,0.31,0.28,0.2958,0.33,0.01,0.33,59.0,1689.0
kalshi:BTCMAX100-24-OCT31-100000,BTCMAX100-24-OCT31-100000,KXBTCMAX100,1716264000,2024-05-21 00:00:00+00:00,0.3,0.3,0.33,0.33,0.3285,0.28,0.01,0.44,2015.0,3704.0
kalshi:BTCMAX100-24-OCT31-100000,BTCMAX100-24-OCT31-100000,KXBTCMAX100,1716350400,2024-05-22 00:00:00+00:00,0.36,0.36,0.36,0.36,0.36,0.33,0.01,0.44,15.0,3719.0
kalshi:BTCMAX100-24-OCT31-100000,BTCMAX100-24-OCT31-100000,KXBTCMAX100,1716436800,2024-05-23 00:00:00+00:00,,,,,,0.36,0.01,0.44,0.0,3719.0
kalshi:BTCMAX100-24-OCT31-100000,BTCMAX100-24-OCT31-100000,KXBTCMAX100,1716523200,2024-05-24 00:00:00+00:00,0.37,0.37,0.37,0.37,0.37,0.36,0.12,0.44,20.0,3719.0
kalshi:BTCMAX100-24-OCT31-100000,BTCMAX100-24-OCT31-100000,KXBTCMAX100,1716609600,2024-05-25 00:00:00+00:00,,,,,,0.37,0.28,0.44,0.0,3719.0
kalshi:BTCMAX100-24-OCT31-100000,BTCMAX100-24-OCT31-100000,KXBTCMAX100,1716696000,2024-05-26 00:00:00+00:00,,,,,,0.37,0.28,0.44,0.0,3719.0
kalshi:BTCMAX100-24-OCT31-100000,BTCMAX100-24-OCT31-100000,KXBTCMAX100,1716782400,2024-05-27 00:00:00+00:00,,,,,,0.37,0.28,0.44,0.0,3719.0
kalshi:BTCMAX100-24-OCT31-100000,BTCMAX100-24-OCT31-100000,KXBTCMAX100,1716868800,2024-05-28 00:00:00+00:00,,,,,,0.37,0.28,0.35,0.0,3719.0
kalshi:BTCMAX100-24-OCT31-100000,BTCMAX100-24-OCT31-100000,KXBTCMAX100,1716955200,2024-05-29 00:00:00+00:00,0.34,0.34,0.34,0.34,0.34,0.37,0.28,0.35,8.0,3719.0
kalshi:BTCMAX100-24-OCT31-100000,BTCMAX100-24-OCT31-100000,KXBTCMAX100,1717041600,2024-05-30 00:00:00+00:00,,,,,,0.34,0.12,0.35,0.0,3719.0
kalshi:BTCMAX100-24-OCT31-100000,BTCMAX100-24-OCT31-100000,KXBTCMAX100,1717128000,2024-05-31 00:00:00+00:00,,,,,,0.34,0.28,0.35,0.0,3719.0
kalshi:BTCMAX100-24-OCT31-100000,BTCMAX100-24-OCT31-100000,KXBTCMAX100,1717214400,2024-06-01 00:00:00+00:00,,,,,,0.34,0.12,0.35,0.0,3719.0
kalshi:BTCMAX100-24-OCT31-100000,BTCMAX100-24-OCT31-100000,KXBTCMAX100,1717300800,2024-06-02 00:00:00+00:00,0.26,0.26,0.26,0.26,0.26,0.34,0.12,0.35,27.0,3719.0
kalshi:BTCMAX100-24-OCT31-100000,BTCMAX100-24-OCT31-100000,KXBTCMAX100,1717387200,2024-06-03 00:00:00+00:00,,,,,,0.26,0.12,0.35,0.0,3719.0
kalshi:BTCMAX100-24-OCT31-100000,BTCMAX100-24-OCT31-100000,KXBTCMAX100,1717473600,2024-06-04 00:00:00+00:00,,,,,,0.26,0.12,0.35,0.0,3719.0
kalshi:BTCMAX100-24-OCT31-100000,BTCMAX100-24-OCT31-100000,KXBTCMAX100,1717560000,2024-06-05 00:00:00+00:00,,,,,,0.26,0.12,0.44,0.0,3719.0
kalshi:BTCMAX100-24-OCT31-100000,BTCMAX100-24-OCT31-100000,KXBTCMAX100,1717646400,2024-06-06 00:00:00+00:00,,,,,,0.26,0.18,0.39,0.0,3719.0
kalshi:BTCMAX100-24-OCT31-100000,BTCMAX100-24-OCT31-100000,KXBTCMAX100,1717732800,2024-06-07 00:00:00+00:00,0.22,0.22,0.22,0.22,0.22,0.26,0.12,0.39,75.0,3794.0
kalshi:BTCMAX100-24-OCT31-100000,BTCMAX100-24-OCT31-100000,KXBTCMAX100,1717819200,2024-06-08 00:00:00+00:00,,,,,,0.22,0.12,0.39,0.0,3794.0
kalshi:BTCMAX100-24-OCT31-100000,BTCMAX100-24-OCT31-100000,KXBTCMAX100,1717905600,2024-06-09 00:00:00+00:00,,,,,,0.22,0.12,0.38,0.0,3794.0
kalshi:BTCMAX100-24-OCT31-100000,BTCMAX100-24-OCT31-100000,KXBTCMAX100,1717992000,2024-06-10 00:00:00+00:00,,,,,,0.22,0.17,0.25,0.0,3794.0
kalshi:BTCMAX100-24-OCT31-100000,BTCMAX100-24-OCT31-100000,KXBTCMAX100,1718078400,2024-06-11 00:00:00+00:00,0.23,0.23,0.23,0.23,0.23,0.22,0.15,0.21,79.0,3715.0
kalshi:BTCMAX100-24-OCT31-100000,BTCMAX100-24-OCT31-100000,KXBTCMAX100,1718164800,2024-06-12 00:00:00+00:00,0.17,0.17,0.18,0.18,0.1783,0.23,0.12,0.25,1200.0,4915.0
kalshi:BTCMAX100-24-OCT31-100000,BTCMAX100-24-OCT31-100000,KXBTCMAX100,1718251200,2024-06-13 00:00:00+00:00,,,,,,0.18,0.12,0.27,0.0,4915.0
kalshi:BTCMAX100-24-OCT31-100000,BTCMAX100-24-OCT31-100000,KXBTCMAX100,1718337600,2024-06-14 00:00:00+00:00,,,,,,0.18,0.14,0.44,0.0,4915.0
kalshi:BTCMAX100-24-OCT31-100000,BTCMAX100-24-OCT31-100000,KXBTCMAX100,1718424000,2024-06-15 00:00:00+00:00,,,,,,0.18,0.12,0.44,0.0,4915.0
kalshi:BTCMAX100-24-OCT31-100000,BTCMAX100-24-OCT31-100000,KXBTCMAX100,1718510400,2024-06-16 00:00:00+00:00,,,,,,0.18,0.12,0.43,0.0,4915.0
kalshi:BTCMAX100-24-OCT31-100000,BTCMAX100-24-OCT31-100000,KXBTCMAX100,1718596800,2024-06-17 00:00:00+00:00,,,,,,0.18,0.12,0.43,0.0,4915.0
kalshi:BTCMAX100-24-OCT31-100000,BTCMAX100-24-OCT31-100000,KXBTCMAX100,1718683200,2024-06-18 00:00:00+00:00,,,,,,0.18,0.14,0.28,0.0,4915.0
kalshi:BTCMAX100-24-OCT31-100000,BTCMAX100-24-OCT31-100000,KXBTCMAX100,1718769600,2024-06-19 00:00:00+00:00,0.14,0.14,0.14,0.14,0.14,0.18,0.14,0.28,8.0,4907.0
kalshi:BTCMAX100-24-OCT31-100000,BTCMAX100-24-OCT31-100000,KXBTCMAX100,1718856000,2024-06-20 00:00:00+00:00,,,,,,0.14,0.14,0.43,0.0,4907.0
kalshi:BTCMAX100-24-OCT31-100000,BTCMAX100-24-OCT31-100000,KXBTCMAX100,1718942400,2024-06-21 00:00:00+00:00,,,,,,0.14,0.14,0.25,0.0,4907.0
kalshi:BTCMAX100-24-OCT31-100000,BTCMAX100-24-OCT31-100000,KXBTCMAX100,1719028800,2024-06-22 00:00:00+00:00,,,,,,0.14,0.14,0.21,0.0,4907.0
kalshi:BTCMAX100-24-OCT31-100000,BTCMAX100-24-OCT31-100000,KXBTCMAX100,1719115200,2024-06-23 00:00:00+00:00,,,,,,0.14,0.14,0.21,0.0,4907.0
kalshi:BTCMAX100-24-OCT31-100000,BTCMAX100-24-OCT31-100000,KXBTCMAX100,1719201600,2024-06-24 00:00:00+00:00,0.14,0.14,0.14,0.14,0.14,0.14,0.14,0.21,20.0,4907.0
kalshi:BTCMAX100-24-OCT31-100000,BTCMAX100-24-OCT31-100000,KXBTCMAX100,1719288000,2024-06-25 00:00:00+00:00,,,,,,0.14,0.12,0.16,0.0,4907.0
kalshi:BTCMAX100-24-OCT31-100000,BTCMAX100-24-OCT31-100000,KXBTCMAX100,1719460800,2024-06-27 00:00:00+00:00,0.12,0.12,0.12,0.12,0.12,0.14,0.06,0.16,21.0,4928.0
kalshi:BTCMAX100-24-OCT31-100000,BTCMAX100-24-OCT31-100000,KXBTCMAX100,1719547200,2024-06-28 00:00:00+00:00,,,,,,0.12,0.06,0.18,0.0,4928.0
kalshi:BTCMAX100-24-OCT31-100000,BTCMAX100-24-OCT31-100000,KXBTCMAX100,1719633600,2024-06-29 00:00:00+00:00,0.17,0.17,0.17,0.17,0.17,0.12,0.06,0.17,100.0,4928.0
kalshi:BTCMAX100-24-OCT31-100000,BTCMAX100-24-OCT31-100000,KXBTCMAX100,1719892800,2024-07-02 00:00:00+00:00,,,,,,0.17,0.07,0.17,0.0,4928.0
kalshi:BTCMAX100-24-OCT31-100000,BTCMAX100-24-OCT31-100000,KXBTCMAX100,1719979200,2024-07-03 00:00:00+00:00,,,,,,0.17,0.06,0.17,0.0,4928.0
kalshi:BTCMAX100-24-OCT31-100000,BTCMAX100-24-OCT31-100000,KXBTCMAX100,1720065600,2024-07-04 00:00:00+00:00,,,,,,0.17,0.06,0.19,0.0,4928.0
kalshi:BTCMAX100-24-OCT31-100000,BTCMAX100-24-OCT31-100000,KXBTCMAX100,1720152000,2024-07-05 00:00:00+00:00,0.19,0.19,0.19,0.19,0.19,0.17,0.07,0.19,493.0,4928.0
kalshi:BTCMAX100-24-OCT31-100000,BTCMAX100-24-OCT31-100000,KXBTCMAX100,1720238400,2024-07-06 00:00:00+00:00,,,,,,0.19,0.07,0.12,0.0,4928.0
kalshi:BTCMAX100-24-OCT31-100000,BTCMAX100-24-OCT31-100000,KXBTCMAX100,1720324800,2024-07-07 00:00:00+00:00,0.12,0.12,0.12,0.12,0.12,0.19,0.07,0.13,78.0,4928.0
kalshi:BTCMAX100-24-OCT31-100000,BTCMAX100-24-OCT31-100000,KXBTCMAX100,1720411200,2024-07-08 00:00:00+00:00,0.07,0.07,0.07,0.07,0.07,0.12,0.01,0.13,10.0,4928.0
kalshi:BTCMAX100-24-OCT31-100000,BTCMAX100-24-OCT31-100000,KXBTCMAX100,1720584000,2024-07-10 00:00:00+00:00,,,,,,0.07,0.01,0.39,0.0,4928.0
kalshi:BTCMAX100-24-OCT31-100000,BTCMAX100-24-OCT31-100000,KXBTCMAX100,1720670400,2024-07-11 00:00:00+00:00,0.37,0.12,0.44,0.12,0.2593,0.07,0.05,0.15,82.0,4931.0
kalshi:BTCMAX100-24-OCT31-100000,BTCMAX100-24-OCT31-100000,KXBTCMAX100,1720756800,2024-07-12 00:00:00+00:00,,,,,,0.12,0.05,0.14,0.0,4931.0
kalshi:BTCMAX100-24-OCT31-100000,BTCMAX100-24-OCT31-100000,KXBTCMAX100,1721188800,2024-07-17 00:00:00+00:00,,,,,,0.12,0.05,0.14,0.0,4931.0
kalshi:BTCMAX100-24-OCT31-100000,BTCMAX100-24-OCT31-100000,KXBTCMAX100,1721448000,2024-07-20 00:00:00+00:00,0.14,0.14,0.14,0.14,0.14,0.12,0.05,0.14,100.0,5031.0
kalshi:BTCMAX100-24-OCT31-100000,BTCMAX100-24-OCT31-100000,KXBTCMAX100,1721620800,2024-07-22 00:00:00+00:00,,,,,,0.14,0.06,0.14,0.0,5031.0
kalshi:BTCMAX100-24-OCT31-100000,BTCMAX100-24-OCT31-100000,KXBTCMAX100,1722312000,2024-07-30 00:00:00+00:00,0.06,0.06,0.06,0.06,0.06,0.14,0.06,0.12,41.0,5072.0
kalshi:BTCMAX100-24-OCT31-100000,BTCMAX100-24-OCT31-100000,KXBTCMAX100,1722398400,2024-07-31 00:00:00+00:00,,,,,,0.06,0.06,0.1,0.0,5072.0
kalshi:BTCMAX100-24-OCT31-100000,BTCMAX100-24-OCT31-100000,KXBTCMAX100,1722484800,2024-08-01 00:00:00+00:00,0.11,0.11,0.12,0.12,0.1114,0.06,0.12,0.17,291.0,5031.0
kalshi:BTCMAX100-24-OCT31-100000,BTCMAX100-24-OCT31-100000,KXBTCMAX100,1722571200,2024-08-02 00:00:00+00:00,0.12,0.12,0.12,0.12,0.12,0.12,0.12,0.17,11.0,5031.0
kalshi:BTCMAX100-24-OCT31-100000,BTCMAX100-24-OCT31-100000,KXBTCMAX100,1722657600,2024-08-03 00:00:00+00:00,,,,,,0.12,0.12,0.15,0.0,5031.0
kalshi:BTCMAX100-24-OCT31-100000,BTCMAX100-24-OCT31-100000,KXBTCMAX100,1722744000,2024-08-04 00:00:00+00:00,0.12,0.11,0.12,0.11,0.1141,0.12,0.06,0.15,288.0,5201.0
kalshi:BTCMAX100-24-OCT31-100000,BTCMAX100-24-OCT31-100000,KXBTCMAX100,1722830400,2024-08-05 00:00:00+00:00,,,,,,0.11,0.05,0.14,0.0,5201.0
kalshi:BTCMAX100-24-OCT31-100000,BTCMAX100-24-OCT31-100000,KXBTCMAX100,1722916800,2024-08-06 00:00:00+00:00,0.05,0.05,0.05,0.05,0.05,0.11,0.05,0.14,64.0,5265.0
kalshi:BTCMAX100-24-OCT31-100000,BTCMAX100-24-OCT31-100000,KXBTCMAX100,1723003200,2024-08-07 00:00:00+00:00,,,,,,0.05,0.05,0.14,0.0,5265.0
kalshi:BTCMAX100-24-OCT31-100000,BTCMAX100-24-OCT31-100000,KXBTCMAX100,1723176000,2024-08-09 00:00:00+00:00,0.05,0.05,0.05,0.05,0.05,0.05,0.03,0.14,33.0,5265.0
kalshi:BTCMAX100-24-OCT31-100000,BTCMAX100-24-OCT31-100000,KXBTCMAX100,1723262400,2024-08-10 00:00:00+00:00,,,,,,0.05,0.03,0.14,0.0,5265.0
kalshi:BTCMAX100-24-OCT31-100000,BTCMAX100-24-OCT31-100000,KXBTCMAX100,1723348800,2024-08-11 00:00:00+00:00,,,,,,0.05,0.03,0.14,0.0,5265.0
kalshi:BTCMAX100-24-OCT31-100000,BTCMAX100-24-OCT31-100000,KXBTCMAX100,1723608000,2024-08-14 00:00:00+00:00,0.14,0.04,0.14,0.04,0.1338,0.05,0.04,0.1,32.0,5265.0
kalshi:BTCMAX100-24-OCT31-100000,BTCMAX100-24-OCT31-100000,KXBTCMAX100,1723694400,2024-08-15 00:00:00+00:00,,,,,,0.04,0.04,0.09,0.0,5265.0
kalshi:BTCMAX100-24-OCT31-100000,BTCMAX100-24-OCT31-100000,KXBTCMAX100,1723867200,2024-08-17 00:00:00+00:00,,,,,,0.04,0.04,0.09,0.0,5265.0
kalshi:BTCMAX100-24-OCT31-100000,BTCMAX100-24-OCT31-100000,KXBTCMAX100,1724040000,2024-08-19 00:00:00+00:00,0.09,0.09,0.09,0.09,0.09,0.04,0.06,0.14,15.0,5280.0
kalshi:BTCMAX100-24-OCT31-100000,BTCMAX100-24-OCT31-100000,KXBTCMAX100,1724385600,2024-08-23 00:00:00+00:00,,,,,,0.09,0.06,0.14,0.0,5280.0
kalshi:BTCMAX100-24-OCT31-100000,BTCMAX100-24-OCT31-100000,KXBTCMAX100,1724472000,2024-08-24 00:00:00+00:00,,,,,,0.09,0.06,0.14,0.0,5280.0
kalshi:BTCMAX100-24-OCT31-100000,BTCMAX100-24-OCT31-100000,KXBTCMAX100,1724558400,2024-08-25 00:00:00+00:00,,,,,,0.09,0.06,0.13,0.0,5280.0
kalshi:BTCMAX100-24-OCT31-100000,BTCMAX100-24-OCT31-100000,KXBTCMAX100,1724644800,2024-08-26 00:00:00+00:00,,,,,,0.09,0.06,0.13,0.0,5280.0
kalshi:BTCMAX100-24-OCT31-100000,BTCMAX100-24-OCT31-100000,KXBTCMAX100,1724731200,2024-08-27 00:00:00+00:00,,,,,,0.09,0.06,0.13,0.0,5280.0
kalshi:BTCMAX100-24-OCT31-100000,BTCMAX100-24-OCT31-100000,KXBTCMAX100,1724817600,2024-08-28 00:00:00+00:00,0.06,0.06,0.06,0.06,0.06,0.09,0.04,0.12,15.0,5280.0
kalshi:BTCMAX100-24-OCT31-100000,BTCMAX100-24-OCT31-100000,KXBTCMAX100,1724904000,2024-08-29 00:00:00+00:00,0.04,0.03,0.04,0.03,0.0323,0.06,0.03,0.11,121.0,5280.0
kalshi:BTCMAX100-24-OCT31-100000,BTCMAX100-24-OCT31-100000,KXBTCMAX100,1725076800,2024-08-31 00:00:00+00:00,,,,,,0.03,0.03,0.09,0.0,5280.0
kalshi:BTCMAX100-24-OCT31-100000,BTCMAX100-24-OCT31-100000,KXBTCMAX100,1725249600,2024-09-02 00:00:00+00:00,0.03,0.03,0.03,0.03,0.03,0.03,0.01,0.09,50.0,5280.0
kalshi:BTCMAX100-24-OCT31-100000,BTCMAX100-24-OCT31-100000,KXBTCMAX100,1725336000,2024-09-03 00:00:00+00:00,,,,,,0.03,0.01,0.08,0.0,5280.0
kalshi:BTCMAX100-24-OCT31-100000,BTCMAX100-24-OCT31-100000,KXBTCMAX100,1725422400,2024-09-04 00:00:00+00:00,,,,,,0.03,0.01,0.06,0.0,5280.0
kalshi:BTCMAX100-24-OCT31-100000,BTCMAX100-24-OCT31-100000,KXBTCMAX100,1725508800,2024-09-05 00:00:00+00:00,,,,,,0.03,0.01,0.07,0.0,5280.0
kalshi:BTCMAX100-24-OCT31-100000,BTCMAX100-24-OCT31-100000,KXBTCMAX100,1725595200,2024-09-06 00:00:00+00:00,0.07,0.03,0.08,0.03,0.0692,0.03,0.01,0.04,146.0,5400.0
kalshi:BTCMAX100-24-OCT31-100000,BTCMAX100-24-OCT31-100000,KXBTCMAX100,1725681600,2024-09-07 00:00:00+00:00,,,,,,0.03,0.01,0.06,0.0,5400.0
kalshi:BTCMAX100-24-OCT31-100000,BTCMAX100-24-OCT31-100000,KXBTCMAX100,1725940800,2024-09-10 00:00:00+00:00,,,,,,0.03,0.01,0.05,0.0,5400.0
kalshi:BTCMAX100-24-OCT31-100000,BTCMAX100-24-OCT31-100000,KXBTCMAX100,1726200000,2024-09-13 00:00:00+00:00,,,,,,0.03,0.01,0.05,0.0,5400.0
kalshi:BTCMAX100-24-OCT31-100000,BTCMAX100-24-OCT31-100000,KXBTCMAX100,1726286400,2024-09-14 00:00:00+00:00,0.05,0.05,0.05,0.05,0.05,0.03,0.02,0.05,15.0,5415.0
kalshi:BTCMAX100-24-OCT31-100000,BTCMAX100-24-OCT31-100000,KXBTCMAX100,1726459200,2024-09-16 00:00:00+00:00,0.05,0.05,0.05,0.05,0.05,0.05,0.0,0.05,16.0,5415.0
kalshi:BTCMAX100-24-OCT31-100000,BTCMAX100-24-OCT31-100000,KXBTCMAX100,1726804800,2024-09-20 00:00:00+00:00,,,,,,0.05,0.0,0.04,0.0,5415.0
kalshi:BTCMAX100-24-OCT31-100000,BTCMAX100-24-OCT31-100000,KXBTCMAX100,1726891200,2024-09-21 00:00:00+00:00,,,,,,0.05,0.0,0.02,0.0,5415.0
kalshi:BTCMAX100-24-OCT31-100000,BTCMAX100-24-OCT31-100000,KXBTCMAX100,1726977600,2024-09-22 00:00:00+00:00,0.02,0.02,0.02,0.02,0.02,0.05,0.02,0.04,50.0,5415.0
kalshi:BTCMAX100-24-OCT31-100000,BTCMAX100-24-OCT31-100000,KXBTCMAX100,1727064000,2024-09-23 00:00:00+00:00,,,,,,0.02,0.02,0.05,0.0,5415.0
kalshi:BTCMAX100-24-OCT31-100000,BTCMAX100-24-OCT31-100000,KXBTCMAX100,1727150400,2024-09-24 00:00:00+00:00,,,,,,0.02,0.02,0.05,0.0,5415.0
kalshi:BTCMAX100-24-OCT31-100000,BTCMAX100-24-OCT31-100000,KXBTCMAX100,1727236800,2024-09-25 00:00:00+00:00,0.02,0.02,0.02,0.02,0.02,0.02,0.0,0.05,5.0,5415.0
kalshi:BTCMAX100-24-OCT31-100000,BTCMAX100-24-OCT31-100000,KXBTCMAX100,1727409600,2024-09-27 00:00:00+00:00,,,,,,0.02,0.01,0.05,0.0,5415.0
kalshi:BTCMAX100-24-OCT31-100000,BTCMAX100-24-OCT31-100000,KXBTCMAX100,1727496000,2024-09-28 00:00:00+00:00,0.01,0.01,0.01,0.01,0.01,0.02,0.01,0.04,100.0,5415.0
kalshi:BTCMAX100-24-OCT31-100000,BTCMAX100-24-OCT31-100000,KXBTCMAX100,1727582400,2024-09-29 00:00:00+00:00,,,,,,0.01,0.01,0.03,0.0,5415.0
kalshi:BTCMAX100-24-OCT31-100000,BTCMAX100-24-OCT31-100000,KXBTCMAX100,1727755200,2024-10-01 00:00:00+00:00,0.01,0.01,0.01,0.01,0.01,0.01,0.01,0.02,1009.0,5415.0
kalshi:BTCMAX100-24-OCT31-100000,BTCMAX100-24-OCT31-100000,KXBTCMAX100,1727841600,2024-10-02 00:00:00+00:00,0.02,0.01,0.03,0.01,0.0169,0.01,0.01,0.02,1418.0,6305.0
kalshi:BTCMAX100-24-OCT31-100000,BTCMAX100-24-OCT31-100000,KXBTCMAX100,1727928000,2024-10-03 00:00:00+00:00,0.01,0.01,0.01,0.01,0.01,0.01,0.0,0.02,101.0,6405.0
kalshi:BTCMAX100-24-OCT31-100000,BTCMAX100-24-OCT31-100000,KXBTCMAX100,1728014400,2024-10-04 00:00:00+00:00,,,,,,0.01,0.0,0.01,0.0,6405.0
kalshi:BTCMAX100-24-OCT31-100000,BTCMAX100-24-OCT31-100000,KXBTCMAX100,1728100800,2024-10-05 00:00:00+00:00,,,,,,0.01,0.0,0.03,0.0,6405.0
kalshi:BTCMAX100-24-OCT31-100000,BTCMAX100-24-OCT31-100000,KXBTCMAX100,1728878400,2024-10-14 00:00:00+00:00,0.02,0.02,0.02,0.02,0.02,0.01,0.0,0.03,1200.0,7605.0
kalshi:BTCMAX100-24-OCT31-100000,BTCMAX100-24-OCT31-100000,KXBTCMAX100,1728964800,2024-10-15 00:00:00+00:00,0.01,0.01,0.01,0.01,0.01,0.02,0.01,0.02,1401.0,9006.0
kalshi:BTCMAX100-24-OCT31-100000,BTCMAX100-24-OCT31-100000,KXBTCMAX100,1729051200,2024-10-16 00:00:00+00:00,0.01,0.01,0.01,0.01,0.01,0.01,0.0,0.01,3599.0,12605.0
kalshi:BTCMAX100-24-OCT31-100000,BTCMAX100-24-OCT31-100000,KXBTCMAX100,1729137600,2024-10-17 00:00:00+00:00,0.01,0.01,0.01,0.01,0.01,0.01,0.01,0.02,1217.0,13822.0
kalshi:BTCMAX100-24-OCT31-100000,BTCMAX100-24-OCT31-100000,KXBTCMAX100,1729224000,2024-10-18 00:00:00+00:00,0.01,0.01,0.01,0.01,0.01,0.01,0.01,0.02,1877.0,15699.0
kalshi:BTCMAX100-24-OCT31-100000,BTCMAX100-24-OCT31-100000,KXBTCMAX100,1729483200,2024-10-21 00:00:00+00:00,0.02,0.02,0.02,0.02,0.02,0.01,0.01,0.02,50.0,15749.0
kalshi:BTCMAX100-24-OCT31-100000,BTCMAX100-24-OCT31-100000,KXBTCMAX100,1729569600,2024-10-22 00:00:00+00:00,0.01,0.01,0.02,0.02,0.0129,0.02,0.01,0.03,1978.0,17727.0
kalshi:BTCMAX100-24-OCT31-100000,BTCMAX100-24-OCT31-100000,KXBTCMAX100,1729656000,2024-10-23 00:00:00+00:00,0.01,0.01,0.01,0.01,0.01,0.02,0.01,0.02,1816.0,19543.0
kalshi:BTCMAX100-24-OCT31-100000,BTCMAX100-24-OCT31-100000,KXBTCMAX100,1729742400,2024-10-24 00:00:00+00:00,0.01,0.01,0.08,0.02,0.0332,0.01,0.01,0.03,2677.0,20954.0
kalshi:BTCMAX100-24-OCT31-100000,BTCMAX100-24-OCT31-100000,KXBTCMAX100,1729828800,2024-10-25 00:00:00+00:00,0.01,0.01,0.01,0.01,0.01,0.02,0.01,0.02,7246.0,28200.0
kalshi:BTCMAX100-24-OCT31-100000,BTCMAX100-24-OCT31-100000,KXBTCMAX100,1729915200,2024-10-26 00:00:00+00:00,0.01,0.01,0.01,0.01,0.01,0.01,0.01,0.02,1259.0,29459.0
kalshi:BTCMAX100-24-OCT31-100000,BTCMAX100-24-OCT31-100000,KXBTCMAX100,1730088000,2024-10-28 00:00:00+00:00,,,,,,0.01,0.0,0.02,0.0,29459.0
kalshi:BTCMAX100-24-OCT31-100000,BTCMAX100-24-OCT31-100000,KXBTCMAX100,1730260800,2024-10-30 00:00:00+00:00,,,,,,0.01,0.0,0.01,0.0,29459.0
kalshi:BTCMAX100-24-SEP30-100000,BTCMAX100-24-SEP30-100000,KXBTCMAX100,1710820800,2024-03-19 00:00:00+00:00,0.42,0.34,0.42,0.34,0.3474,,0.25,0.29,441.0,441.0
kalshi:BTCMAX100-24-SEP30-100000,BTCMAX100-24-SEP30-100000,KXBTCMAX100,1710907200,2024-03-20 00:00:00+00:00,,,,,,0.34,0.28,0.34,0.0,441.0
kalshi:BTCMAX100-24-SEP30-100000,BTCMAX100-24-SEP30-100000,KXBTCMAX100,1710993600,2024-03-21 00:00:00+00:00,0.34,0.34,0.34,0.34,0.34,0.34,0.32,0.36,28.0,441.0
kalshi:BTCMAX100-24-SEP30-100000,BTCMAX100-24-SEP30-100000,KXBTCMAX100,1711080000,2024-03-22 00:00:00+00:00,,,,,,0.34,0.35,0.97,0.0,441.0
kalshi:BTCMAX100-24-SEP30-100000,BTCMAX100-24-SEP30-100000,KXBTCMAX100,1711166400,2024-03-23 00:00:00+00:00,,,,,,0.34,0.28,0.35,0.0,441.0
kalshi:BTCMAX100-24-SEP30-100000,BTCMAX100-24-SEP30-100000,KXBTCMAX100,1711252800,2024-03-24 00:00:00+00:00,,,,,,0.34,0.32,0.36,0.0,441.0
kalshi:BTCMAX100-24-SEP30-100000,BTCMAX100-24-SEP30-100000,KXBTCMAX100,1711339200,2024-03-25 00:00:00+00:00,,,,,,0.34,0.25,0.36,0.0,441.0
kalshi:BTCMAX100-24-SEP30-100000,BTCMAX100-24-SEP30-100000,KXBTCMAX100,1711425600,2024-03-26 00:00:00+00:00,0.36,0.36,0.36,0.36,0.36,0.34,0.35,0.38,41.0,441.0
kalshi:BTCMAX100-24-SEP30-100000,BTCMAX100-24-SEP30-100000,KXBTCMAX100,1711512000,2024-03-27 00:00:00+00:00,0.38,0.38,0.97,0.97,0.4953,0.36,0.42,0.49,983.0,1002.0
kalshi:BTCMAX100-24-SEP30-100000,BTCMAX100-24-SEP30-100000,KXBTCMAX100,1711598400,2024-03-28 00:00:00+00:00,0.48,0.46,0.48,0.46,0.4718,0.97,0.46,0.48,132.0,1012.0
kalshi:BTCMAX100-24-SEP30-100000,BTCMAX100-24-SEP30-100000,KXBTCMAX100,1711684800,2024-03-29 00:00:00+00:00,,,,,,0.46,0.45,0.47,0.0,1012.0
kalshi:BTCMAX100-24-SEP30-100000,BTCMAX100-24-SEP30-100000,KXBTCMAX100,1711771200,2024-03-30 00:00:00+00:00,,,,,,0.46,0.43,0.49,0.0,1012.0
kalshi:BTCMAX100-24-SEP30-100000,BTCMAX100-24-SEP30-100000,KXBTCMAX100,1711857600,2024-03-31 00:00:00+00:00,,,,,,0.46,0.43,0.48,0.0,1012.0
kalshi:BTCMAX100-24-SEP30-100000,BTCMAX100-24-SEP30-100000,KXBTCMAX100,1712030400,2024-04-02 00:00:00+00:00,,,,,,0.46,0.36,0.41,0.0,1012.0
kalshi:BTCMAX100-24-SEP30-100000,BTCMAX100-24-SEP30-100000,KXBTCMAX100,1712116800,2024-04-03 00:00:00+00:00,0.44,0.44,0.44,0.44,0.44,0.46,0.25,0.43,21.0,1033.0
kalshi:BTCMAX100-24-SEP30-100000,BTCMAX100-24-SEP30-100000,KXBTCMAX100,1712203200,2024-04-04 00:00:00+00:00,,,,,,0.44,0.28,0.37,0.0,1033.0
kalshi:BTCMAX100-24-SEP30-100000,BTCMAX100-24-SEP30-100000,KXBTCMAX100,1712289600,2024-04-05 00:00:00+00:00,0.37,0.37,0.39,0.39,0.38,0.44,0.25,0.99,40.0,1033.0
kalshi:BTCMAX100-24-SEP30-100000,BTCMAX100-24-SEP30-100000,KXBTCMAX100,1712376000,2024-04-06 00:00:00+00:00,,,,,,0.39,0.25,0.99,0.0,1033.0
kalshi:BTCMAX100-24-SEP30-100000,BTCMAX100-24-SEP30-100000,KXBTCMAX100,1712462400,2024-04-07 00:00:00+00:00,0.38,0.38,0.38,0.38,0.38,0.39,0.37,0.4,10.0,1033.0
kalshi:BTCMAX100-24-SEP30-100000,BTCMAX100-24-SEP30-100000,KXBTCMAX100,1712548800,2024-04-08 00:00:00+00:00,0.4,0.4,0.4,0.4,0.4,0.38,0.38,0.42,15.0,1033.0
kalshi:BTCMAX100-24-SEP30-100000,BTCMAX100-24-SEP30-100000,KXBTCMAX100,1712635200,2024-04-09 00:00:00+00:00,,,,,,0.4,0.38,0.46,0.0,1033.0
kalshi:BTCMAX100-24-SEP30-100000,BTCMAX100-24-SEP30-100000,KXBTCMAX100,1712721600,2024-04-10 00:00:00+00:00,0.38,0.38,0.38,0.38,0.38,0.4,0.37,0.44,10.0,1033.0
kalshi:BTCMAX100-24-SEP30-100000,BTCMAX100-24-SEP30-100000,KXBTCMAX100,1712808000,2024-04-11 00:00:00+00:00,0.37,0.37,0.37,0.37,0.37,0.38,0.38,0.46,5.0,1033.0
kalshi:BTCMAX100-24-SEP30-100000,BTCMAX100-24-SEP30-100000,KXBTCMAX100,1712894400,2024-04-12 00:00:00+00:00,,,,,,0.37,0.37,0.46,0.0,1033.0
kalshi:BTCMAX100-24-SEP30-100000,BTCMAX100-24-SEP30-100000,KXBTCMAX100,1712980800,2024-04-13 00:00:00+00:00,0.38,0.38,0.38,0.38,0.38,0.37,0.25,0.44,10.0,1033.0
kalshi:BTCMAX100-24-SEP30-100000,BTCMAX100-24-SEP30-100000,KXBTCMAX100,1713067200,2024-04-14 00:00:00+00:00,0.25,0.25,0.25,0.25,0.25,0.38,0.22,0.44,10.0,1043.0
kalshi:BTCMAX100-24-SEP30-100000,BTCMAX100-24-SEP30-100000,KXBTCMAX100,1713153600,2024-04-15 00:00:00+00:00,,,,,,0.25,0.22,0.44,0.0,1043.0
kalshi:BTCMAX100-24-SEP30-100000,BTCMAX100-24-SEP30-100000,KXBTCMAX100,1713240000,2024-04-16 00:00:00+00:00,,,,,,0.25,0.22,0.44,0.0,1043.0
kalshi:BTCMAX100-24-SEP30-100000,BTCMAX100-24-SEP30-100000,KXBTCMAX100,1713326400,2024-04-17 00:00:00+00:00,0.27,0.27,0.27,0.27,0.27,0.25,0.22,0.44,600.0,1100.0
kalshi:BTCMAX100-24-SEP30-100000,BTCMAX100-24-SEP30-100000,KXBTCMAX100,1713412800,2024-04-18 00:00:00+00:00,,,,,,0.27,0.22,0.4,0.0,1100.0
kalshi:BTCMAX100-24-SEP30-100000,BTCMAX100-24-SEP30-100000,KXBTCMAX100,1713499200,2024-04-19 00:00:00+00:00,,,,,,0.27,0.22,0.29,0.0,1100.0
kalshi:BTCMAX100-24-SEP30-100000,BTCMAX100-24-SEP30-100000,KXBTCMAX100,1713585600,2024-04-20 00:00:00+00:00,0.29,0.27,0.3,0.27,0.2856,0.27,0.22,0.4,160.0,1260.0
kalshi:BTCMAX100-24-SEP30-100000,BTCMAX100-24-SEP30-100000,KXBTCMAX100,1713672000,2024-04-21 00:00:00+00:00,,,,,,0.27,0.22,0.4,0.0,1260.0
kalshi:BTCMAX100-24-SEP30-100000,BTCMAX100-24-SEP30-100000,KXBTCMAX100,1713758400,2024-04-22 00:00:00+00:00,,,,,,0.27,0.22,0.35,0.0,1260.0
kalshi:BTCMAX100-24-SEP30-100000,BTCMAX100-24-SEP30-100000,KXBTCMAX100,1713844800,2024-04-23 00:00:00+00:00,,,,,,0.27,0.28,0.34,0.0,1260.0
kalshi:BTCMAX100-24-SEP30-100000,BTCMAX100-24-SEP30-100000,KXBTCMAX100,1713931200,2024-04-24 00:00:00+00:00,,,,,,0.27,0.28,0.34,0.0,1260.0
kalshi:BTCMAX100-24-SEP30-100000,BTCMAX100-24-SEP30-100000,KXBTCMAX100,1714017600,2024-04-25 00:00:00+00:00,,,,,,0.27,0.22,0.34,0.0,1260.0
kalshi:BTCMAX100-24-SEP30-100000,BTCMAX100-24-SEP30-100000,KXBTCMAX100,1714104000,2024-04-26 00:00:00+00:00,0.22,0.2,0.22,0.2,0.2167,0.27,0.2,0.33,60.0,1320.0
kalshi:BTCMAX100-24-SEP30-100000,BTCMAX100-24-SEP30-100000,KXBTCMAX100,1714190400,2024-04-27 00:00:00+00:00,,,,,,0.2,0.21,0.28,0.0,1320.0
kalshi:BTCMAX100-24-SEP30-100000,BTCMAX100-24-SEP30-100000,KXBTCMAX100,1714276800,2024-04-28 00:00:00+00:00,,,,,,0.2,0.2,0.28,0.0,1320.0
kalshi:BTCMAX100-24-SEP30-100000,BTCMAX100-24-SEP30-100000,KXBTCMAX100,1714363200,2024-04-29 00:00:00+00:00,,,,,,0.2,0.2,0.28,0.0,1320.0
kalshi:BTCMAX100-24-SEP30-100000,BTCMAX100-24-SEP30-100000,KXBTCMAX100,1714449600,2024-04-30 00:00:00+00:00,,,,,,0.2,0.22,0.28,0.0,1320.0
kalshi:BTCMAX100-24-SEP30-100000,BTCMAX100-24-SEP30-100000,KXBTCMAX100,1714536000,2024-05-01 00:00:00+00:00,0.2,0.2,0.2,0.2,0.2,0.2,0.19,0.24,5.0,1320.0
kalshi:BTCMAX100-24-SEP30-100000,BTCMAX100-24-SEP30-100000,KXBTCMAX100,1714622400,2024-05-02 00:00:00+00:00,0.19,0.16,0.19,0.16,0.1895,0.2,0.13,0.2,61.0,1261.0
kalshi:BTCMAX100-24-SEP30-100000,BTCMAX100-24-SEP30-100000,KXBTCMAX100,1714708800,2024-05-03 00:00:00+00:00,0.16,0.16,0.16,0.16,0.16,0.16,0.13,0.26,400.0,1661.0
kalshi:BTCMAX100-24-SEP30-100000,BTCMAX100-24-SEP30-100000,KXBTCMAX100,1714795200,2024-05-04 00:00:00+00:00,,,,,,0.16,0.2,0.26,0.0,1661.0
kalshi:BTCMAX100-24-SEP30-100000,BTCMAX100-24-SEP30-100000,KXBTCMAX100,1714881600,2024-05-05 00:00:00+00:00,,,,,,0.16,0.13,0.26,0.0,1661.0
kalshi:BTCMAX100-24-SEP30-100000,BTCMAX100-24-SEP30-100000,KXBTCMAX100,1714968000,2024-05-06 00:00:00+00:00,0.26,0.26,0.26,0.26,0.26,0.16,0.21,0.28,25.0,1661.0
kalshi:BTCMAX100-24-SEP30-100000,BTCMAX100-24-SEP30-100000,KXBTCMAX100,1715054400,2024-05-07 00:00:00+00:00,,,,,,0.26,0.2,0.28,0.0,1661.0
kalshi:BTCMAX100-24-SEP30-100000,BTCMAX100-24-SEP30-100000,KXBTCMAX100,1715140800,2024-05-08 00:00:00+00:00,0.25,0.25,0.25,0.25,0.25,0.26,0.19,0.25,400.0,2061.0
kalshi:BTCMAX100-24-SEP30-100000,BTCMAX100-24-SEP30-100000,KXBTCMAX100,1715227200,2024-05-09 00:00:00+00:00,,,,,,0.25,0.17,0.25,0.0,2061.0
kalshi:BTCMAX100-24-SEP30-100000,BTCMAX100-24-SEP30-100000,KXBTCMAX100,1715313600,2024-05-10 00:00:00+00:00,0.2,0.2,0.2,0.2,0.2,0.25,0.13,0.28,12.0,2073.0
kalshi:BTCMAX100-24-SEP30-100000,BTCMAX100-24-SEP30-100000,KXBTCMAX100,1715400000,2024-05-11 00:00:00+00:00,0.23,0.23,0.23,0.23,0.23,0.2,0.15,0.24,60.0,2013.0
kalshi:BTCMAX100-24-SEP30-100000,BTCMAX100-24-SEP30-100000,KXBTCMAX100,1715486400,2024-05-12 00:00:00+00:00,,,,,,0.23,0.01,0.28,0.0,2013.0
kalshi:BTCMAX100-24-SEP30-100000,BTCMAX100-24-SEP30-100000,KXBTCMAX100,1715572800,2024-05-13 00:00:00+00:00,,,,,,0.23,0.16,0.23,0.0,2013.0
kalshi:BTCMAX100-24-SEP30-100000,BTCMAX100-24-SEP30-100000,KXBTCMAX100,1715659200,2024-05-14 00:00:00+00:00,,,,,,0.23,0.18,0.28,0.0,2013.0
kalshi:BTCMAX100-24-SEP30-100000,BTCMAX100-24-SEP30-100000,KXBTCMAX100,1715745600,2024-05-15 00:00:00+00:00,,,,,,0.23,0.17,0.25,0.0,2013.0
kalshi:BTCMAX100-24-SEP30-100000,BTCMAX100-24-SEP30-100000,KXBTCMAX100,1715832000,2024-05-16 00:00:00+00:00,0.28,0.28,0.28,0.28,0.28,0.23,0.01,0.28,400.0,2413.0
kalshi:BTCMAX100-24-SEP30-100000,BTCMAX100-24-SEP30-100000,KXBTCMAX100,1715918400,2024-05-17 00:00:00+00:00,0.28,0.24,0.28,0.24,0.272,0.28,0.01,0.28,500.0,2913.0
kalshi:BTCMAX100-24-SEP30-100000,BTCMAX100-24-SEP30-100000,KXBTCMAX100,1716004800,2024-05-18 00:00:00+00:00,0.28,0.28,0.28,0.28,0.28,0.24,0.23,0.34,2200.0,5113.0
kalshi:BTCMAX100-24-SEP30-100000,BTCMAX100-24-SEP30-100000,KXBTCMAX100,1716091200,2024-05-19 00:00:00+00:00,0.26,0.26,0.26,0.26,0.26,0.28,0.01,0.34,7000.0,12113.0
kalshi:BTCMAX100-24-SEP30-100000,BTCMAX100-24-SEP30-100000,KXBTCMAX100,1716177600,2024-05-20 00:00:00+00:00,0.25,0.23,0.25,0.24,0.242,0.26,0.22,0.28,88.0,12201.0
kalshi:BTCMAX100-24-SEP30-100000,BTCMAX100-24-SEP30-100000,KXBTCMAX100,1716264000,2024-05-21 00:00:00+00:00,0.28,0.28,0.35,0.35,0.3427,0.24,0.28,0.36,925.0,12726.0
kalshi:BTCMAX100-24-SEP30-100000,BTCMAX100-24-SEP30-100000,KXBTCMAX100,1716350400,2024-05-22 00:00:00+00:00,0.3,0.3,0.3,0.3,0.3,0.35,0.01,0.36,272.0,12998.0
kalshi:BTCMAX100-24-SEP30-100000,BTCMAX100-24-SEP30-100000,KXBTCMAX100,1716436800,2024-05-23 00:00:00+00:00,,,,,,0.3,0.26,0.36,0.0,12998.0
kalshi:BTCMAX100-24-SEP30-100000,BTCMAX100-24-SEP30-100000,KXBTCMAX100,1716523200,2024-05-24 00:00:00+00:00,,,,,,0.3,0.01,0.36,0.0,12998.0
kalshi:BTCMAX100-24-SEP30-100000,BTCMAX100-24-SEP30-100000,KXBTCMAX100,1716609600,2024-05-25 00:00:00+00:00,,,,,,0.3,0.24,0.36,0.0,12998.0
kalshi:BTCMAX100-24-SEP30-100000,BTCMAX100-24-SEP30-100000,KXBTCMAX100,1716696000,2024-05-26 00:00:00+00:00,,,,,,0.3,0.01,0.3,0.0,12998.0
kalshi:BTCMAX100-24-SEP30-100000,BTCMAX100-24-SEP30-100000,KXBTCMAX100,1716782400,2024-05-27 00:00:00+00:00,,,,,,0.3,0.01,0.3,0.0,12998.0
kalshi:BTCMAX100-24-SEP30-100000,BTCMAX100-24-SEP30-100000,KXBTCMAX100,1716868800,2024-05-28 00:00:00+00:00,0.3,0.3,0.3,0.3,0.3,0.3,0.01,0.32,100.0,13098.0
kalshi:BTCMAX100-24-SEP30-100000,BTCMAX100-24-SEP30-100000,KXBTCMAX100,1716955200,2024-05-29 00:00:00+00:00,,,,,,0.3,0.01,0.32,0.0,13098.0
kalshi:BTCMAX100-24-SEP30-100000,BTCMAX100-24-SEP30-100000,KXBTCMAX100,1717041600,2024-05-30 00:00:00+00:00,,,,,,0.3,0.01,0.32,0.0,13098.0
kalshi:BTCMAX100-24-SEP30-100000,BTCMAX100-24-SEP30-100000,KXBTCMAX100,1717128000,2024-05-31 00:00:00+00:00,,,,,,0.3,0.01,0.32,0.0,13098.0
kalshi:BTCMAX100-24-SEP30-100000,BTCMAX100-24-SEP30-100000,KXBTCMAX100,1717214400,2024-06-01 00:00:00+00:00,0.27,0.27,0.27,0.27,0.27,0.3,0.19,0.32,272.0,12826.0
kalshi:BTCMAX100-24-SEP30-100000,BTCMAX100-24-SEP30-100000,KXBTCMAX100,1717300800,2024-06-02 00:00:00+00:00,,,,,,0.27,0.01,0.32,0.0,12826.0
kalshi:BTCMAX100-24-SEP30-100000,BTCMAX100-24-SEP30-100000,KXBTCMAX100,1717387200,2024-06-03 00:00:00+00:00,,,,,,0.27,0.01,0.32,0.0,12826.0
kalshi:BTCMAX100-24-SEP30-100000,BTCMAX100-24-SEP30-100000,KXBTCMAX100,1717473600,2024-06-04 00:00:00+00:00,,,,,,0.27,0.21,0.31,0.0,12826.0
kalshi:BTCMAX100-24-SEP30-100000,BTCMAX100-24-SEP30-100000,KXBTCMAX100,1717560000,2024-06-05 00:00:00+00:00,,,,,,0.27,0.25,0.29,0.0,12826.0
kalshi:BTCMAX100-24-SEP30-100000,BTCMAX100-24-SEP30-100000,KXBTCMAX100,1717646400,2024-06-06 00:00:00+00:00,0.25,0.25,0.26,0.26,0.2501,0.27,0.21,0.32,101.0,12727.0
kalshi:BTCMAX100-24-SEP30-100000,BTCMAX100-24-SEP30-100000,KXBTCMAX100,1717732800,2024-06-07 00:00:00+00:00,0.21,0.21,0.21,0.21,0.21,0.26,0.07,0.26,100.0,12727.0
kalshi:BTCMAX100-24-SEP30-100000,BTCMAX100-24-SEP30-100000,KXBTCMAX100,1717819200,2024-06-08 00:00:00+00:00,0.2,0.2,0.2,0.2,0.2,0.21,0.07,0.23,35.0,12727.0
kalshi:BTCMAX100-24-SEP30-100000,BTCMAX100-24-SEP30-100000,KXBTCMAX100,1717992000,2024-06-10 00:00:00+00:00,,,,,,0.2,0.12,0.21,0.0,12727.0
kalshi:BTCMAX100-24-SEP30-100000,BTCMAX100-24-SEP30-100000,KXBTCMAX100,1718078400,2024-06-11 00:00:00+00:00,,,,,,0.2,0.12,0.19,0.0,12727.0
kalshi:BTCMAX100-24-SEP30-100000,BTCMAX100-24-SEP30-100000,KXBTCMAX100,1718164800,2024-06-12 00:00:00+00:00,,,,,,0.2,0.07,0.15,0.0,12727.0
kalshi:BTCMAX100-24-SEP30-100000,BTCMAX100-24-SEP30-100000,KXBTCMAX100,1718251200,2024-06-13 00:00:00+00:00,,,,,,0.2,0.07,0.2,0.0,12727.0
kalshi:BTCMAX100-24-SEP30-100000,BTCMAX100-24-SEP30-100000,KXBTCMAX100,1718337600,2024-06-14 00:00:00+00:00,,,,,,0.2,0.01,0.23,0.0,12727.0
kalshi:BTCMAX100-24-SEP30-100000,BTCMAX100-24-SEP30-100000,KXBTCMAX100,1718424000,2024-06-15 00:00:00+00:00,,,,,,0.2,0.05,0.18,0.0,12727.0
kalshi:BTCMAX100-24-SEP30-100000,BTCMAX100-24-SEP30-100000,KXBTCMAX100,1718510400,2024-06-16 00:00:00+00:00,,,,,,0.2,0.01,0.23,0.0,12727.0
kalshi:BTCMAX100-24-SEP30-100000,BTCMAX100-24-SEP30-100000,KXBTCMAX100,1718596800,2024-06-17 00:00:00+00:00,0.16,0.16,0.16,0.16,0.16,0.2,0.05,0.22,100.0,12727.0
kalshi:BTCMAX100-24-SEP30-100000,BTCMAX100-24-SEP30-100000,KXBTCMAX100,1718683200,2024-06-18 00:00:00+00:00,,,,,,0.16,0.02,0.15,0.0,12727.0
kalshi:BTCMAX100-24-SEP30-100000,BTCMAX100-24-SEP30-100000,KXBTCMAX100,1718769600,2024-06-19 00:00:00+00:00,,,,,,0.16,0.02,0.15,0.0,12727.0
kalshi:BTCMAX100-24-SEP30-100000,BTCMAX100-24-SEP30-100000,KXBTCMAX100,1718856000,2024-06-20 00:00:00+00:00,,,,,,0.16,0.03,0.15,0.0,12727.0
kalshi:BTCMAX100-24-SEP30-100000,BTCMAX100-24-SEP30-100000,KXBTCMAX100,1718942400,2024-06-21 00:00:00+00:00,,,,,,0.16,0.02,0.15,0.0,12727.0
kalshi:BTCMAX100-24-SEP30-100000,BTCMAX100-24-SEP30-100000,KXBTCMAX100,1719028800,2024-06-22 00:00:00+00:00,,,,,,0.16,0.02,0.15,0.0,12727.0
kalshi:BTCMAX100-24-SEP30-100000,BTCMAX100-24-SEP30-100000,KXBTCMAX100,1719115200,2024-06-23 00:00:00+00:00,,,,,,0.16,0.02,0.15,0.0,12727.0
kalshi:BTCMAX100-24-SEP30-100000,BTCMAX100-24-SEP30-100000,KXBTCMAX100,1719201600,2024-06-24 00:00:00+00:00,,,,,,0.16,0.02,0.14,0.0,12727.0
kalshi:BTCMAX100-24-SEP30-100000,BTCMAX100-24-SEP30-100000,KXBTCMAX100,1719288000,2024-06-25 00:00:00+00:00,,,,,,0.16,0.03,0.12,0.0,12727.0
kalshi:BTCMAX100-24-SEP30-100000,BTCMAX100-24-SEP30-100000,KXBTCMAX100,1719547200,2024-06-28 00:00:00+00:00,,,,,,0.16,0.03,0.14,0.0,12727.0
kalshi:BTCMAX100-24-SEP30-100000,BTCMAX100-24-SEP30-100000,KXBTCMAX100,1719633600,2024-06-29 00:00:00+00:00,,,,,,0.16,0.04,0.14,0.0,12727.0
kalshi:BTCMAX100-24-SEP30-100000,BTCMAX100-24-SEP30-100000,KXBTCMAX100,1719720000,2024-06-30 00:00:00+00:00,,,,,,0.16,0.04,0.13,0.0,12727.0
kalshi:BTCMAX100-24-SEP30-100000,BTCMAX100-24-SEP30-100000,KXBTCMAX100,1719806400,2024-07-01 00:00:00+00:00,,,,,,0.16,0.04,0.14,0.0,12727.0
kalshi:BTCMAX100-24-SEP30-100000,BTCMAX100-24-SEP30-100000,KXBTCMAX100,1719892800,2024-07-02 00:00:00+00:00,,,,,,0.16,0.04,0.12,0.0,12727.0
kalshi:BTCMAX100-24-SEP30-100000,BTCMAX100-24-SEP30-100000,KXBTCMAX100,1719979200,2024-07-03 00:00:00+00:00,,,,,,0.16,0.04,0.12,0.0,12727.0
kalshi:BTCMAX100-24-SEP30-100000,BTCMAX100-24-SEP30-100000,KXBTCMAX100,1720065600,2024-07-04 00:00:00+00:00,,,,,,0.16,0.04,0.13,0.0,12727.0
kalshi:BTCMAX100-24-SEP30-100000,BTCMAX100-24-SEP30-100000,KXBTCMAX100,1720238400,2024-07-06 00:00:00+00:00,,,,,,0.16,0.01,0.08,0.0,12727.0
kalshi:BTCMAX100-24-SEP30-100000,BTCMAX100-24-SEP30-100000,KXBTCMAX100,1720324800,2024-07-07 00:00:00+00:00,,,,,,0.16,0.01,0.09,0.0,12727.0
kalshi:BTCMAX100-24-SEP30-100000,BTCMAX100-24-SEP30-100000,KXBTCMAX100,1720584000,2024-07-10 00:00:00+00:00,,,,,,0.16,0.01,0.13,0.0,12727.0
kalshi:BTCMAX100-24-SEP30-100000,BTCMAX100-24-SEP30-100000,KXBTCMAX100,1720670400,2024-07-11 00:00:00+00:00,,,,,,0.16,0.01,0.1,0.0,12727.0
kalshi:BTCMAX100-24-SEP30-100000,BTCMAX100-24-SEP30-100000,KXBTCMAX100,1720756800,2024-07-12 00:00:00+00:00,,,,,,0.16,0.01,0.09,0.0,12727.0
kalshi:BTCMAX100-24-SEP30-100000,BTCMAX100-24-SEP30-100000,KXBTCMAX100,1720929600,2024-07-14 00:00:00+00:00,,,,,,0.16,0.01,0.1,0.0,12727.0
kalshi:BTCMAX100-24-SEP30-100000,BTCMAX100-24-SEP30-100000,KXBTCMAX100,1721188800,2024-07-17 00:00:00+00:00,,,,,,0.16,0.02,0.1,0.0,12727.0
kalshi:BTCMAX100-24-SEP30-100000,BTCMAX100-24-SEP30-100000,KXBTCMAX100,1721534400,2024-07-21 00:00:00+00:00,,,,,,0.16,0.02,0.1,0.0,12727.0
kalshi:BTCMAX100-24-SEP30-100000,BTCMAX100-24-SEP30-100000,KXBTCMAX100,1721620800,2024-07-22 00:00:00+00:00,,,,,,0.16,0.02,0.12,0.0,12727.0
kalshi:BTCMAX100-24-SEP30-100000,BTCMAX100-24-SEP30-100000,KXBTCMAX100,1722484800,2024-08-01 00:00:00+00:00,,,,,,0.16,0.02,0.11,0.0,12727.0
kalshi:BTCMAX100-24-SEP30-100000,BTCMAX100-24-SEP30-100000,KXBTCMAX100,1722571200,2024-08-02 00:00:00+00:00,,,,,,0.16,0.02,0.11,0.0,12727.0
kalshi:BTCMAX100-24-SEP30-100000,BTCMAX100-24-SEP30-100000,KXBTCMAX100,1722657600,2024-08-03 00:00:00+00:00,,,,,,0.16,0.02,0.09,0.0,12727.0
kalshi:BTCMAX100-24-SEP30-100000,BTCMAX100-24-SEP30-100000,KXBTCMAX100,1722916800,2024-08-06 00:00:00+00:00,,,,,,0.16,0.02,0.05,0.0,12727.0
kalshi:BTCMAX100-24-SEP30-100000,BTCMAX100-24-SEP30-100000,KXBTCMAX100,1723003200,2024-08-07 00:00:00+00:00,,,,,,0.16,0.02,0.09,0.0,12727.0
kalshi:BTCMAX100-24-SEP30-100000,BTCMAX100-24-SEP30-100000,KXBTCMAX100,1723089600,2024-08-08 00:00:00+00:00,,,,,,0.16,0.02,0.08,0.0,12727.0
kalshi:BTCMAX100-24-SEP30-100000,BTCMAX100-24-SEP30-100000,KXBTCMAX100,1723176000,2024-08-09 00:00:00+00:00,,,,,,0.16,0.01,0.08,0.0,12727.0
kalshi:BTCMAX100-24-SEP30-100000,BTCMAX100-24-SEP30-100000,KXBTCMAX100,1723262400,2024-08-10 00:00:00+00:00,,,,,,0.16,0.01,0.08,0.0,12727.0
kalshi:BTCMAX100-24-SEP30-100000,BTCMAX100-24-SEP30-100000,KXBTCMAX100,1723521600,2024-08-13 00:00:00+00:00,,,,,,0.16,0.02,0.08,0.0,12727.0
kalshi:BTCMAX100-24-SEP30-100000,BTCMAX100-24-SEP30-100000,KXBTCMAX100,1723608000,2024-08-14 00:00:00+00:00,,,,,,0.16,0.02,0.06,0.0,12727.0
kalshi:BTCMAX100-24-SEP30-100000,BTCMAX100-24-SEP30-100000,KXBTCMAX100,1723694400,2024-08-15 00:00:00+00:00,,,,,,0.16,0.02,0.05,0.0,12727.0
kalshi:BTCMAX100-24-SEP30-100000,BTCMAX100-24-SEP30-100000,KXBTCMAX100,1723953600,2024-08-18 00:00:00+00:00,0.02,0.02,0.02,0.02,0.02,0.16,0.01,0.05,50.0,12777.0
kalshi:BTCMAX100-24-SEP30-100000,BTCMAX100-24-SEP30-100000,KXBTCMAX100,1724040000,2024-08-19 00:00:00+00:00,,,,,,0.02,0.01,0.08,0.0,12777.0
kalshi:BTCMAX100-24-SEP30-100000,BTCMAX100-24-SEP30-100000,KXBTCMAX100,1724126400,2024-08-20 00:00:00+00:00,,,,,,0.02,0.01,0.06,0.0,12777.0
kalshi:BTCMAX100-24-SEP30-100000,BTCMAX100-24-SEP30-100000,KXBTCMAX100,1724212800,2024-08-21 00:00:00+00:00,,,,,,0.02,0.01,0.04,0.0,12777.0
kalshi:BTCMAX100-24-SEP30-100000,BTCMAX100-24-SEP30-100000,KXBTCMAX100,1724385600,2024-08-23 00:00:00+00:00,0.01,0.01,0.01,0.01,0.01,0.02,0.01,0.04,10.0,12777.0
kalshi:BTCMAX100-24-SEP30-100000,BTCMAX100-24-SEP30-100000,KXBTCMAX100,1724644800,2024-08-26 00:00:00+00:00,0.01,0.01,0.01,0.01,0.01,0.01,0.0,0.03,60.0,12777.0
kalshi:BTCMAX100-24-SEP30-100000,BTCMAX100-24-SEP30-100000,KXBTCMAX100,1724731200,2024-08-27 00:00:00+00:00,,,,,,0.01,0.0,0.03,0.0,12777.0
kalshi:BTCMAX100-24-SEP30-100000,BTCMAX100-24-SEP30-100000,KXBTCMAX100,1724904000,2024-08-29 00:00:00+00:00,0.03,0.03,0.1,0.1,0.0492,0.01,0.01,0.06,59.0,12752.0
kalshi:BTCMAX100-24-SEP30-100000,BTCMAX100-24-SEP30-100000,KXBTCMAX100,1724990400,2024-08-30 00:00:00+00:00,,,,,,0.1,0.01,0.06,0.0,12752.0
kalshi:BTCMAX100-24-SEP30-100000,BTCMAX100-24-SEP30-100000,KXBTCMAX100,1725076800,2024-08-31 00:00:00+00:00,,,,,,0.1,0.01,0.05,0.0,12752.0
kalshi:BTCMAX100-24-SEP30-100000,BTCMAX100-24-SEP30-100000,KXBTCMAX100,1725249600,2024-09-02 00:00:00+00:00,0.01,0.01,0.01,0.01,0.01,0.1,0.01,0.04,92.0,12752.0
kalshi:BTCMAX100-24-SEP30-100000,BTCMAX100-24-SEP30-100000,KXBTCMAX100,1725336000,2024-09-03 00:00:00+00:00,,,,,,0.01,0.01,0.03,0.0,12752.0
kalshi:BTCMAX100-24-SEP30-100000,BTCMAX100-24-SEP30-100000,KXBTCMAX100,1725422400,2024-09-04 00:00:00+00:00,,,,,,0.01,0.01,0.03,0.0,12752.0
kalshi:BTCMAX100-24-SEP30-100000,BTCMAX100-24-SEP30-100000,KXBTCMAX100,1725508800,2024-09-05 00:00:00+00:00,,,,,,0.01,0.01,0.02,0.0,12752.0
kalshi:BTCMAX100-24-SEP30-100000,BTCMAX100-24-SEP30-100000,KXBTCMAX100,1725595200,2024-09-06 00:00:00+00:00,0.01,0.01,0.01,0.01,0.01,0.01,0.01,0.02,1000.0,12752.0
kalshi:BTCMAX100-24-SEP30-100000,BTCMAX100-24-SEP30-100000,KXBTCMAX100,1725681600,2024-09-07 00:00:00+00:00,0.02,0.02,0.02,0.02,0.02,0.01,0.01,0.02,1.0,12753.0
kalshi:BTCMAX100-24-SEP30-100000,BTCMAX100-24-SEP30-100000,KXBTCMAX100,1725854400,2024-09-09 00:00:00+00:00,0.01,0.01,0.01,0.01,0.01,0.02,0.01,0.02,200.0,12753.0
kalshi:BTCMAX100-24-SEP30-100000,BTCMAX100-24-SEP30-100000,KXBTCMAX100,1725940800,2024-09-10 00:00:00+00:00,0.02,0.02,0.02,0.02,0.02,0.01,0.02,0.03,999.0,13752.0
kalshi:BTCMAX100-24-SEP30-100000,BTCMAX100-24-SEP30-100000,KXBTCMAX100,1726027200,2024-09-11 00:00:00+00:00,0.02,0.02,0.02,0.02,0.02,0.02,0.02,0.03,2055.0,15807.0
kalshi:BTCMAX100-24-SEP30-100000,BTCMAX100-24-SEP30-100000,KXBTCMAX100,1726113600,2024-09-12 00:00:00+00:00,0.02,0.02,0.02,0.02,0.02,0.02,0.02,0.03,1400.0,17207.0
kalshi:BTCMAX100-24-SEP30-100000,BTCMAX100-24-SEP30-100000,KXBTCMAX100,1726200000,2024-09-13 00:00:00+00:00,0.02,0.02,0.03,0.02,0.0201,0.02,0.01,0.02,3331.0,20538.0
kalshi:BTCMAX100-24-SEP30-100000,BTCMAX100-24-SEP30-100000,KXBTCMAX100,1726286400,2024-09-14 00:00:00+00:00,0.02,0.02,0.02,0.02,0.02,0.02,0.01,0.02,456.0,20771.0
kalshi:BTCMAX100-24-SEP30-100000,BTCMAX100-24-SEP30-100000,KXBTCMAX100,1726545600,2024-09-17 00:00:00+00:00,0.01,0.01,0.01,0.01,0.01,0.02,0.0,0.02,2.0,20773.0
kalshi:BTCMAX100-24-SEP30-100000,BTCMAX100-24-SEP30-100000,KXBTCMAX100,1726891200,2024-09-21 00:00:00+00:00,,,,,,0.01,0.0,0.01,0.0,20773.0
kalshi:BTCMAX100-24-SEP30-100000,BTCMAX100-24-SEP30-100000,KXBTCMAX100,1726977600,2024-09-22 00:00:00+00:00,,,,,,0.01,0.0,0.02,0.0,20773.0
kalshi:BTCMAX100-24-SEP30-100000,BTCMAX100-24-SEP30-100000,KXBTCMAX100,1727150400,2024-09-24 00:00:00+00:00,0.01,0.01,0.01,0.01,0.01,0.01,0.0,0.02,10.0,20773.0
kalshi:BTCMAX100-24-SEP30-100000,BTCMAX100-24-SEP30-100000,KXBTCMAX100,1727496000,2024-09-28 00:00:00+00:00,,,,,,0.01,0.0,0.01,0.0,20773.0
kalshi:BTCMAX100-24-SEP30-100000,BTCMAX100-24-SEP30-100000,KXBTCMAX100,1727582400,2024-09-29 00:00:00+00:00,,,,,,0.01,0.0,0.01,0.0,20773.0
kalshi:BTCMAX100-24-SEP30-100000,BTCMAX100-24-SEP30-100000,KXBTCMAX100,1727668800,2024-09-30 00:00:00+00:00,0.01,0.01,0.01,0.01,0.01,0.01,0.0,0.01,500.0,21273.0
kalshi:BTCMAXM-24APR-74999.99,BTCMAXM-24APR-74999.99,KXBTCMAXM,1712030400,2024-04-02 00:00:00+00:00,0.5,0.5,0.59,0.59,0.542,,0.01,0.59,250.0,250.0
kalshi:BTCMAXM-24APR-74999.99,BTCMAXM-24APR-74999.99,KXBTCMAXM,1712116800,2024-04-03 00:00:00+00:00,0.36,0.34,0.43,0.39,0.3726,0.59,0.37,0.4,424.0,440.0
kalshi:BTCMAXM-24APR-74999.99,BTCMAXM-24APR-74999.99,KXBTCMAXM,1712203200,2024-04-04 00:00:00+00:00,0.4,0.39,0.42,0.39,0.399,0.39,0.38,0.4,519.0,581.0
kalshi:BTCMAXM-24APR-74999.99,BTCMAXM-24APR-74999.99,KXBTCMAXM,1712289600,2024-04-05 00:00:00+00:00,0.4,0.4,0.57,0.55,0.4553,0.39,0.42,0.99,591.0,832.0
kalshi:BTCMAXM-24APR-74999.99,BTCMAXM-24APR-74999.99,KXBTCMAXM,1712376000,2024-04-06 00:00:00+00:00,0.5,0.44,0.52,0.48,0.4758,0.55,0.4,0.48,546.0,851.0
kalshi:BTCMAXM-24APR-74999.99,BTCMAXM-24APR-74999.99,KXBTCMAXM,1712462400,2024-04-07 00:00:00+00:00,0.47,0.43,0.56,0.56,0.4629,0.48,0.49,0.56,489.0,1328.0
kalshi:BTCMAXM-24APR-74999.99,BTCMAXM-24APR-74999.99,KXBTCMAXM,1712548800,2024-04-08 00:00:00+00:00,0.56,0.56,0.58,0.58,0.5613,0.56,0.5,0.58,15.0,1343.0
kalshi:BTCMAXM-24APR-74999.99,BTCMAXM-24APR-74999.99,KXBTCMAXM,1712635200,2024-04-09 00:00:00+00:00,0.64,0.63,0.7,0.63,0.6798,0.58,0.57,0.71,405.0,1678.0
kalshi:BTCMAXM-24APR-74999.99,BTCMAXM-24APR-74999.99,KXBTCMAXM,1712721600,2024-04-10 00:00:00+00:00,0.57,0.48,0.57,0.53,0.5184,0.63,0.4,0.57,1706.0,1886.0
kalshi:BTCMAXM-24APR-74999.99,BTCMAXM-24APR-74999.99,KXBTCMAXM,1712808000,2024-04-11 00:00:00+00:00,0.54,0.45,0.66,0.65,0.542,0.53,0.4,0.66,430.0,2220.0
kalshi:BTCMAXM-24APR-74999.99,BTCMAXM-24APR-74999.99,KXBTCMAXM,1712894400,2024-04-12 00:00:00+00:00,0.53,0.53,0.62,0.62,0.5589,0.65,0.57,0.66,1492.0,3393.0
kalshi:BTCMAXM-24APR-74999.99,BTCMAXM-24APR-74999.99,KXBTCMAXM,1712980800,2024-04-13 00:00:00+00:00,0.57,0.34,0.57,0.34,0.3595,0.62,0.34,0.65,1086.0,4389.0
kalshi:BTCMAXM-24APR-74999.99,BTCMAXM-24APR-74999.99,KXBTCMAXM,1713067200,2024-04-14 00:00:00+00:00,0.4,0.13,0.4,0.13,0.346,0.34,0.13,0.43,35.0,4393.0
kalshi:BTCMAXM-24APR-74999.99,BTCMAXM-24APR-74999.99,KXBTCMAXM,1713153600,2024-04-15 00:00:00+00:00,0.22,0.21,0.22,0.22,0.2184,0.13,0.19,0.6,729.0,5122.0
kalshi:BTCMAXM-24APR-74999.99,BTCMAXM-24APR-74999.99,KXBTCMAXM,1713240000,2024-04-16 00:00:00+00:00,0.19,0.1,0.19,0.1,0.1353,0.22,0.08,0.22,1109.0,5282.0
kalshi:BTCMAXM-24APR-74999.99,BTCMAXM-24APR-74999.99,KXBTCMAXM,1713326400,2024-04-17 00:00:00+00:00,0.15,0.09,0.16,0.16,0.1261,0.1,0.16,0.22,1718.0,5816.0
kalshi:BTCMAXM-24APR-74999.99,BTCMAXM-24APR-74999.99,KXBTCMAXM,1713412800,2024-04-18 00:00:00+00:00,0.16,0.03,0.16,0.06,0.0779,0.16,0.06,0.11,763.0,6448.0
kalshi:BTCMAXM-24APR-74999.99,BTCMAXM-24APR-74999.99,KXBTCMAXM,1713499200,2024-04-19 00:00:00+00:00,0.11,0.11,0.22,0.13,0.1507,0.06,0.07,0.13,132.0,6534.0
kalshi:BTCMAXM-24APR-74999.99,BTCMAXM-24APR-74999.99,KXBTCMAXM,1713585600,2024-04-20 00:00:00+00:00,0.13,0.1,0.2,0.1,0.175,0.13,0.09,0.2,1137.0,7266.0
kalshi:BTCMAXM-24APR-74999.99,BTCMAXM-24APR-74999.99,KXBTCMAXM,1713672000,2024-04-21 00:00:00+00:00,0.12,0.1,0.12,0.1,0.1189,0.1,0.09,0.17,19.0,7249.0
kalshi:BTCMAXM-24APR-74999.99,BTCMAXM-24APR-74999.99,KXBTCMAXM,1713758400,2024-04-22 00:00:00+00:00,0.09,0.09,0.18,0.18,0.1539,0.1,0.1,0.18,1368.0,7234.0
kalshi:BTCMAXM-24APR-74999.99,BTCMAXM-24APR-74999.99,KXBTCMAXM,1713844800,2024-04-23 00:00:00+00:00,0.13,0.11,0.21,0.21,0.1619,0.18,0.1,0.22,500.0,7239.0
kalshi:BTCMAXM-24APR-74999.99,BTCMAXM-24APR-74999.99,KXBTCMAXM,1713931200,2024-04-24 00:00:00+00:00,0.2,0.09,0.2,0.17,0.1605,0.21,0.07,0.17,335.0,7530.0
kalshi:BTCMAXM-24APR-74999.99,BTCMAXM-24APR-74999.99,KXBTCMAXM,1714017600,2024-04-25 00:00:00+00:00,0.08,0.07,0.08,0.07,0.0799,0.17,0.03,0.06,162.0,7532.0
kalshi:BTCMAXM-24APR-74999.99,BTCMAXM-24APR-74999.99,KXBTCMAXM,1714104000,2024-04-26 00:00:00+00:00,0.03,0.01,0.06,0.06,0.0316,0.07,0.0,0.05,497.0,7664.0
kalshi:BTCMAXM-24APR-74999.99,BTCMAXM-24APR-74999.99,KXBTCMAXM,1714190400,2024-04-27 00:00:00+00:00,0.04,0.04,0.12,0.12,0.0639,0.06,0.01,0.06,1598.0,9034.0
kalshi:BTCMAXM-24APR-74999.99,BTCMAXM-24APR-74999.99,KXBTCMAXM,1714276800,2024-04-28 00:00:00+00:00,0.05,0.05,0.06,0.06,0.0513,0.12,0.01,0.06,23.0,9057.0
kalshi:BTCMAXM-24APR-74999.99,BTCMAXM-24APR-74999.99,KXBTCMAXM,1714363200,2024-04-29 00:00:00+00:00,0.01,0.01,0.01,0.01,0.01,0.06,0.0,0.05,9.0,9066.0
kalshi:BTCMAXM-24APR-74999.99,BTCMAXM-24APR-74999.99,KXBTCMAXM,1714449600,2024-04-30 00:00:00+00:00,,,,,,0.01,0.0,0.02,0.0,9066.0
kalshi:BTCMAXM-24MAR-74999.99,BTCMAXM-24MAR-74999.99,KXBTCMAXM,1711166400,2024-03-23 00:00:00+00:00,0.15,0.09,0.15,0.14,0.1337,,0.1,0.14,156.0,155.0
kalshi:BTCMAXM-24MAR-74999.99,BTCMAXM-24MAR-74999.99,KXBTCMAXM,1711252800,2024-03-24 00:00:00+00:00,0.14,0.1,0.8,0.25,0.3286,0.14,0.24,0.3,6787.0,6521.0
kalshi:BTCMAXM-24MAR-74999.99,BTCMAXM-24MAR-74999.99,KXBTCMAXM,1711339200,2024-03-25 00:00:00+00:00,0.3,0.13,0.31,0.18,0.2032,0.25,0.16,0.18,301.0,6630.0
kalshi:BTCMAXM-24MAR-74999.99,BTCMAXM-24MAR-74999.99,KXBTCMAXM,1711425600,2024-03-26 00:00:00+00:00,0.17,0.17,0.44,0.37,0.3108,0.18,0.31,0.37,3485.0,8895.0
kalshi:BTCMAXM-24MAR-74999.99,BTCMAXM-24MAR-74999.99,KXBTCMAXM,1711512000,2024-03-27 00:00:00+00:00,0.35,0.18,0.37,0.19,0.2471,0.37,0.13,0.27,316.0,8977.0
kalshi:BTCMAXM-24MAR-74999.99,BTCMAXM-24MAR-74999.99,KXBTCMAXM,1711598400,2024-03-28 00:00:00+00:00,0.27,0.06,0.32,0.12,0.1788,0.19,0.07,0.13,1128.0,9295.0
kalshi:BTCMAXM-24MAY-64999.99,BTCMAXM-24MAY-64999.99,KXBTCMAXM,1714708800,2024-05-03 00:00:00+00:00,0.52,0.5,0.54,0.54,0.5036,,0.01,0.57,121.0,120.0
kalshi:BTCMAXM-24MAY-64999.99,BTCMAXM-24MAY-64999.99,KXBTCMAXM,1714795200,2024-05-04 00:00:00+00:00,0.57,0.57,0.72,0.72,0.6316,0.54,0.7,0.78,989.0,1109.0
kalshi:BTCMAXM-24MAY-64999.99,BTCMAXM-24MAY-64999.99,KXBTCMAXM,1714881600,2024-05-05 00:00:00+00:00,0.78,0.78,0.86,0.78,0.8467,0.72,0.76,0.81,1589.0,1493.0
kalshi:BTCMAXM-24MAY-64999.99,BTCMAXM-24MAY-64999.99,KXBTCMAXM,1714968000,2024-05-06 00:00:00+00:00,0.81,0.81,0.9,0.86,0.8754,0.78,0.85,0.89,41.0,1493.0
kalshi:BTCMAXM-24MAY-64999.99,BTCMAXM-24MAY-64999.99,KXBTCMAXM,1715054400,2024-05-07 00:00:00+00:00,0.85,0.82,0.85,0.82,0.8476,0.86,0.77,0.86,25.0,1516.0
kalshi:BTCMAXM-24MAY-64999.99,BTCMAXM-24MAY-64999.99,KXBTCMAXM,1715140800,2024-05-08 00:00:00+00:00,0.83,0.71,0.83,0.71,0.7353,0.82,0.73,0.76,440.0,1705.0
kalshi:BTCMAXM-24MAY-64999.99,BTCMAXM-24MAY-64999.99,KXBTCMAXM,1715227200,2024-05-09 00:00:00+00:00,0.73,0.59,0.73,0.62,0.6888,0.71,0.61,0.64,291.0,1516.0
kalshi:BTCMAXM-24MAY-64999.99,BTCMAXM-24MAY-64999.99,KXBTCMAXM,1715313600,2024-05-10 00:00:00+00:00,0.61,0.61,0.75,0.7,0.6546,0.62,0.69,0.76,458.0,1916.0
kalshi:BTCMAXM-24MAY-64999.99,BTCMAXM-24MAY-64999.99,KXBTCMAXM,1715400000,2024-05-11 00:00:00+00:00,0.67,0.5,0.67,0.52,0.5332,0.7,0.5,0.76,264.0,2089.0
kalshi:BTCMAXM-24MAY-64999.99,BTCMAXM-24MAY-64999.99,KXBTCMAXM,1715486400,2024-05-12 00:00:00+00:00,0.6,0.56,0.6,0.59,0.5787,0.52,0.01,0.66,47.0,2100.0
kalshi:BTCMAXM-24MAY-64999.99,BTCMAXM-24MAY-64999.99,KXBTCMAXM,1715572800,2024-05-13 00:00:00+00:00,0.6,0.6,0.6,0.6,0.6,0.59,0.01,0.64,160.0,2260.0
kalshi:BTCMAXM-24MAY-64999.99,BTCMAXM-24MAY-64999.99,KXBTCMAXM,1715659200,2024-05-14 00:00:00+00:00,0.66,0.66,0.76,0.76,0.7113,0.6,0.22,0.77,109.0,2369.0
kalshi:BTCMAXM-24MAY-64999.99,BTCMAXM-24MAY-64999.99,KXBTCMAXM,1715745600,2024-05-15 00:00:00+00:00,0.65,0.49,0.65,0.49,0.5387,0.76,0.0,0.5,2391.0,4582.0
kalshi:BTCMAXM-24MAY-64999.99,BTCMAXM-24MAY-64999.99,KXBTCMAXM,1715832000,2024-05-16 00:00:00+00:00,0.5,0.5,0.98,0.98,0.9115,0.49,0.89,1.0,7298.0,8894.0
kalshi:BTCMAXM-24MAY-69999.99,BTCMAXM-24MAY-69999.99,KXBTCMAXM,1714708800,2024-05-03 00:00:00+00:00,0.3,0.25,0.3,0.29,0.2852,,0.01,0.29,480.0,480.0
kalshi:BTCMAXM-24MAY-69999.99,BTCMAXM-24MAY-69999.99,KXBTCMAXM,1714795200,2024-05-04 00:00:00+00:00,0.29,0.29,0.46,0.46,0.3685,0.29,0.38,0.48,733.0,1186.0
kalshi:BTCMAXM-24MAY-69999.99,BTCMAXM-24MAY-69999.99,KXBTCMAXM,1714881600,2024-05-05 00:00:00+00:00,0.48,0.47,0.52,0.51,0.4925,0.46,0.41,0.54,1550.0,2017.0
kalshi:BTCMAXM-24MAY-69999.99,BTCMAXM-24MAY-69999.99,KXBTCMAXM,1714968000,2024-05-06 00:00:00+00:00,0.54,0.54,0.55,0.54,0.5404,0.51,0.43,0.56,196.0,2026.0
kalshi:BTCMAXM-24MAY-69999.99,BTCMAXM-24MAY-69999.99,KXBTCMAXM,1715054400,2024-05-07 00:00:00+00:00,0.45,0.45,0.45,0.45,0.45,0.54,0.43,0.51,5.0,2026.0
kalshi:BTCMAXM-24MAY-69999.99,BTCMAXM-24MAY-69999.99,KXBTCMAXM,1715140800,2024-05-08 00:00:00+00:00,0.45,0.38,0.45,0.38,0.3946,0.45,0.37,0.42,429.0,2397.0
kalshi:BTCMAXM-24MAY-69999.99,BTCMAXM-24MAY-69999.99,KXBTCMAXM,1715227200,2024-05-09 00:00:00+00:00,0.37,0.31,0.37,0.35,0.347,0.38,0.28,0.36,121.0,2346.0
kalshi:BTCMAXM-24MAY-69999.99,BTCMAXM-24MAY-69999.99,KXBTCMAXM,1715313600,2024-05-10 00:00:00+00:00,0.32,0.32,0.4,0.35,0.3453,0.35,0.04,0.42,241.0,2539.0
kalshi:BTCMAXM-24MAY-69999.99,BTCMAXM-24MAY-69999.99,KXBTCMAXM,1715400000,2024-05-11 00:00:00+00:00,0.24,0.23,0.24,0.23,0.2315,0.35,0.01,0.38,20.0,2546.0
kalshi:BTCMAXM-24MAY-69999.99,BTCMAXM-24MAY-69999.99,KXBTCMAXM,1715486400,2024-05-12 00:00:00+00:00,0.25,0.25,0.25,0.25,0.25,0.23,0.01,0.38,13.0,2559.0
kalshi:BTCMAXM-24MAY-69999.99,BTCMAXM-24MAY-69999.99,KXBTCMAXM,1715572800,2024-05-13 00:00:00+00:00,0.27,0.27,0.29,0.29,0.2736,0.25,0.01,0.29,88.0,2624.0
kalshi:BTCMAXM-24MAY-69999.99,BTCMAXM-24MAY-69999.99,KXBTCMAXM,1715659200,2024-05-14 00:00:00+00:00,0.29,0.29,0.36,0.36,0.3206,0.29,0.0,0.37,352.0,2976.0
kalshi:BTCMAXM-24MAY-69999.99,BTCMAXM-24MAY-69999.99,KXBTCMAXM,1715745600,2024-05-15 00:00:00+00:00,0.28,0.28,0.28,0.28,0.28,0.36,0.0,0.37,65.0,2976.0
kalshi:BTCMAXM-24MAY-69999.99,BTCMAXM-24MAY-69999.99,KXBTCMAXM,1715832000,2024-05-16 00:00:00+00:00,0.36,0.36,0.6,0.48,0.4934,0.28,0.47,0.58,2386.0,5021.0
kalshi:BTCMAXM-24MAY-69999.99,BTCMAXM-24MAY-69999.99,KXBTCMAXM,1715918400,2024-05-17 00:00:00+00:00,0.57,0.44,0.58,0.45,0.513,0.48,0.32,0.57,252.0,5193.0
kalshi:BTCMAXM-24MAY-69999.99,BTCMAXM-24MAY-69999.99,KXBTCMAXM,1716004800,2024-05-18 00:00:00+00:00,0.57,0.52,0.57,0.55,0.5346,0.45,0.4,0.62,830.0,6023.0
kalshi:BTCMAXM-24MAY-69999.99,BTCMAXM-24MAY-69999.99,KXBTCMAXM,1716091200,2024-05-19 00:00:00+00:00,0.59,0.55,0.61,0.55,0.5714,0.55,0.47,0.61,358.0,6265.0
kalshi:BTCMAXM-24MAY-69999.99,BTCMAXM-24MAY-69999.99,KXBTCMAXM,1716177600,2024-05-20 00:00:00+00:00,0.58,0.48,0.58,0.49,0.496,0.55,0.47,0.58,642.0,6741.0
kalshi:BTCMAXM-24MAY-69999.99,BTCMAXM-24MAY-69999.99,KXBTCMAXM,1716264000,2024-05-21 00:00:00+00:00,0.57,0.57,0.99,0.97,0.8588,0.49,0.91,0.97,4314.0,8015.0
kalshi:BTCMAXM-24MAY-74999.99,BTCMAXM-24MAY-74999.99,KXBTCMAXM,1714708800,2024-05-03 00:00:00+00:00,0.12,0.12,0.12,0.12,0.12,,0.01,0.2,40.0,40.0
kalshi:BTCMAXM-24MAY-74999.99,BTCMAXM-24MAY-74999.99,KXBTCMAXM,1714795200,2024-05-04 00:00:00+00:00,0.2,0.18,0.24,0.2,0.2006,0.12,0.17,0.26,2107.0,2142.0
kalshi:BTCMAXM-24MAY-74999.99,BTCMAXM-24MAY-74999.99,KXBTCMAXM,1714881600,2024-05-05 00:00:00+00:00,0.25,0.25,0.25,0.25,0.25,0.2,0.21,0.25,40.0,2182.0
kalshi:BTCMAXM-24MAY-74999.99,BTCMAXM-24MAY-74999.99,KXBTCMAXM,1714968000,2024-05-06 00:00:00+00:00,0.25,0.25,0.26,0.26,0.2523,0.25,0.21,0.28,26.0,2208.0
kalshi:BTCMAXM-24MAY-74999.99,BTCMAXM-24MAY-74999.99,KXBTCMAXM,1715054400,2024-05-07 00:00:00+00:00,0.21,0.19,0.26,0.26,0.2004,0.26,0.21,0.26,106.0,2294.0
kalshi:BTCMAXM-24MAY-74999.99,BTCMAXM-24MAY-74999.99,KXBTCMAXM,1715140800,2024-05-08 00:00:00+00:00,0.21,0.21,0.21,0.21,0.21,0.26,0.13,0.21,15.0,2279.0
kalshi:BTCMAXM-24MAY-74999.99,BTCMAXM-24MAY-74999.99,KXBTCMAXM,1715227200,2024-05-09 00:00:00+00:00,0.13,0.13,0.14,0.14,0.1315,0.21,0.11,0.18,33.0,2307.0
kalshi:BTCMAXM-24MAY-74999.99,BTCMAXM-24MAY-74999.99,KXBTCMAXM,1715313600,2024-05-10 00:00:00+00:00,0.11,0.09,0.11,0.1,0.0924,0.14,0.09,0.17,940.0,3236.0
kalshi:BTCMAXM-24MAY-74999.99,BTCMAXM-24MAY-74999.99,KXBTCMAXM,1715400000,2024-05-11 00:00:00+00:00,,,,,,0.1,0.09,0.13,0.0,3236.0
kalshi:BTCMAXM-24MAY-74999.99,BTCMAXM-24MAY-74999.99,KXBTCMAXM,1715486400,2024-05-12 00:00:00+00:00,0.09,0.09,0.09,0.09,0.09,0.1,0.09,0.17,7.0,3236.0
kalshi:BTCMAXM-24MAY-74999.99,BTCMAXM-24MAY-74999.99,KXBTCMAXM,1715572800,2024-05-13 00:00:00+00:00,0.15,0.15,0.15,0.15,0.15,0.09,0.09,0.17,5.0,3231.0
kalshi:BTCMAXM-24MAY-74999.99,BTCMAXM-24MAY-74999.99,KXBTCMAXM,1715659200,2024-05-14 00:00:00+00:00,0.09,0.01,0.09,0.01,0.0241,0.15,0.01,0.16,17.0,3231.0
kalshi:BTCMAXM-24MAY-74999.99,BTCMAXM-24MAY-74999.99,KXBTCMAXM,1715745600,2024-05-15 00:00:00+00:00,,,,,,0.01,0.01,0.16,0.0,3231.0
kalshi:BTCMAXM-24MAY-74999.99,BTCMAXM-24MAY-74999.99,KXBTCMAXM,1715832000,2024-05-16 00:00:00+00:00,0.15,0.15,0.26,0.22,0.2091,0.01,0.21,0.26,448.0,3679.0
kalshi:BTCMAXM-24MAY-74999.99,BTCMAXM-24MAY-74999.99,KXBTCMAXM,1715918400,2024-05-17 00:00:00+00:00,0.21,0.21,0.21,0.21,0.21,0.22,0.01,0.23,5.0,3679.0
kalshi:BTCMAXM-24MAY-74999.99,BTCMAXM-24MAY-74999.99,KXBTCMAXM,1716004800,2024-05-18 00:00:00+00:00,0.23,0.22,0.26,0.22,0.2538,0.21,0.13,0.27,40.0,3714.0
kalshi:BTCMAXM-24MAY-74999.99,BTCMAXM-24MAY-74999.99,KXBTCMAXM,1716091200,2024-05-19 00:00:00+00:00,0.21,0.21,0.21,0.21,0.21,0.22,0.13,0.26,160.0,3874.0
kalshi:BTCMAXM-24MAY-74999.99,BTCMAXM-24MAY-74999.99,KXBTCMAXM,1716177600,2024-05-20 00:00:00+00:00,0.15,0.15,0.15,0.15,0.15,0.21,0.14,0.26,25.0,3899.0
kalshi:BTCMAXM-24MAY-74999.99,BTCMAXM-24MAY-74999.99,KXBTCMAXM,1716264000,2024-05-21 00:00:00+00:00,0.25,0.25,0.61,0.56,0.429,0.15,0.51,0.57,1726.0,4957.0
kalshi:BTCMAXM-24MAY-74999.99,BTCMAXM-24MAY-74999.99,KXBTCMAXM,1716350400,2024-05-22 00:00:00+00:00,0.51,0.28,0.51,0.42,0.3707,0.56,0.3,0.42,2429.0,7151.0
kalshi:BTCMAXM-24MAY-74999.99,BTCMAXM-24MAY-74999.99,KXBTCMAXM,1716436800,2024-05-23 00:00:00+00:00,0.42,0.25,0.5,0.35,0.3376,0.42,0.15,0.52,1437.0,7961.0
kalshi:BTCMAXM-24MAY-74999.99,BTCMAXM-24MAY-74999.99,KXBTCMAXM,1716523200,2024-05-24 00:00:00+00:00,0.15,0.05,0.5,0.05,0.327,0.35,0.05,0.5,37.0,7980.0
kalshi:BTCMAXM-24MAY-74999.99,BTCMAXM-24MAY-74999.99,KXBTCMAXM,1716609600,2024-05-25 00:00:00+00:00,0.25,0.16,0.26,0.16,0.192,0.05,0.14,0.27,1458.0,8938.0
kalshi:BTCMAXM-24MAY-74999.99,BTCMAXM-24MAY-74999.99,KXBTCMAXM,1716696000,2024-05-26 00:00:00+00:00,0.26,0.16,0.26,0.16,0.1752,0.16,0.03,0.24,322.0,9235.0
kalshi:BTCMAXM-24MAY-74999.99,BTCMAXM-24MAY-74999.99,KXBTCMAXM,1716782400,2024-05-27 00:00:00+00:00,0.2,0.2,0.2,0.2,0.2,0.16,0.06,0.2,241.0,9476.0
kalshi:BTCMAXM-24MAY-74999.99,BTCMAXM-24MAY-74999.99,KXBTCMAXM,1716868800,2024-05-28 00:00:00+00:00,0.17,0.06,0.17,0.06,0.1179,0.2,0.04,0.19,2960.0,12361.0
kalshi:BTCMAXM-24MAY-74999.99,BTCMAXM-24MAY-74999.99,KXBTCMAXM,1716955200,2024-05-29 00:00:00+00:00,,,,,,0.06,0.03,0.17,0.0,12361.0
kalshi:BTCMAXM-24MAY-74999.99,BTCMAXM-24MAY-74999.99,KXBTCMAXM,1717041600,2024-05-30 00:00:00+00:00,0.03,0.03,0.05,0.03,0.0395,0.06,0.03,0.04,1781.0,11516.0
kalshi:BTCMAXM-24MAY-74999.99,BTCMAXM-24MAY-74999.99,KXBTCMAXM,1717128000,2024-05-31 00:00:00+00:00,0.04,0.03,0.7,0.03,0.0512,0.03,0.03,0.56,1794.0,11513.0
kalshi:BTCMAXY-24DEC31-100000,BTCMAXY-24DEC31-100000,KXBTCMAXY,1710820800,2024-03-19 00:00:00+00:00,0.54,0.36,0.54,0.37,0.4117,,0.33,0.38,2098.0,1388.0
kalshi:BTCMAXY-24DEC31-100000,BTCMAXY-24DEC31-100000,KXBTCMAXY,1710907200,2024-03-20 00:00:00+00:00,0.39,0.39,0.39,0.39,0.39,0.37,0.39,0.43,30.0,1418.0
kalshi:BTCMAXY-24DEC31-100000,BTCMAXY-24DEC31-100000,KXBTCMAXY,1710993600,2024-03-21 00:00:00+00:00,0.44,0.43,0.44,0.43,0.4335,0.39,0.41,0.44,93.0,1501.0
kalshi:BTCMAXY-24DEC31-100000,BTCMAXY-24DEC31-100000,KXBTCMAXY,1711080000,2024-03-22 00:00:00+00:00,0.44,0.44,0.49,0.47,0.4719,0.43,0.36,0.97,204.0,1543.0
kalshi:BTCMAXY-24DEC31-100000,BTCMAXY-24DEC31-100000,KXBTCMAXY,1711166400,2024-03-23 00:00:00+00:00,0.38,0.38,0.38,0.38,0.38,0.47,0.38,0.44,10.0,1553.0
kalshi:BTCMAXY-24DEC31-100000,BTCMAXY-24DEC31-100000,KXBTCMAXY,1711252800,2024-03-24 00:00:00+00:00,0.38,0.38,0.4,0.4,0.3882,0.38,0.39,0.4,17.0,1560.0
kalshi:BTCMAXY-24DEC31-100000,BTCMAXY-24DEC31-100000,KXBTCMAXY,1711339200,2024-03-25 00:00:00+00:00,0.38,0.38,0.38,0.38,0.38,0.4,0.36,0.4,15.0,1575.0
kalshi:BTCMAXY-24DEC31-100000,BTCMAXY-24DEC31-100000,KXBTCMAXY,1711425600,2024-03-26 00:00:00+00:00,0.4,0.4,0.48,0.44,0.4245,0.38,0.44,0.48,278.0,1676.0
kalshi:BTCMAXY-24DEC31-100000,BTCMAXY-24DEC31-100000,KXBTCMAXY,1711512000,2024-03-27 00:00:00+00:00,0.45,0.44,0.48,0.45,0.4571,0.44,0.39,0.48,671.0,1803.0
kalshi:BTCMAXY-24DEC31-100000,BTCMAXY-24DEC31-100000,KXBTCMAXY,1711598400,2024-03-28 00:00:00+00:00,0.45,0.43,0.45,0.44,0.4322,0.45,0.43,0.44,432.0,2202.0
kalshi:BTCMAXY-24DEC31-100000,BTCMAXY-24DEC31-100000,KXBTCMAXY,1711684800,2024-03-29 00:00:00+00:00,0.45,0.44,0.51,0.51,0.4785,0.44,0.38,0.57,195.0,2257.0
kalshi:BTCMAXY-24DEC31-100000,BTCMAXY-24DEC31-100000,KXBTCMAXY,1711771200,2024-03-30 00:00:00+00:00,0.48,0.48,0.52,0.49,0.4902,0.51,0.48,0.52,238.0,2487.0
kalshi:BTCMAXY-24DEC31-100000,BTCMAXY-24DEC31-100000,KXBTCMAXY,1711857600,2024-03-31 00:00:00+00:00,0.48,0.42,0.52,0.51,0.4582,0.49,0.4,0.51,404.0,2770.0
kalshi:BTCMAXY-24DEC31-100000,BTCMAXY-24DEC31-100000,KXBTCMAXY,1711944000,2024-04-01 00:00:00+00:00,0.5,0.43,0.57,0.57,0.5013,0.51,0.51,0.57,335.0,2980.0
kalshi:BTCMAXY-24DEC31-100000,BTCMAXY-24DEC31-100000,KXBTCMAXY,1712030400,2024-04-02 00:00:00+00:00,0.51,0.42,0.51,0.44,0.4721,0.57,0.4,0.5,423.0,3059.0
kalshi:BTCMAXY-24DEC31-100000,BTCMAXY-24DEC31-100000,KXBTCMAXY,1712116800,2024-04-03 00:00:00+00:00,0.4,0.38,0.44,0.4,0.4229,0.44,0.39,0.41,280.0,3050.0
kalshi:BTCMAXY-24DEC31-100000,BTCMAXY-24DEC31-100000,KXBTCMAXY,1712203200,2024-04-04 00:00:00+00:00,0.4,0.37,0.43,0.43,0.3855,0.4,0.4,0.43,538.0,3461.0
kalshi:BTCMAXY-24DEC31-100000,BTCMAXY-24DEC31-100000,KXBTCMAXY,1712289600,2024-04-05 00:00:00+00:00,0.43,0.43,0.48,0.45,0.4488,0.43,0.42,0.48,617.0,4068.0
kalshi:BTCMAXY-24DEC31-100000,BTCMAXY-24DEC31-100000,KXBTCMAXY,1712376000,2024-04-06 00:00:00+00:00,0.47,0.47,0.47,0.47,0.47,0.45,0.42,0.47,30.0,4068.0
kalshi:BTCMAXY-24DEC31-100000,BTCMAXY-24DEC31-100000,KXBTCMAXY,1712462400,2024-04-07 00:00:00+00:00,0.47,0.46,0.49,0.47,0.4671,0.47,0.42,0.49,401.0,4328.0
kalshi:BTCMAXY-24DEC31-100000,BTCMAXY-24DEC31-100000,KXBTCMAXY,1712548800,2024-04-08 00:00:00+00:00,0.46,0.45,0.49,0.45,0.4635,0.47,0.42,0.47,450.0,4387.0
kalshi:BTCMAXY-24DEC31-100000,BTCMAXY-24DEC31-100000,KXBTCMAXY,1712635200,2024-04-09 00:00:00+00:00,0.47,0.47,0.53,0.47,0.4828,0.45,0.42,0.51,1202.0,5498.0
kalshi:BTCMAXY-24DEC31-100000,BTCMAXY-24DEC31-100000,KXBTCMAXY,1712721600,2024-04-10 00:00:00+00:00,0.48,0.44,0.48,0.45,0.4524,0.47,0.42,0.46,355.0,5793.0
kalshi:BTCMAXY-24DEC31-100000,BTCMAXY-24DEC31-100000,KXBTCMAXY,1712808000,2024-04-11 00:00:00+00:00,0.46,0.46,0.48,0.48,0.4727,0.45,0.44,0.5,102.0,5895.0
kalshi:BTCMAXY-24DEC31-100000,BTCMAXY-24DEC31-100000,KXBTCMAXY,1712894400,2024-04-12 00:00:00+00:00,0.5,0.48,0.51,0.51,0.4904,0.48,0.45,0.51,164.0,6038.0
kalshi:BTCMAXY-24DEC31-100000,BTCMAXY-24DEC31-100000,KXBTCMAXY,1712980800,2024-04-13 00:00:00+00:00,0.46,0.44,0.46,0.44,0.4492,0.51,0.41,0.47,36.0,6018.0
kalshi:BTCMAXY-24DEC31-100000,BTCMAXY-24DEC31-100000,KXBTCMAXY,1713067200,2024-04-14 00:00:00+00:00,0.41,0.36,0.41,0.36,0.3817,0.44,0.35,0.47,60.0,5968.0
kalshi:BTCMAXY-24DEC31-100000,BTCMAXY-24DEC31-100000,KXBTCMAXY,1713153600,2024-04-15 00:00:00+00:00,,,,,,0.36,0.35,0.47,0.0,5968.0
kalshi:BTCMAXY-24DEC31-100000,BTCMAXY-24DEC31-100000,KXBTCMAXY,1713240000,2024-04-16 00:00:00+00:00,0.37,0.37,0.4,0.4,0.3986,0.36,0.3,0.44,368.0,5988.0
kalshi:BTCMAXY-24DEC31-100000,BTCMAXY-24DEC31-100000,KXBTCMAXY,1713326400,2024-04-17 00:00:00+00:00,0.34,0.34,0.4,0.4,0.3752,0.4,0.32,0.4,153.0,6118.0
kalshi:BTCMAXY-24DEC31-100000,BTCMAXY-24DEC31-100000,KXBTCMAXY,1713412800,2024-04-18 00:00:00+00:00,0.36,0.31,0.36,0.35,0.3254,0.4,0.32,0.37,1214.0,6832.0
kalshi:BTCMAXY-24DEC31-100000,BTCMAXY-24DEC31-100000,KXBTCMAXY,1713499200,2024-04-19 00:00:00+00:00,0.35,0.35,0.35,0.35,0.35,0.35,0.31,0.35,8.0,6840.0
kalshi:BTCMAXY-24DEC31-100000,BTCMAXY-24DEC31-100000,KXBTCMAXY,1713585600,2024-04-20 00:00:00+00:00,0.35,0.31,0.36,0.36,0.3325,0.35,0.32,0.36,237.0,7008.0
kalshi:BTCMAXY-24DEC31-100000,BTCMAXY-24DEC31-100000,KXBTCMAXY,1713672000,2024-04-21 00:00:00+00:00,0.36,0.31,0.36,0.36,0.3129,0.36,0.32,0.36,4269.0,11057.0
kalshi:BTCMAXY-24DEC31-100000,BTCMAXY-24DEC31-100000,KXBTCMAXY,1713758400,2024-04-22 00:00:00+00:00,0.32,0.31,0.32,0.31,0.3163,0.36,0.31,0.34,16.0,11057.0
kalshi:BTCMAXY-24DEC31-100000,BTCMAXY-24DEC31-100000,KXBTCMAXY,1713844800,2024-04-23 00:00:00+00:00,0.31,0.31,0.36,0.36,0.3252,0.31,0.32,0.36,402.0,11351.0
kalshi:BTCMAXY-24DEC31-100000,BTCMAXY-24DEC31-100000,KXBTCMAXY,1713931200,2024-04-24 00:00:00+00:00,0.32,0.32,0.36,0.36,0.3371,0.36,0.33,0.36,41.0,11372.0
kalshi:BTCMAXY-24DEC31-100000,BTCMAXY-24DEC31-100000,KXBTCMAXY,1714017600,2024-04-25 00:00:00+00:00,0.33,0.31,0.36,0.31,0.314,0.36,0.31,0.35,1240.0,11449.0
kalshi:BTCMAXY-24DEC31-100000,BTCMAXY-24DEC31-100000,KXBTCMAXY,1714104000,2024-04-26 00:00:00+00:00,0.35,0.35,0.4,0.4,0.3659,0.31,0.31,0.38,995.0,12443.0
kalshi:BTCMAXY-24DEC31-100000,BTCMAXY-24DEC31-100000,KXBTCMAXY,1714190400,2024-04-27 00:00:00+00:00,,,,,,0.4,0.31,0.38,0.0,12443.0
kalshi:BTCMAXY-24DEC31-100000,BTCMAXY-24DEC31-100000,KXBTCMAXY,1714276800,2024-04-28 00:00:00+00:00,0.33,0.33,0.33,0.33,0.33,0.4,0.31,0.38,180.0,12623.0
kalshi:BTCMAXY-24DEC31-100000,BTCMAXY-24DEC31-100000,KXBTCMAXY,1714363200,2024-04-29 00:00:00+00:00,0.34,0.34,0.34,0.34,0.34,0.33,0.31,0.37,1200.0,13823.0
kalshi:BTCMAXY-24DEC31-100000,BTCMAXY-24DEC31-100000,KXBTCMAXY,1714449600,2024-04-30 00:00:00+00:00,0.32,0.32,0.34,0.34,0.3329,0.34,0.33,0.37,42.0,13837.0
kalshi:BTCMAXY-24DEC31-100000,BTCMAXY-24DEC31-100000,KXBTCMAXY,1714536000,2024-05-01 00:00:00+00:00,0.33,0.3,0.33,0.3,0.315,0.34,0.29,0.32,559.0,13472.0
kalshi:BTCMAXY-24DEC31-100000,BTCMAXY-24DEC31-100000,KXBTCMAXY,1714622400,2024-05-02 00:00:00+00:00,0.29,0.26,0.29,0.27,0.2839,0.3,0.26,0.29,1462.0,13051.0
kalshi:BTCMAXY-24DEC31-100000,BTCMAXY-24DEC31-100000,KXBTCMAXY,1714708800,2024-05-03 00:00:00+00:00,0.29,0.27,0.29,0.29,0.2763,0.27,0.28,0.29,226.0,13088.0
kalshi:BTCMAXY-24DEC31-100000,BTCMAXY-24DEC31-100000,KXBTCMAXY,1714795200,2024-05-04 00:00:00+00:00,0.29,0.29,0.34,0.34,0.3221,0.29,0.29,0.35,604.0,13692.0
kalshi:BTCMAXY-24DEC31-100000,BTCMAXY-24DEC31-100000,KXBTCMAXY,1714881600,2024-05-05 00:00:00+00:00,0.35,0.33,0.37,0.37,0.3498,0.34,0.3,0.37,1202.0,14822.0
kalshi:BTCMAXY-24DEC31-100000,BTCMAXY-24DEC31-100000,KXBTCMAXY,1714968000,2024-05-06 00:00:00+00:00,0.33,0.33,0.34,0.34,0.335,0.37,0.3,0.37,28.0,14836.0
kalshi:BTCMAXY-24DEC31-100000,BTCMAXY-24DEC31-100000,KXBTCMAXY,1715054400,2024-05-07 00:00:00+00:00,,,,,,0.34,0.3,0.35,0.0,14836.0
kalshi:BTCMAXY-24DEC31-100000,BTCMAXY-24DEC31-100000,KXBTCMAXY,1715140800,2024-05-08 00:00:00+00:00,0.32,0.32,0.32,0.32,0.32,0.34,0.3,0.35,10.0,14846.0
kalshi:BTCMAXY-24DEC31-100000,BTCMAXY-24DEC31-100000,KXBTCMAXY,1715227200,2024-05-09 00:00:00+00:00,,,,,,0.32,0.3,0.34,0.0,14846.0
kalshi:BTCMAXY-24DEC31-100000,BTCMAXY-24DEC31-100000,KXBTCMAXY,1715313600,2024-05-10 00:00:00+00:00,0.32,0.32,0.32,0.32,0.32,0.32,0.32,0.34,73.0,14919.0
kalshi:BTCMAXY-24DEC31-100000,BTCMAXY-24DEC31-100000,KXBTCMAXY,1715400000,2024-05-11 00:00:00+00:00,0.32,0.32,0.32,0.32,0.32,0.32,0.3,0.34,162.0,14884.0
kalshi:BTCMAXY-24DEC31-100000,BTCMAXY-24DEC31-100000,KXBTCMAXY,1715486400,2024-05-12 00:00:00+00:00,0.3,0.3,0.3,0.3,0.3,0.32,0.29,0.34,10.0,14884.0
kalshi:BTCMAXY-24DEC31-100000,BTCMAXY-24DEC31-100000,KXBTCMAXY,1715572800,2024-05-13 00:00:00+00:00,,,,,,0.3,0.29,0.32,0.0,14884.0
kalshi:BTCMAXY-24DEC31-100000,BTCMAXY-24DEC31-100000,KXBTCMAXY,1715659200,2024-05-14 00:00:00+00:00,0.32,0.32,0.33,0.33,0.3233,0.3,0.31,0.33,15.0,14899.0
kalshi:BTCMAXY-24DEC31-100000,BTCMAXY-24DEC31-100000,KXBTCMAXY,1715745600,2024-05-15 00:00:00+00:00,0.31,0.31,0.31,0.31,0.31,0.33,0.3,0.33,300.0,14899.0
kalshi:BTCMAXY-24DEC31-100000,BTCMAXY-24DEC31-100000,KXBTCMAXY,1715832000,2024-05-16 00:00:00+00:00,0.33,0.3,0.39,0.37,0.3341,0.31,0.3,0.38,792.0,15686.0
kalshi:BTCMAXY-24DEC31-100000,BTCMAXY-24DEC31-100000,KXBTCMAXY,1715918400,2024-05-17 00:00:00+00:00,0.36,0.34,0.39,0.39,0.3573,0.37,0.34,0.39,579.0,16265.0
kalshi:BTCMAXY-24DEC31-100000,BTCMAXY-24DEC31-100000,KXBTCMAXY,1716004800,2024-05-18 00:00:00+00:00,0.34,0.3,0.39,0.36,0.3429,0.39,0.34,0.39,446.0,16683.0
kalshi:BTCMAXY-24DEC31-100000,BTCMAXY-24DEC31-100000,KXBTCMAXY,1716091200,2024-05-19 00:00:00+00:00,,,,,,0.36,0.31,0.39,0.0,16683.0
kalshi:BTCMAXY-24DEC31-100000,BTCMAXY-24DEC31-100000,KXBTCMAXY,1716177600,2024-05-20 00:00:00+00:00,0.35,0.35,0.36,0.36,0.3525,0.36,0.31,0.39,20.0,16703.0
kalshi:BTCMAXY-24DEC31-100000,BTCMAXY-24DEC31-100000,KXBTCMAXY,1716264000,2024-05-21 00:00:00+00:00,0.39,0.39,0.45,0.44,0.4232,0.36,0.31,0.47,635.0,17338.0
kalshi:BTCMAXY-24DEC31-100000,BTCMAXY-24DEC31-100000,KXBTCMAXY,1716350400,2024-05-22 00:00:00+00:00,0.44,0.4,0.46,0.4,0.4325,0.44,0.4,0.44,511.0,17839.0
kalshi:BTCMAXY-24DEC31-100000,BTCMAXY-24DEC31-100000,KXBTCMAXY,1716436800,2024-05-23 00:00:00+00:00,0.4,0.4,0.41,0.41,0.4025,0.4,0.4,0.43,8.0,17847.0
kalshi:BTCMAXY-24DEC31-100000,BTCMAXY-24DEC31-100000,KXBTCMAXY,1716523200,2024-05-24 00:00:00+00:00,0.4,0.3,0.4,0.3,0.3946,0.41,0.3,0.4,37.0,17849.0
kalshi:BTCMAXY-24DEC31-100000,BTCMAXY-24DEC31-100000,KXBTCMAXY,1716609600,2024-05-25 00:00:00+00:00,0.4,0.4,0.4,0.4,0.4,0.3,0.3,0.42,114.0,17963.0
kalshi:BTCMAXY-24DEC31-100000,BTCMAXY-24DEC31-100000,KXBTCMAXY,1716696000,2024-05-26 00:00:00+00:00,0.4,0.38,0.4,0.38,0.3804,0.4,0.3,0.42,55.0,18018.0
kalshi:BTCMAXY-24DEC31-100000,BTCMAXY-24DEC31-100000,KXBTCMAXY,1716782400,2024-05-27 00:00:00+00:00,0.42,0.42,0.44,0.44,0.4381,0.38,0.3,0.45,109.0,18029.0
kalshi:BTCMAXY-24DEC31-100000,BTCMAXY-24DEC31-100000,KXBTCMAXY,1716868800,2024-05-28 00:00:00+00:00,,,,,,0.44,0.31,0.45,0.0,18029.0
kalshi:BTCMAXY-24DEC31-100000,BTCMAXY-24DEC31-100000,KXBTCMAXY,1716955200,2024-05-29 00:00:00+00:00,0.35,0.35,0.35,0.35,0.35,0.44,0.3,0.45,1.0,18030.0
kalshi:BTCMAXY-24DEC31-100000,BTCMAXY-24DEC31-100000,KXBTCMAXY,1717041600,2024-05-30 00:00:00+00:00,0.35,0.35,0.4,0.4,0.3721,0.35,0.3,0.45,269.0,18181.0
kalshi:BTCMAXY-24DEC31-100000,BTCMAXY-24DEC31-100000,KXBTCMAXY,1717128000,2024-05-31 00:00:00+00:00,0.36,0.36,0.36,0.36,0.36,0.4,0.3,0.45,60.0,18241.0
kalshi:BTCMAXY-24DEC31-100000,BTCMAXY-24DEC31-100000,KXBTCMAXY,1717214400,2024-06-01 00:00:00+00:00,,,,,,0.36,0.3,0.45,0.0,18241.0
kalshi:BTCMAXY-24DEC31-100000,BTCMAXY-24DEC31-100000,KXBTCMAXY,1717300800,2024-06-02 00:00:00+00:00,,,,,,0.36,0.32,0.34,0.0,18241.0
kalshi:BTCMAXY-24DEC31-100000,BTCMAXY-24DEC31-100000,KXBTCMAXY,1717387200,2024-06-03 00:00:00+00:00,0.32,0.32,0.34,0.32,0.3337,0.36,0.32,0.35,291.0,18441.0
kalshi:BTCMAXY-24DEC31-100000,BTCMAXY-24DEC31-100000,KXBTCMAXY,1717473600,2024-06-04 00:00:00+00:00,0.35,0.32,0.39,0.32,0.3375,0.32,0.33,0.35,228.0,18441.0
kalshi:BTCMAXY-24DEC31-100000,BTCMAXY-24DEC31-100000,KXBTCMAXY,1717560000,2024-06-05 00:00:00+00:00,0.35,0.33,0.47,0.34,0.3745,0.32,0.35,0.45,194.0,18635.0
kalshi:BTCMAXY-24DEC31-100000,BTCMAXY-24DEC31-100000,KXBTCMAXY,1717646400,2024-06-06 00:00:00+00:00,0.35,0.35,0.4,0.37,0.3892,0.34,0.3,0.38,1296.0,17887.0
kalshi:BTCMAXY-24DEC31-100000,BTCMAXY-24DEC31-100000,KXBTCMAXY,1717732800,2024-06-07 00:00:00+00:00,0.39,0.3,0.39,0.31,0.3201,0.37,0.31,0.32,1664.0,16530.0
kalshi:BTCMAXY-24DEC31-100000,BTCMAXY-24DEC31-100000,KXBTCMAXY,1717819200,2024-06-08 00:00:00+00:00,0.3,0.3,0.3,0.3,0.3,0.31,0.25,0.32,117.0,16473.0
kalshi:BTCMAXY-24DEC31-100000,BTCMAXY-24DEC31-100000,KXBTCMAXY,1717905600,2024-06-09 00:00:00+00:00,,,,,,0.3,0.26,0.27,0.0,16473.0
kalshi:BTCMAXY-24DEC31-100000,BTCMAXY-24DEC31-100000,KXBTCMAXY,1717992000,2024-06-10 00:00:00+00:00,0.29,0.29,0.29,0.29,0.29,0.3,0.26,0.31,101.0,16574.0
kalshi:BTCMAXY-24DEC31-100000,BTCMAXY-24DEC31-100000,KXBTCMAXY,1718078400,2024-06-11 00:00:00+00:00,0.31,0.31,0.31,0.31,0.31,0.29,0.26,0.32,53.0,16541.0
kalshi:BTCMAXY-24DEC31-100000,BTCMAXY-24DEC31-100000,KXBTCMAXY,1718164800,2024-06-12 00:00:00+00:00,0.26,0.25,0.26,0.25,0.2554,0.31,0.24,0.31,925.0,16142.0
kalshi:BTCMAXY-24DEC31-100000,BTCMAXY-24DEC31-100000,KXBTCMAXY,1718251200,2024-06-13 00:00:00+00:00,0.31,0.28,0.34,0.31,0.3158,0.25,0.25,0.35,514.0,16245.0
kalshi:BTCMAXY-24DEC31-100000,BTCMAXY-24DEC31-100000,KXBTCMAXY,1718337600,2024-06-14 00:00:00+00:00,,,,,,0.31,0.25,0.31,0.0,16245.0
kalshi:BTCMAXY-24DEC31-100000,BTCMAXY-24DEC31-100000,KXBTCMAXY,1718424000,2024-06-15 00:00:00+00:00,0.29,0.29,0.29,0.29,0.29,0.31,0.25,0.34,270.0,16245.0
kalshi:BTCMAXY-24DEC31-100000,BTCMAXY-24DEC31-100000,KXBTCMAXY,1718510400,2024-06-16 00:00:00+00:00,0.28,0.28,0.28,0.28,0.28,0.29,0.25,0.34,340.0,16245.0
kalshi:BTCMAXY-24DEC31-100000,BTCMAXY-24DEC31-100000,KXBTCMAXY,1718596800,2024-06-17 00:00:00+00:00,,,,,,0.28,0.25,0.3,0.0,16245.0
kalshi:BTCMAXY-24DEC31-100000,BTCMAXY-24DEC31-100000,KXBTCMAXY,1718683200,2024-06-18 00:00:00+00:00,0.25,0.25,0.25,0.25,0.25,0.28,0.13,0.29,314.0,15931.0
kalshi:BTCMAXY-24DEC31-100000,BTCMAXY-24DEC31-100000,KXBTCMAXY,1718769600,2024-06-19 00:00:00+00:00,0.26,0.26,0.27,0.27,0.2635,0.25,0.13,0.34,214.0,15718.0
kalshi:BTCMAXY-24DEC31-100000,BTCMAXY-24DEC31-100000,KXBTCMAXY,1718856000,2024-06-20 00:00:00+00:00,,,,,,0.27,0.13,0.28,0.0,15718.0
kalshi:BTCMAXY-24DEC31-100000,BTCMAXY-24DEC31-100000,KXBTCMAXY,1718942400,2024-06-21 00:00:00+00:00,,,,,,0.27,0.21,0.34,0.0,15718.0
kalshi:BTCMAXY-24DEC31-100000,BTCMAXY-24DEC31-100000,KXBTCMAXY,1719028800,2024-06-22 00:00:00+00:00,0.24,0.24,0.24,0.24,0.24,0.27,0.17,0.27,30.0,15692.0
kalshi:BTCMAXY-24DEC31-100000,BTCMAXY-24DEC31-100000,KXBTCMAXY,1719115200,2024-06-23 00:00:00+00:00,,,,,,0.24,0.13,0.34,0.0,15692.0
kalshi:BTCMAXY-24DEC31-100000,BTCMAXY-24DEC31-100000,KXBTCMAXY,1719201600,2024-06-24 00:00:00+00:00,,,,,,0.24,0.15,0.34,0.0,15692.0
kalshi:BTCMAXY-24DEC31-100000,BTCMAXY-24DEC31-100000,KXBTCMAXY,1719288000,2024-06-25 00:00:00+00:00,0.19,0.18,0.19,0.19,0.1889,0.24,0.17,0.35,140.0,15692.0
kalshi:BTCMAXY-24DEC31-100000,BTCMAXY-24DEC31-100000,KXBTCMAXY,1719374400,2024-06-26 00:00:00+00:00,,,,,,0.19,0.19,0.35,0.0,15692.0
kalshi:BTCMAXY-24DEC31-100000,BTCMAXY-24DEC31-100000,KXBTCMAXY,1719460800,2024-06-27 00:00:00+00:00,0.19,0.15,0.19,0.15,0.1576,0.19,0.15,0.39,50.0,15657.0
kalshi:BTCMAXY-24DEC31-100000,BTCMAXY-24DEC31-100000,KXBTCMAXY,1719547200,2024-06-28 00:00:00+00:00,0.21,0.2,0.21,0.21,0.2088,0.15,0.15,0.23,167.0,15643.0
kalshi:BTCMAXY-24DEC31-100000,BTCMAXY-24DEC31-100000,KXBTCMAXY,1719633600,2024-06-29 00:00:00+00:00,,,,,,0.21,0.15,0.21,0.0,15643.0
kalshi:BTCMAXY-24DEC31-100000,BTCMAXY-24DEC31-100000,KXBTCMAXY,1719720000,2024-06-30 00:00:00+00:00,0.15,0.13,0.15,0.13,0.1348,0.21,0.12,0.39,124.0,15643.0
kalshi:BTCMAXY-24DEC31-100000,BTCMAXY-24DEC31-100000,KXBTCMAXY,1719806400,2024-07-01 00:00:00+00:00,0.39,0.12,0.61,0.12,0.4556,0.13,0.12,0.28,55.0,15688.0
kalshi:BTCMAXY-24DEC31-100000,BTCMAXY-24DEC31-100000,KXBTCMAXY,1719892800,2024-07-02 00:00:00+00:00,0.17,0.15,0.22,0.22,0.1949,0.12,0.17,0.28,1355.0,14933.0
kalshi:BTCMAXY-24DEC31-100000,BTCMAXY-24DEC31-100000,KXBTCMAXY,1719979200,2024-07-03 00:00:00+00:00,0.17,0.14,0.17,0.14,0.1567,0.22,0.12,0.21,18.0,14923.0
kalshi:BTCMAXY-24DEC31-100000,BTCMAXY-24DEC31-100000,KXBTCMAXY,1720065600,2024-07-04 00:00:00+00:00,0.12,0.11,0.12,0.11,0.115,0.14,0.11,0.28,220.0,14967.0
kalshi:BTCMAXY-24DEC31-100000,BTCMAXY-24DEC31-100000,KXBTCMAXY,1720152000,2024-07-05 00:00:00+00:00,0.16,0.16,0.16,0.16,0.16,0.11,0.11,0.26,402.0,14967.0
kalshi:BTCMAXY-24DEC31-100000,BTCMAXY-24DEC31-100000,KXBTCMAXY,1720238400,2024-07-06 00:00:00+00:00,0.22,0.15,0.22,0.15,0.2114,0.16,0.11,0.18,49.0,14967.0
kalshi:BTCMAXY-24DEC31-100000,BTCMAXY-24DEC31-100000,KXBTCMAXY,1720324800,2024-07-07 00:00:00+00:00,0.11,0.11,0.11,0.11,0.11,0.15,0.11,0.26,111.0,14967.0
kalshi:BTCMAXY-24DEC31-100000,BTCMAXY-24DEC31-100000,KXBTCMAXY,1720411200,2024-07-08 00:00:00+00:00,0.25,0.09,0.25,0.09,0.0949,0.11,0.04,0.12,256.0,14968.0
kalshi:BTCMAXY-24DEC31-100000,BTCMAXY-24DEC31-100000,KXBTCMAXY,1720497600,2024-07-09 00:00:00+00:00,,,,,,0.09,0.08,0.12,0.0,14968.0
kalshi:BTCMAXY-24DEC31-100000,BTCMAXY-24DEC31-100000,KXBTCMAXY,1720584000,2024-07-10 00:00:00+00:00,0.12,0.12,0.12,0.12,0.12,0.09,0.08,0.12,185.0,15153.0
kalshi:BTCMAXY-24DEC31-100000,BTCMAXY-24DEC31-100000,KXBTCMAXY,1720670400,2024-07-11 00:00:00+00:00,,,,,,0.12,0.1,0.12,0.0,15153.0
kalshi:BTCMAXY-24DEC31-100000,BTCMAXY-24DEC31-100000,KXBTCMAXY,1720756800,2024-07-12 00:00:00+00:00,0.09,0.09,0.18,0.18,0.1737,0.12,0.09,0.29,94.0,15114.0
kalshi:BTCMAXY-24DEC31-100000,BTCMAXY-24DEC31-100000,KXBTCMAXY,1720843200,2024-07-13 00:00:00+00:00,0.09,0.08,0.1,0.1,0.0982,0.18,0.08,0.18,271.0,15337.0
kalshi:BTCMAXY-24DEC31-100000,BTCMAXY-24DEC31-100000,KXBTCMAXY,1720929600,2024-07-14 00:00:00+00:00,,,,,,0.1,0.08,0.25,0.0,15337.0
kalshi:BTCMAXY-24DEC31-100000,BTCMAXY-24DEC31-100000,KXBTCMAXY,1721016000,2024-07-15 00:00:00+00:00,0.18,0.18,0.3,0.3,0.245,0.1,0.11,0.3,596.0,15583.0
kalshi:BTCMAXY-24DEC31-100000,BTCMAXY-24DEC31-100000,KXBTCMAXY,1721102400,2024-07-16 00:00:00+00:00,0.19,0.18,0.25,0.23,0.2196,0.3,0.19,0.23,452.0,15784.0
kalshi:BTCMAXY-24DEC31-100000,BTCMAXY-24DEC31-100000,KXBTCMAXY,1721188800,2024-07-17 00:00:00+00:00,0.23,0.23,0.23,0.23,0.23,0.23,0.2,0.23,103.0,15887.0
kalshi:BTCMAXY-24DEC31-100000,BTCMAXY-24DEC31-100000,KXBTCMAXY,1721275200,2024-07-18 00:00:00+00:00,0.2,0.2,0.2,0.2,0.2,0.23,0.22,0.23,150.0,15887.0
kalshi:BTCMAXY-24DEC31-100000,BTCMAXY-24DEC31-100000,KXBTCMAXY,1721361600,2024-07-19 00:00:00+00:00,0.22,0.22,0.23,0.23,0.225,0.2,0.22,0.23,203.0,16090.0
kalshi:BTCMAXY-24DEC31-100000,BTCMAXY-24DEC31-100000,KXBTCMAXY,1721448000,2024-07-20 00:00:00+00:00,0.22,0.21,0.28,0.24,0.227,0.23,0.22,0.25,981.0,16514.0
kalshi:BTCMAXY-24DEC31-100000,BTCMAXY-24DEC31-100000,KXBTCMAXY,1721534400,2024-07-21 00:00:00+00:00,,,,,,0.24,0.21,0.25,0.0,16514.0
kalshi:BTCMAXY-24DEC31-100000,BTCMAXY-24DEC31-100000,KXBTCMAXY,1721620800,2024-07-22 00:00:00+00:00,0.25,0.25,0.31,0.31,0.2941,0.24,0.25,0.32,1609.0,17248.0
kalshi:BTCMAXY-24DEC31-100000,BTCMAXY-24DEC31-100000,KXBTCMAXY,1721707200,2024-07-23 00:00:00+00:00,0.25,0.25,0.32,0.32,0.3004,0.31,0.25,0.38,383.0,17248.0
kalshi:BTCMAXY-24DEC31-100000,BTCMAXY-24DEC31-100000,KXBTCMAXY,1721793600,2024-07-24 00:00:00+00:00,0.25,0.25,0.25,0.25,0.25,0.32,0.25,0.38,1.0,17248.0
kalshi:BTCMAXY-24DEC31-100000,BTCMAXY-24DEC31-100000,KXBTCMAXY,1721880000,2024-07-25 00:00:00+00:00,0.25,0.25,0.25,0.25,0.25,0.25,0.25,0.38,10.0,17246.0
kalshi:BTCMAXY-24DEC31-100000,BTCMAXY-24DEC31-100000,KXBTCMAXY,1721966400,2024-07-26 00:00:00+00:00,0.25,0.2,0.25,0.24,0.205,0.25,0.2,0.24,568.0,17614.0
kalshi:BTCMAXY-24DEC31-100000,BTCMAXY-24DEC31-100000,KXBTCMAXY,1722052800,2024-07-27 00:00:00+00:00,0.24,0.24,0.27,0.27,0.2412,0.24,0.26,0.36,260.0,17864.0
kalshi:BTCMAXY-24DEC31-100000,BTCMAXY-24DEC31-100000,KXBTCMAXY,1722139200,2024-07-28 00:00:00+00:00,0.32,0.25,0.32,0.25,0.2706,0.27,0.25,0.38,111.0,17929.0
kalshi:BTCMAXY-24DEC31-100000,BTCMAXY-24DEC31-100000,KXBTCMAXY,1722225600,2024-07-29 00:00:00+00:00,0.25,0.25,0.3,0.3,0.299,0.25,0.25,0.29,50.0,17929.0
kalshi:BTCMAXY-24DEC31-100000,BTCMAXY-24DEC31-100000,KXBTCMAXY,1722312000,2024-07-30 00:00:00+00:00,0.29,0.29,0.29,0.29,0.29,0.3,0.25,0.27,39.0,17929.0
kalshi:BTCMAXY-24DEC31-100000,BTCMAXY-24DEC31-100000,KXBTCMAXY,1722398400,2024-07-31 00:00:00+00:00,0.27,0.25,0.29,0.25,0.2743,0.29,0.25,0.29,46.0,17962.0
kalshi:BTCMAXY-24DEC31-100000,BTCMAXY-24DEC31-100000,KXBTCMAXY,1722484800,2024-08-01 00:00:00+00:00,0.25,0.22,0.25,0.22,0.2494,0.25,0.19,0.23,270.0,17702.0
kalshi:BTCMAXY-24DEC31-100000,BTCMAXY-24DEC31-100000,KXBTCMAXY,1722571200,2024-08-02 00:00:00+00:00,0.19,0.18,0.19,0.18,0.1811,0.22,0.18,0.23,9.0,17702.0
kalshi:BTCMAXY-24DEC31-100000,BTCMAXY-24DEC31-100000,KXBTCMAXY,1722657600,2024-08-03 00:00:00+00:00,0.24,0.24,0.24,0.24,0.24,0.18,0.24,0.25,5.0,17702.0
kalshi:BTCMAXY-24DEC31-100000,BTCMAXY-24DEC31-100000,KXBTCMAXY,1722744000,2024-08-04 00:00:00+00:00,0.24,0.18,0.24,0.18,0.182,0.24,0.18,0.22,198.0,17591.0
kalshi:BTCMAXY-24DEC31-100000,BTCMAXY-24DEC31-100000,KXBTCMAXY,1722830400,2024-08-05 00:00:00+00:00,0.18,0.13,0.18,0.15,0.1506,0.18,0.08,0.15,405.0,17716.0
kalshi:BTCMAXY-24DEC31-100000,BTCMAXY-24DEC31-100000,KXBTCMAXY,1722916800,2024-08-06 00:00:00+00:00,0.15,0.15,0.15,0.15,0.15,0.15,0.15,0.19,32.0,17748.0
kalshi:BTCMAXY-24DEC31-100000,BTCMAXY-24DEC31-100000,KXBTCMAXY,1723003200,2024-08-07 00:00:00+00:00,0.15,0.08,0.15,0.11,0.1101,0.15,0.08,0.18,1750.0,19298.0
kalshi:BTCMAXY-24DEC31-100000,BTCMAXY-24DEC31-100000,KXBTCMAXY,1723089600,2024-08-08 00:00:00+00:00,0.18,0.17,0.18,0.17,0.1702,0.11,0.12,0.17,56.0,19353.0
kalshi:BTCMAXY-24DEC31-100000,BTCMAXY-24DEC31-100000,KXBTCMAXY,1723176000,2024-08-09 00:00:00+00:00,,,,,,0.17,0.13,0.16,0.0,19353.0
kalshi:BTCMAXY-24DEC31-100000,BTCMAXY-24DEC31-100000,KXBTCMAXY,1723262400,2024-08-10 00:00:00+00:00,,,,,,0.17,0.12,0.16,0.0,19353.0
kalshi:BTCMAXY-24DEC31-100000,BTCMAXY-24DEC31-100000,KXBTCMAXY,1723348800,2024-08-11 00:00:00+00:00,0.12,0.12,0.12,0.12,0.12,0.17,0.12,0.16,18.0,19353.0
kalshi:BTCMAXY-24DEC31-100000,BTCMAXY-24DEC31-100000,KXBTCMAXY,1723435200,2024-08-12 00:00:00+00:00,0.16,0.16,0.17,0.17,0.1693,0.12,0.12,0.17,40.0,19393.0
kalshi:BTCMAXY-24DEC31-100000,BTCMAXY-24DEC31-100000,KXBTCMAXY,1723521600,2024-08-13 00:00:00+00:00,0.13,0.12,0.13,0.13,0.129,0.17,0.12,0.13,105.0,19441.0
kalshi:BTCMAXY-24DEC31-100000,BTCMAXY-24DEC31-100000,KXBTCMAXY,1723608000,2024-08-14 00:00:00+00:00,0.13,0.11,0.14,0.11,0.1227,0.13,0.12,0.13,225.0,19647.0
kalshi:BTCMAXY-24DEC31-100000,BTCMAXY-24DEC31-100000,KXBTCMAXY,1723694400,2024-08-15 00:00:00+00:00,0.13,0.12,0.14,0.14,0.1331,0.11,0.12,0.14,195.0,19832.0
kalshi:BTCMAXY-24DEC31-100000,BTCMAXY-24DEC31-100000,KXBTCMAXY,1723780800,2024-08-16 00:00:00+00:00,0.13,0.13,0.19,0.19,0.1784,0.14,0.12,0.19,1217.0,20338.0
kalshi:BTCMAXY-24DEC31-100000,BTCMAXY-24DEC31-100000,KXBTCMAXY,1723867200,2024-08-17 00:00:00+00:00,0.12,0.12,0.12,0.12,0.12,0.19,0.12,0.17,1.0,20338.0
kalshi:BTCMAXY-24DEC31-100000,BTCMAXY-24DEC31-100000,KXBTCMAXY,1723953600,2024-08-18 00:00:00+00:00,0.17,0.17,0.19,0.19,0.1701,0.12,0.13,0.2,321.0,20659.0
kalshi:BTCMAXY-24DEC31-100000,BTCMAXY-24DEC31-100000,KXBTCMAXY,1724040000,2024-08-19 00:00:00+00:00,0.2,0.2,0.2,0.2,0.2,0.19,0.15,0.2,5.0,20664.0
kalshi:BTCMAXY-24DEC31-100000,BTCMAXY-24DEC31-100000,KXBTCMAXY,1724126400,2024-08-20 00:00:00+00:00,0.15,0.15,0.19,0.19,0.1527,0.2,0.15,0.17,300.0,20944.0
kalshi:BTCMAXY-24DEC31-100000,BTCMAXY-24DEC31-100000,KXBTCMAXY,1724212800,2024-08-21 00:00:00+00:00,0.17,0.17,0.18,0.18,0.1765,0.19,0.18,0.2,20.0,20964.0
kalshi:BTCMAXY-24DEC31-100000,BTCMAXY-24DEC31-100000,KXBTCMAXY,1724299200,2024-08-22 00:00:00+00:00,0.18,0.17,0.18,0.17,0.1767,0.18,0.15,0.2,130.0,20964.0
kalshi:BTCMAXY-24DEC31-100000,BTCMAXY-24DEC31-100000,KXBTCMAXY,1724385600,2024-08-23 00:00:00+00:00,0.15,0.15,0.18,0.18,0.1794,0.17,0.15,0.2,51.0,20990.0
kalshi:BTCMAXY-24DEC31-100000,BTCMAXY-24DEC31-100000,KXBTCMAXY,1724472000,2024-08-24 00:00:00+00:00,0.17,0.17,0.17,0.17,0.17,0.18,0.17,0.18,45.0,21035.0
kalshi:BTCMAXY-24DEC31-100000,BTCMAXY-24DEC31-100000,KXBTCMAXY,1724558400,2024-08-25 00:00:00+00:00,0.2,0.2,0.2,0.2,0.2,0.17,0.17,0.2,94.0,21129.0
kalshi:BTCMAXY-24DEC31-100000,BTCMAXY-24DEC31-100000,KXBTCMAXY,1724644800,2024-08-26 00:00:00+00:00,0.17,0.13,0.2,0.2,0.1461,0.2,0.12,0.19,501.0,21510.0
kalshi:BTCMAXY-24DEC31-100000,BTCMAXY-24DEC31-100000,KXBTCMAXY,1724731200,2024-08-27 00:00:00+00:00,0.19,0.12,0.2,0.2,0.1569,0.2,0.12,0.2,118.0,21506.0
kalshi:BTCMAXY-24DEC31-100000,BTCMAXY-24DEC31-100000,KXBTCMAXY,1724817600,2024-08-28 00:00:00+00:00,,,,,,0.2,0.14,0.19,0.0,21506.0
kalshi:BTCMAXY-24DEC31-100000,BTCMAXY-24DEC31-100000,KXBTCMAXY,1724904000,2024-08-29 00:00:00+00:00,0.14,0.12,0.14,0.12,0.1283,0.2,0.11,0.18,48.0,21506.0
kalshi:BTCMAXY-24DEC31-100000,BTCMAXY-24DEC31-100000,KXBTCMAXY,1724990400,2024-08-30 00:00:00+00:00,0.18,0.18,0.18,0.18,0.18,0.12,0.11,0.19,43.0,21463.0
kalshi:BTCMAXY-24DEC31-100000,BTCMAXY-24DEC31-100000,KXBTCMAXY,1725076800,2024-08-31 00:00:00+00:00,0.11,0.11,0.11,0.11,0.11,0.18,0.11,0.15,1.0,21463.0
kalshi:BTCMAXY-24DEC31-100000,BTCMAXY-24DEC31-100000,KXBTCMAXY,1725163200,2024-09-01 00:00:00+00:00,,,,,,0.11,0.1,0.18,0.0,21463.0
kalshi:BTCMAXY-24DEC31-100000,BTCMAXY-24DEC31-100000,KXBTCMAXY,1725249600,2024-09-02 00:00:00+00:00,0.14,0.1,0.14,0.1,0.1044,0.11,0.1,0.13,108.0,21475.0
kalshi:BTCMAXY-24DEC31-100000,BTCMAXY-24DEC31-100000,KXBTCMAXY,1725336000,2024-09-03 00:00:00+00:00,,,,,,0.1,0.11,0.12,0.0,21475.0
kalshi:BTCMAXY-24DEC31-100000,BTCMAXY-24DEC31-100000,KXBTCMAXY,1725422400,2024-09-04 00:00:00+00:00,0.12,0.12,0.14,0.14,0.1258,0.1,0.11,0.14,782.0,22031.0
kalshi:BTCMAXY-24DEC31-100000,BTCMAXY-24DEC31-100000,KXBTCMAXY,1725508800,2024-09-05 00:00:00+00:00,0.11,0.11,0.12,0.12,0.1104,0.14,0.07,0.1,415.0,21994.0
kalshi:BTCMAXY-24DEC31-100000,BTCMAXY-24DEC31-100000,KXBTCMAXY,1725595200,2024-09-06 00:00:00+00:00,0.1,0.1,0.1,0.1,0.1,0.12,0.07,0.09,46.0,22040.0
kalshi:BTCMAXY-24DEC31-100000,BTCMAXY-24DEC31-100000,KXBTCMAXY,1725681600,2024-09-07 00:00:00+00:00,0.07,0.07,0.08,0.08,0.0751,0.1,0.07,0.09,590.0,22630.0
kalshi:BTCMAXY-24DEC31-100000,BTCMAXY-24DEC31-100000,KXBTCMAXY,1725854400,2024-09-09 00:00:00+00:00,0.07,0.07,0.11,0.11,0.086,0.08,0.07,0.14,168.0,22713.0
kalshi:BTCMAXY-24DEC31-100000,BTCMAXY-24DEC31-100000,KXBTCMAXY,1725940800,2024-09-10 00:00:00+00:00,,,,,,0.11,0.07,0.14,0.0,22713.0
kalshi:BTCMAXY-24DEC31-100000,BTCMAXY-24DEC31-100000,KXBTCMAXY,1726027200,2024-09-11 00:00:00+00:00,,,,,,0.11,0.07,0.13,0.0,22713.0
kalshi:BTCMAXY-24DEC31-100000,BTCMAXY-24DEC31-100000,KXBTCMAXY,1726113600,2024-09-12 00:00:00+00:00,,,,,,0.11,0.07,0.14,0.0,22713.0
kalshi:BTCMAXY-24DEC31-100000,BTCMAXY-24DEC31-100000,KXBTCMAXY,1726200000,2024-09-13 00:00:00+00:00,0.12,0.12,0.13,0.13,0.1266,0.11,0.08,0.14,320.0,22503.0
kalshi:BTCMAXY-24DEC31-100000,BTCMAXY-24DEC31-100000,KXBTCMAXY,1726286400,2024-09-14 00:00:00+00:00,0.15,0.08,0.15,0.08,0.1498,0.13,0.08,0.14,315.0,22503.0
kalshi:BTCMAXY-24DEC31-100000,BTCMAXY-24DEC31-100000,KXBTCMAXY,1726372800,2024-09-15 00:00:00+00:00,,,,,,0.08,0.08,0.14,0.0,22503.0
kalshi:BTCMAXY-24DEC31-100000,BTCMAXY-24DEC31-100000,KXBTCMAXY,1726459200,2024-09-16 00:00:00+00:00,,,,,,0.08,0.07,0.14,0.0,22503.0
kalshi:BTCMAXY-24DEC31-100000,BTCMAXY-24DEC31-100000,KXBTCMAXY,1726545600,2024-09-17 00:00:00+00:00,0.07,0.06,0.07,0.06,0.0617,0.08,0.06,0.07,229.0,22593.0
kalshi:BTCMAXY-24DEC31-100000,BTCMAXY-24DEC31-100000,KXBTCMAXY,1726632000,2024-09-18 00:00:00+00:00,0.07,0.07,0.15,0.15,0.1307,0.06,0.08,0.13,841.0,23434.0
kalshi:BTCMAXY-24DEC31-100000,BTCMAXY-24DEC31-100000,KXBTCMAXY,1726718400,2024-09-19 00:00:00+00:00,0.12,0.08,0.14,0.08,0.1351,0.15,0.09,0.12,1186.0,24204.0
kalshi:BTCMAXY-24DEC31-100000,BTCMAXY-24DEC31-100000,KXBTCMAXY,1726804800,2024-09-20 00:00:00+00:00,0.12,0.09,0.14,0.09,0.1233,0.08,0.09,0.11,1033.0,25206.0
kalshi:BTCMAXY-24DEC31-100000,BTCMAXY-24DEC31-100000,KXBTCMAXY,1726891200,2024-09-21 00:00:00+00:00,0.11,0.09,0.11,0.09,0.1097,0.09,0.08,0.1,296.0,25202.0
kalshi:BTCMAXY-24DEC31-100000,BTCMAXY-24DEC31-100000,KXBTCMAXY,1726977600,2024-09-22 00:00:00+00:00,0.1,0.1,0.11,0.1,0.1094,0.09,0.08,0.09,1340.0,26542.0
kalshi:BTCMAXY-24DEC31-100000,BTCMAXY-24DEC31-100000,KXBTCMAXY,1727064000,2024-09-23 00:00:00+00:00,0.09,0.09,0.09,0.09,0.09,0.1,0.08,0.1,400.0,26942.0
kalshi:BTCMAXY-24DEC31-100000,BTCMAXY-24DEC31-100000,KXBTCMAXY,1727150400,2024-09-24 00:00:00+00:00,0.09,0.08,0.09,0.08,0.0894,0.09,0.07,0.09,318.0,27142.0
kalshi:BTCMAXY-24DEC31-100000,BTCMAXY-24DEC31-100000,KXBTCMAXY,1727236800,2024-09-25 00:00:00+00:00,0.09,0.09,0.14,0.14,0.1106,0.08,0.07,0.11,1864.0,27634.0
kalshi:BTCMAXY-24DEC31-100000,BTCMAXY-24DEC31-100000,KXBTCMAXY,1727323200,2024-09-26 00:00:00+00:00,0.11,0.09,0.32,0.11,0.1552,0.14,0.09,0.11,1996.0,28474.0
kalshi:BTCMAXY-24DEC31-100000,BTCMAXY-24DEC31-100000,KXBTCMAXY,1727409600,2024-09-27 00:00:00+00:00,0.1,0.1,0.13,0.13,0.1088,0.11,0.09,0.12,1978.0,28874.0
kalshi:BTCMAXY-24DEC31-100000,BTCMAXY-24DEC31-100000,KXBTCMAXY,1727496000,2024-09-28 00:00:00+00:00,,,,,,0.13,0.1,0.11,0.0,28874.0
kalshi:BTCMAXY-24DEC31-100000,BTCMAXY-24DEC31-100000,KXBTCMAXY,1727582400,2024-09-29 00:00:00+00:00,0.09,0.09,0.09,0.09,0.09,0.13,0.09,0.1,109.0,28874.0
kalshi:BTCMAXY-24DEC31-100000,BTCMAXY-24DEC31-100000,KXBTCMAXY,1727668800,2024-09-30 00:00:00+00:00,0.09,0.08,0.09,0.08,0.0893,0.09,0.08,0.09,197.0,28874.0
kalshi:BTCMAXY-24DEC31-100000,BTCMAXY-24DEC31-100000,KXBTCMAXY,1727755200,2024-10-01 00:00:00+00:00,0.08,0.08,0.09,0.08,0.0859,0.08,0.08,0.09,341.0,29074.0
kalshi:BTCMAXY-24DEC31-100000,BTCMAXY-24DEC31-100000,KXBTCMAXY,1727841600,2024-10-02 00:00:00+00:00,0.08,0.06,0.08,0.06,0.0675,0.08,0.06,0.07,560.0,28923.0
kalshi:BTCMAXY-24DEC31-100000,BTCMAXY-24DEC31-100000,KXBTCMAXY,1727928000,2024-10-03 00:00:00+00:00,0.07,0.05,0.08,0.05,0.0641,0.06,0.05,0.06,1650.0,28377.0
kalshi:BTCMAXY-24DEC31-100000,BTCMAXY-24DEC31-100000,KXBTCMAXY,1728360000,2024-10-08 00:00:00+00:00,0.06,0.06,0.09,0.09,0.0734,0.05,0.05,0.07,1841.0,28999.0
kalshi:BTCMAXY-24DEC31-100000,BTCMAXY-24DEC31-100000,KXBTCMAXY,1728446400,2024-10-09 00:00:00+00:00,0.07,0.05,0.07,0.05,0.062,0.09,0.05,0.16,749.0,28999.0
kalshi:BTCMAXY-24DEC31-100000,BTCMAXY-24DEC31-100000,KXBTCMAXY,1728532800,2024-10-10 00:00:00+00:00,0.05,0.05,0.05,0.05,0.05,0.05,0.04,0.05,200.0,28999.0
kalshi:BTCMAXY-24DEC31-100000,BTCMAXY-24DEC31-100000,KXBTCMAXY,1728619200,2024-10-11 00:00:00+00:00,0.05,0.04,0.05,0.05,0.0482,0.05,0.04,0.08,867.0,29815.0
kalshi:BTCMAXY-24DEC31-100000,BTCMAXY-24DEC31-100000,KXBTCMAXY,1728705600,2024-10-12 00:00:00+00:00,,,,,,0.05,0.04,0.08,0.0,29815.0
kalshi:BTCMAXY-24DEC31-100000,BTCMAXY-24DEC31-100000,KXBTCMAXY,1728792000,2024-10-13 00:00:00+00:00,,,,,,0.05,0.04,0.06,0.0,29815.0
kalshi:BTCMAXY-24DEC31-100000,BTCMAXY-24DEC31-100000,KXBTCMAXY,1728878400,2024-10-14 00:00:00+00:00,0.06,0.06,0.07,0.07,0.0633,0.05,0.04,0.05,75.0,29890.0
kalshi:BTCMAXY-24DEC31-100000,BTCMAXY-24DEC31-100000,KXBTCMAXY,1728964800,2024-10-15 00:00:00+00:00,0.05,0.05,0.11,0.11,0.0896,0.07,0.07,0.09,1588.0,31347.0
kalshi:BTCMAXY-24DEC31-100000,BTCMAXY-24DEC31-100000,KXBTCMAXY,1729051200,2024-10-16 00:00:00+00:00,0.11,0.11,0.11,0.11,0.11,0.11,0.07,0.11,213.0,31560.0
kalshi:BTCMAXY-24DEC31-100000,BTCMAXY-24DEC31-100000,KXBTCMAXY,1729137600,2024-10-17 00:00:00+00:00,0.1,0.1,0.22,0.22,0.1267,0.11,0.11,0.12,929.0,32439.0
kalshi:BTCMAXY-24DEC31-100000,BTCMAXY-24DEC31-100000,KXBTCMAXY,1729224000,2024-10-18 00:00:00+00:00,0.11,0.1,0.11,0.1,0.1024,0.22,0.1,0.11,396.0,32739.0
kalshi:BTCMAXY-24DEC31-100000,BTCMAXY-24DEC31-100000,KXBTCMAXY,1729310400,2024-10-19 00:00:00+00:00,0.11,0.11,0.14,0.14,0.1255,0.1,0.11,0.13,2303.0,34967.0
kalshi:BTCMAXY-24DEC31-100000,BTCMAXY-24DEC31-100000,KXBTCMAXY,1729396800,2024-10-20 00:00:00+00:00,0.11,0.1,0.12,0.1,0.1137,0.14,0.11,0.15,4312.0,38779.0
kalshi:BTCMAXY-24DEC31-100000,BTCMAXY-24DEC31-100000,KXBTCMAXY,1729483200,2024-10-21 00:00:00+00:00,0.16,0.09,0.16,0.09,0.1361,0.1,0.08,0.14,542.0,39171.0
kalshi:BTCMAXY-24DEC31-100000,BTCMAXY-24DEC31-100000,KXBTCMAXY,1729569600,2024-10-22 00:00:00+00:00,0.14,0.08,0.59,0.1,0.237,0.09,0.1,0.12,9014.0,47242.0
kalshi:BTCMAXY-24DEC31-100000,BTCMAXY-24DEC31-100000,KXBTCMAXY,1729656000,2024-10-23 00:00:00+00:00,0.12,0.11,0.15,0.11,0.1326,0.1,0.11,0.13,1258.0,48300.0
kalshi:BTCMAXY-24DEC31-100000,BTCMAXY-24DEC31-100000,KXBTCMAXY,1729742400,2024-10-24 00:00:00+00:00,0.15,0.12,0.16,0.12,0.157,0.11,0.12,0.16,617.0,48895.0
kalshi:BTCMAXY-24DEC31-100000,BTCMAXY-24DEC31-100000,KXBTCMAXY,1729828800,2024-10-25 00:00:00+00:00,0.12,0.09,0.14,0.12,0.1018,0.12,0.12,0.14,559.0,48896.0
kalshi:BTCMAXY-24DEC31-100000,BTCMAXY-24DEC31-100000,KXBTCMAXY,1729915200,2024-10-26 00:00:00+00:00,0.14,0.09,0.14,0.09,0.1183,0.12,0.09,0.14,436.0,48916.0
kalshi:BTCMAXY-24DEC31-100000,BTCMAXY-24DEC31-100000,KXBTCMAXY,1730001600,2024-10-27 00:00:00+00:00,,,,,,0.09,0.1,0.13,0.0,48916.0
kalshi:BTCMAXY-24DEC31-100000,BTCMAXY-24DEC31-100000,KXBTCMAXY,1730088000,2024-10-28 00:00:00+00:00,0.11,0.11,0.11,0.11,0.11,0.09,0.1,0.11,20.0,48916.0
kalshi:BTCMAXY-24DEC31-100000,BTCMAXY-24DEC31-100000,KXBTCMAXY,1730174400,2024-10-29 00:00:00+00:00,0.1,0.1,0.12,0.12,0.1063,0.11,0.11,0.12,227.0,49106.0
kalshi:BTCMAXY-24DEC31-100000,BTCMAXY-24DEC31-100000,KXBTCMAXY,1730260800,2024-10-30 00:00:00+00:00,0.12,0.1,0.16,0.16,0.1312,0.12,0.1,0.16,1421.0,50138.0
kalshi:BTCMAXY-24DEC31-100000,BTCMAXY-24DEC31-100000,KXBTCMAXY,1730347200,2024-10-31 00:00:00+00:00,0.15,0.11,0.15,0.11,0.1115,0.16,0.1,0.13,156.0,50044.0
kalshi:BTCMAXY-24DEC31-100000,BTCMAXY-24DEC31-100000,KXBTCMAXY,1730433600,2024-11-01 00:00:00+00:00,0.11,0.1,0.13,0.1,0.1138,0.11,0.1,0.13,220.0,49960.0
kalshi:BTCMAXY-24DEC31-100000,BTCMAXY-24DEC31-100000,KXBTCMAXY,1730520000,2024-11-02 00:00:00+00:00,,,,,,0.1,0.1,0.11,0.0,49960.0
kalshi:BTCMAXY-24DEC31-100000,BTCMAXY-24DEC31-100000,KXBTCMAXY,1730606400,2024-11-03 00:00:00+00:00,0.11,0.08,0.11,0.08,0.0958,0.1,0.08,0.12,562.0,50165.0
kalshi:BTCMAXY-24DEC31-100000,BTCMAXY-24DEC31-100000,KXBTCMAXY,1730692800,2024-11-04 00:00:00+00:00,0.11,0.11,0.12,0.12,0.112,0.08,0.09,0.12,125.0,50290.0
kalshi:BTCMAXY-24DEC31-100000,BTCMAXY-24DEC31-100000,KXBTCMAXY,1730782800,2024-11-05 00:00:00+00:00,,,,,,0.12,0.09,0.11,0.0,50290.0
kalshi:BTCMAXY-24DEC31-100000,BTCMAXY-24DEC31-100000,KXBTCMAXY,1730869200,2024-11-06 00:00:00+00:00,0.09,0.09,0.12,0.12,0.1125,0.12,0.09,0.13,538.0,50484.0
kalshi:BTCMAXY-24DEC31-100000,BTCMAXY-24DEC31-100000,KXBTCMAXY,1730955600,2024-11-07 00:00:00+00:00,0.13,0.11,0.31,0.31,0.2079,0.12,0.17,0.28,2072.0,52201.0
kalshi:BTCMAXY-24DEC31-100000,BTCMAXY-24DEC31-100000,KXBTCMAXY,1731042000,2024-11-08 00:00:00+00:00,0.17,0.16,0.25,0.2,0.2101,0.31,0.18,0.2,431.0,52370.0
kalshi:BTCMAXY-24DEC31-100000,BTCMAXY-24DEC31-100000,KXBTCMAXY,1731128400,2024-11-09 00:00:00+00:00,0.18,0.18,0.37,0.25,0.3173,0.2,0.25,0.31,2098.0,53420.0
kalshi:BTCMAXY-24DEC31-100000,BTCMAXY-24DEC31-100000,KXBTCMAXY,1731214800,2024-11-10 00:00:00+00:00,0.25,0.18,0.25,0.21,0.2237,0.25,0.18,0.2,312.0,53420.0
kalshi:BTCMAXY-24DEC31-100000,BTCMAXY-24DEC31-100000,KXBTCMAXY,1731301200,2024-11-11 00:00:00+00:00,0.2,0.2,0.38,0.38,0.2513,0.21,0.33,0.42,1270.0,53688.0
kalshi:BTCMAXY-24DEC31-100000,BTCMAXY-24DEC31-100000,KXBTCMAXY,1731387600,2024-11-12 00:00:00+00:00,0.37,0.1,0.74,0.56,0.4211,0.38,0.57,0.64,14592.0,50166.0
kalshi:BTCMAXY-24DEC31-100000,BTCMAXY-24DEC31-100000,KXBTCMAXY,1731474000,2024-11-13 00:00:00+00:00,0.57,0.5,0.62,0.55,0.5354,0.56,0.56,0.59,2701.0,48994.0
kalshi:BTCMAXY-24DEC31-100000,BTCMAXY-24DEC31-100000,KXBTCMAXY,1731560400,2024-11-14 00:00:00+00:00,0.59,0.59,0.84,0.69,0.7388,0.55,0.66,0.72,6990.0,50235.0
kalshi:BTCMAXY-24DEC31-100000,BTCMAXY-24DEC31-100000,KXBTCMAXY,1731646800,2024-11-15 00:00:00+00:00,0.66,0.59,0.7,0.62,0.6418,0.69,0.59,0.65,2536.0,50769.0
kalshi:BTCMAXY-24DEC31-100000,BTCMAXY-24DEC31-100000,KXBTCMAXY,1731733200,2024-11-16 00:00:00+00:00,0.61,0.51,0.61,0.51,0.575,0.62,0.0,1.0,875.0,50806.0
kalshi:BTCMAXY-24DEC31-100000,BTCMAXY-24DEC31-100000,KXBTCMAXY,1731819600,2024-11-17 00:00:00+00:00,0.64,0.59,0.8,0.7,0.6765,0.51,0.56,0.68,3897.0,53631.0
kalshi:BTCMAXY-24DEC31-100000,BTCMAXY-24DEC31-100000,KXBTCMAXY,1731906000,2024-11-18 00:00:00+00:00,0.58,0.5,0.7,0.7,0.5428,0.7,0.61,0.72,5733.0,58181.0
kalshi:BTCMAXY-24DEC31-100000,BTCMAXY-24DEC31-100000,KXBTCMAXY,1731992400,2024-11-19 00:00:00+00:00,0.62,0.54,0.73,0.71,0.657,0.7,0.57,0.71,5539.0,61719.0
kalshi:BTCMAXY-24DEC31-100000,BTCMAXY-24DEC31-100000,KXBTCMAXY,1732078800,2024-11-20 00:00:00+00:00,0.71,0.58,0.77,0.77,0.7131,0.71,0.68,0.75,4116.0,64241.0
kalshi:BTCMAXY-24DEC31-100000,BTCMAXY-24DEC31-100000,KXBTCMAXY,1732165200,2024-11-21 00:00:00+00:00,0.68,0.68,0.86,0.86,0.8234,0.77,0.86,0.89,5444.0,63029.0
kalshi:BTCMAXY-24DEC31-100000,BTCMAXY-24DEC31-100000,KXBTCMAXY,1732251600,2024-11-22 00:00:00+00:00,0.89,0.86,0.96,0.96,0.9124,0.86,0.95,0.97,15941.0,63807.0
kalshi:BTCMAXY-24DEC31-100000,BTCMAXY-24DEC31-100000,KXBTCMAXY,1732338000,2024-11-23 00:00:00+00:00,0.95,0.89,0.98,0.9,0.9288,0.96,0.9,0.93,7210.0,63770.0
kalshi:BTCMAXY-24DEC31-100000,BTCMAXY-24DEC31-100000,KXBTCMAXY,1732424400,2024-11-24 00:00:00+00:00,0.9,0.79,0.95,0.81,0.887,0.9,0.81,0.88,1823.0,64710.0
kalshi:BTCMAXY-24DEC31-100000,BTCMAXY-24DEC31-100000,KXBTCMAXY,1732510800,2024-11-25 00:00:00+00:00,0.88,0.72,0.92,0.84,0.8396,0.81,0.85,0.86,16961.0,75185.0
kalshi:BTCMAXY-24DEC31-100000,BTCMAXY-24DEC31-100000,KXBTCMAXY,1732597200,2024-11-26 00:00:00+00:00,0.85,0.54,0.87,0.7,0.7151,0.84,0.63,0.7,16389.0,69862.0
kalshi:BTCMAXY-24DEC31-100000,BTCMAXY-24DEC31-100000,KXBTCMAXY,1732683600,2024-11-27 00:00:00+00:00,0.7,0.51,0.7,0.55,0.5938,0.7,0.55,0.62,5270.0,70529.0
kalshi:BTCMAXY-24DEC31-100000,BTCMAXY-24DEC31-100000,KXBTCMAXY,1732770000,2024-11-28 00:00:00+00:00,0.62,0.62,0.82,0.77,0.7254,0.55,0.72,0.74,5026.0,71200.0
kalshi:BTCMAXY-24DEC31-100000,BTCMAXY-24DEC31-100000,KXBTCMAXY,1732856400,2024-11-29 00:00:00+00:00,0.72,0.67,0.78,0.73,0.6983,0.77,0.7,0.73,1001.0,71526.0
kalshi:BTCMAXY-24DEC31-100000,BTCMAXY-24DEC31-100000,KXBTCMAXY,1732942800,2024-11-30 00:00:00+00:00,0.73,0.72,0.86,0.81,0.7914,0.73,0.76,0.8,3193.0,70556.0
kalshi:BTCMAXY-24DEC31-100000,BTCMAXY-24DEC31-100000,KXBTCMAXY,1733029200,2024-12-01 00:00:00+00:00,0.76,0.68,0.76,0.76,0.729,0.81,0.69,0.76,2526.0,71879.0
kalshi:BTCMAXY-24DEC31-100000,BTCMAXY-24DEC31-100000,KXBTCMAXY,1733115600,2024-12-02 00:00:00+00:00,0.71,0.71,0.85,0.72,0.7696,0.76,0.72,0.8,5082.0,72220.0
kalshi:BTCMAXY-24DEC31-100000,BTCMAXY-24DEC31-100000,KXBTCMAXY,1733202000,2024-12-03 00:00:00+00:00,0.68,0.6,0.76,0.73,0.661,0.72,0.67,0.72,3969.0,73135.0
kalshi:BTCMAXY-24DEC31-100000,BTCMAXY-24DEC31-100000,KXBTCMAXY,1733288400,2024-12-04 00:00:00+00:00,0.67,0.57,0.7,0.65,0.6416,0.73,0.65,0.68,1703.0,73245.0
kalshi:BTCMAXY-24DEC31-75000,BTCMAXY-24DEC31-75000,KXBTCMAXY,1710820800,2024-03-19 00:00:00+00:00,0.86,0.68,0.86,0.68,0.7314,,0.63,0.68,2220.0,2019.0
kalshi:BTCMAXY-24DEC31-75000,BTCMAXY-24DEC31-75000,KXBTCMAXY,1710907200,2024-03-20 00:00:00+00:00,0.64,0.63,0.72,0.72,0.6847,0.68,0.67,0.72,749.0,2054.0
kalshi:BTCMAXY-24DEC31-75000,BTCMAXY-24DEC31-75000,KXBTCMAXY,1710993600,2024-03-21 00:00:00+00:00,0.67,0.67,0.75,0.73,0.7217,0.72,0.72,0.77,1101.0,2276.0
kalshi:BTCMAXY-24DEC31-75000,BTCMAXY-24DEC31-75000,KXBTCMAXY,1711080000,2024-03-22 00:00:00+00:00,0.76,0.76,0.78,0.77,0.7621,0.73,0.69,0.78,201.0,2291.0
kalshi:BTCMAXY-24DEC31-75000,BTCMAXY-24DEC31-75000,KXBTCMAXY,1711166400,2024-03-23 00:00:00+00:00,,,,,,0.77,0.69,0.7,0.0,2291.0
kalshi:BTCMAXY-24DEC31-75000,BTCMAXY-24DEC31-75000,KXBTCMAXY,1711252800,2024-03-24 00:00:00+00:00,0.7,0.7,0.7,0.7,0.7,0.77,0.68,0.7,50.0,2291.0
kalshi:BTCMAXY-24DEC31-75000,BTCMAXY-24DEC31-75000,KXBTCMAXY,1711339200,2024-03-25 00:00:00+00:00,0.68,0.68,0.68,0.68,0.68,0.7,0.68,0.7,2.0,2289.0
kalshi:BTCMAXY-24DEC31-75000,BTCMAXY-24DEC31-75000,KXBTCMAXY,1711425600,2024-03-26 00:00:00+00:00,0.7,0.7,0.78,0.78,0.7625,0.68,0.77,0.78,328.0,2548.0
kalshi:BTCMAXY-24DEC31-75000,BTCMAXY-24DEC31-75000,KXBTCMAXY,1711512000,2024-03-27 00:00:00+00:00,0.78,0.78,0.83,0.79,0.8008,0.78,0.78,0.8,765.0,2768.0
kalshi:BTCMAXY-24DEC31-75000,BTCMAXY-24DEC31-75000,KXBTCMAXY,1711598400,2024-03-28 00:00:00+00:00,0.8,0.8,0.8,0.8,0.8,0.79,0.79,0.8,48.0,2768.0
kalshi:BTCMAXY-24DEC31-75000,BTCMAXY-24DEC31-75000,KXBTCMAXY,1711684800,2024-03-29 00:00:00+00:00,0.79,0.79,0.9,0.9,0.8404,0.8,0.87,0.91,820.0,3161.0
kalshi:BTCMAXY-24DEC31-75000,BTCMAXY-24DEC31-75000,KXBTCMAXY,1711771200,2024-03-30 00:00:00+00:00,0.87,0.87,0.89,0.89,0.8767,0.9,0.84,0.89,264.0,2939.0
kalshi:BTCMAXY-24DEC31-75000,BTCMAXY-24DEC31-75000,KXBTCMAXY,1711857600,2024-03-31 00:00:00+00:00,0.85,0.83,0.85,0.83,0.84,0.89,0.84,0.87,200.0,3099.0
kalshi:BTCMAXY-24DEC31-75000,BTCMAXY-24DEC31-75000,KXBTCMAXY,1711944000,2024-04-01 00:00:00+00:00,0.87,0.86,0.88,0.86,0.8723,0.83,0.84,0.88,156.0,3250.0
kalshi:BTCMAXY-24DEC31-75000,BTCMAXY-24DEC31-75000,KXBTCMAXY,1712030400,2024-04-02 00:00:00+00:00,0.84,0.74,0.84,0.74,0.7925,0.86,0.76,0.84,593.0,3395.0
kalshi:BTCMAXY-24DEC31-75000,BTCMAXY-24DEC31-75000,KXBTCMAXY,1712116800,2024-04-03 00:00:00+00:00,0.79,0.75,0.8,0.8,0.7836,0.74,0.78,0.81,204.0,3356.0
kalshi:BTCMAXY-24DEC31-75000,BTCMAXY-24DEC31-75000,KXBTCMAXY,1712203200,2024-04-04 00:00:00+00:00,0.78,0.78,0.8,0.8,0.7854,0.8,0.78,0.81,65.0,3356.0
kalshi:BTCMAXY-24DEC31-75000,BTCMAXY-24DEC31-75000,KXBTCMAXY,1712289600,2024-04-05 00:00:00+00:00,0.81,0.81,0.87,0.82,0.8348,0.8,0.81,0.88,695.0,3976.0
kalshi:BTCMAXY-24DEC31-75000,BTCMAXY-24DEC31-75000,KXBTCMAXY,1712376000,2024-04-06 00:00:00+00:00,0.83,0.83,0.83,0.83,0.83,0.82,0.8,0.86,80.0,3976.0
kalshi:BTCMAXY-24DEC31-75000,BTCMAXY-24DEC31-75000,KXBTCMAXY,1712462400,2024-04-07 00:00:00+00:00,0.82,0.82,0.87,0.87,0.84,0.83,0.82,0.88,1169.0,5112.0
kalshi:BTCMAXY-24DEC31-75000,BTCMAXY-24DEC31-75000,KXBTCMAXY,1712548800,2024-04-08 00:00:00+00:00,0.85,0.85,0.87,0.87,0.8561,0.87,0.82,0.88,184.0,5120.0
kalshi:BTCMAXY-24DEC31-75000,BTCMAXY-24DEC31-75000,KXBTCMAXY,1712635200,2024-04-09 00:00:00+00:00,0.88,0.88,0.92,0.92,0.9154,0.87,0.87,0.92,690.0,5347.0
kalshi:BTCMAXY-24DEC31-75000,BTCMAXY-24DEC31-75000,KXBTCMAXY,1712721600,2024-04-10 00:00:00+00:00,0.85,0.84,0.87,0.86,0.852,0.92,0.84,0.86,244.0,5163.0
kalshi:BTCMAXY-24DEC31-75000,BTCMAXY-24DEC31-75000,KXBTCMAXY,1712808000,2024-04-11 00:00:00+00:00,0.84,0.84,0.88,0.88,0.8576,0.86,0.88,0.9,85.0,5198.0
kalshi:BTCMAXY-24DEC31-75000,BTCMAXY-24DEC31-75000,KXBTCMAXY,1712894400,2024-04-12 00:00:00+00:00,0.88,0.87,0.89,0.87,0.873,0.88,0.85,0.89,471.0,5598.0
kalshi:BTCMAXY-24DEC31-75000,BTCMAXY-24DEC31-75000,KXBTCMAXY,1712980800,2024-04-13 00:00:00+00:00,0.85,0.82,0.85,0.82,0.8385,0.87,0.77,0.85,559.0,5543.0
kalshi:BTCMAXY-24DEC31-75000,BTCMAXY-24DEC31-75000,KXBTCMAXY,1713067200,2024-04-14 00:00:00+00:00,0.72,0.72,0.72,0.72,0.72,0.82,0.69,0.82,1.0,5543.0
kalshi:BTCMAXY-24DEC31-75000,BTCMAXY-24DEC31-75000,KXBTCMAXY,1713153600,2024-04-15 00:00:00+00:00,0.8,0.8,0.8,0.8,0.8,0.72,0.69,0.86,20.0,5543.0
kalshi:BTCMAXY-24DEC31-75000,BTCMAXY-24DEC31-75000,KXBTCMAXY,1713240000,2024-04-16 00:00:00+00:00,0.74,0.74,0.74,0.74,0.74,0.8,0.7,0.86,1.0,5543.0
kalshi:BTCMAXY-24DEC31-75000,BTCMAXY-24DEC31-75000,KXBTCMAXY,1713326400,2024-04-17 00:00:00+00:00,0.7,0.7,0.74,0.74,0.7124,0.74,0.7,0.75,50.0,5580.0
kalshi:BTCMAXY-24DEC31-75000,BTCMAXY-24DEC31-75000,KXBTCMAXY,1713412800,2024-04-18 00:00:00+00:00,0.69,0.69,0.7,0.7,0.6902,0.74,0.55,0.71,1030.0,4580.0
kalshi:BTCMAXY-24DEC31-75000,BTCMAXY-24DEC31-75000,KXBTCMAXY,1713499200,2024-04-19 00:00:00+00:00,0.71,0.69,0.71,0.71,0.7088,0.7,0.68,0.71,50.0,4627.0
kalshi:BTCMAXY-24DEC31-75000,BTCMAXY-24DEC31-75000,KXBTCMAXY,1713585600,2024-04-20 00:00:00+00:00,0.71,0.68,0.71,0.7,0.6932,0.71,0.69,0.71,119.0,4676.0
kalshi:BTCMAXY-24DEC31-75000,BTCMAXY-24DEC31-75000,KXBTCMAXY,1713672000,2024-04-21 00:00:00+00:00,0.69,0.68,0.71,0.68,0.682,0.7,0.67,0.7,94.0,4757.0
kalshi:BTCMAXY-24DEC31-75000,BTCMAXY-24DEC31-75000,KXBTCMAXY,1713758400,2024-04-22 00:00:00+00:00,0.7,0.7,0.71,0.7,0.7031,0.68,0.66,0.7,26.0,4783.0
kalshi:BTCMAXY-24DEC31-75000,BTCMAXY-24DEC31-75000,KXBTCMAXY,1713844800,2024-04-23 00:00:00+00:00,0.66,0.66,0.73,0.72,0.7176,0.7,0.68,0.72,2495.0,3893.0
kalshi:BTCMAXY-24DEC31-75000,BTCMAXY-24DEC31-75000,KXBTCMAXY,1713931200,2024-04-24 00:00:00+00:00,0.72,0.69,0.72,0.72,0.7134,0.72,0.69,0.72,56.0,3940.0
kalshi:BTCMAXY-24DEC31-75000,BTCMAXY-24DEC31-75000,KXBTCMAXY,1714017600,2024-04-25 00:00:00+00:00,,,,,,0.72,0.68,0.72,0.0,3940.0
kalshi:BTCMAXY-24DEC31-75000,BTCMAXY-24DEC31-75000,KXBTCMAXY,1714104000,2024-04-26 00:00:00+00:00,0.72,0.72,0.76,0.76,0.7456,0.72,0.68,0.77,832.0,4264.0
kalshi:BTCMAXY-24DEC31-75000,BTCMAXY-24DEC31-75000,KXBTCMAXY,1714190400,2024-04-27 00:00:00+00:00,0.76,0.76,0.76,0.76,0.76,0.76,0.68,0.75,89.0,4175.0
kalshi:BTCMAXY-24DEC31-75000,BTCMAXY-24DEC31-75000,KXBTCMAXY,1714276800,2024-04-28 00:00:00+00:00,,,,,,0.76,0.68,0.77,0.0,4175.0
kalshi:BTCMAXY-24DEC31-75000,BTCMAXY-24DEC31-75000,KXBTCMAXY,1714363200,2024-04-29 00:00:00+00:00,,,,,,0.76,0.68,0.77,0.0,4175.0
kalshi:BTCMAXY-24DEC31-75000,BTCMAXY-24DEC31-75000,KXBTCMAXY,1714449600,2024-04-30 00:00:00+00:00,0.71,0.71,0.71,0.71,0.71,0.76,0.67,0.73,1000.0,5175.0
kalshi:BTCMAXY-24DEC31-75000,BTCMAXY-24DEC31-75000,KXBTCMAXY,1714536000,2024-05-01 00:00:00+00:00,0.67,0.63,0.67,0.63,0.6699,0.71,0.62,0.72,1637.0,3977.0
kalshi:BTCMAXY-24DEC31-75000,BTCMAXY-24DEC31-75000,KXBTCMAXY,1714622400,2024-05-02 00:00:00+00:00,0.77,0.58,0.84,0.58,0.6909,0.63,0.54,0.84,56.0,3979.0
kalshi:BTCMAXY-24DEC31-75000,BTCMAXY-24DEC31-75000,KXBTCMAXY,1714708800,2024-05-03 00:00:00+00:00,0.65,0.64,0.65,0.64,0.6482,0.58,0.61,0.84,165.0,4047.0
kalshi:BTCMAXY-24DEC31-75000,BTCMAXY-24DEC31-75000,KXBTCMAXY,1714795200,2024-05-04 00:00:00+00:00,,,,,,0.64,0.67,0.72,0.0,4047.0
kalshi:BTCMAXY-24DEC31-75000,BTCMAXY-24DEC31-75000,KXBTCMAXY,1714881600,2024-05-05 00:00:00+00:00,0.72,0.72,0.72,0.72,0.72,0.64,0.61,0.84,10.0,4037.0
kalshi:BTCMAXY-24DEC31-75000,BTCMAXY-24DEC31-75000,KXBTCMAXY,1714968000,2024-05-06 00:00:00+00:00,,,,,,0.72,0.7,0.76,0.0,4037.0
kalshi:BTCMAXY-24DEC31-75000,BTCMAXY-24DEC31-75000,KXBTCMAXY,1715054400,2024-05-07 00:00:00+00:00,0.7,0.7,0.7,0.7,0.7,0.72,0.61,0.77,46.0,3991.0
kalshi:BTCMAXY-24DEC31-75000,BTCMAXY-24DEC31-75000,KXBTCMAXY,1715140800,2024-05-08 00:00:00+00:00,0.72,0.72,0.72,0.72,0.72,0.7,0.7,0.75,25.0,4016.0
kalshi:BTCMAXY-24DEC31-75000,BTCMAXY-24DEC31-75000,KXBTCMAXY,1715227200,2024-05-09 00:00:00+00:00,0.7,0.67,0.7,0.67,0.6942,0.72,0.66,0.72,255.0,4041.0
kalshi:BTCMAXY-24DEC31-75000,BTCMAXY-24DEC31-75000,KXBTCMAXY,1715313600,2024-05-10 00:00:00+00:00,0.71,0.71,0.71,0.71,0.71,0.67,0.61,0.84,25.0,4036.0
kalshi:BTCMAXY-24DEC31-75000,BTCMAXY-24DEC31-75000,KXBTCMAXY,1715400000,2024-05-11 00:00:00+00:00,0.65,0.64,0.68,0.68,0.6548,0.71,0.66,0.84,883.0,4535.0
kalshi:BTCMAXY-24DEC31-75000,BTCMAXY-24DEC31-75000,KXBTCMAXY,1715486400,2024-05-12 00:00:00+00:00,0.66,0.66,0.68,0.68,0.679,0.68,0.66,0.84,196.0,4525.0
kalshi:BTCMAXY-24DEC31-75000,BTCMAXY-24DEC31-75000,KXBTCMAXY,1715572800,2024-05-13 00:00:00+00:00,0.69,0.69,0.69,0.69,0.69,0.68,0.66,0.72,14.0,4525.0
kalshi:BTCMAXY-24DEC31-75000,BTCMAXY-24DEC31-75000,KXBTCMAXY,1715659200,2024-05-14 00:00:00+00:00,0.69,0.69,0.69,0.69,0.69,0.69,0.61,0.84,20.0,4525.0
kalshi:BTCMAXY-24DEC31-75000,BTCMAXY-24DEC31-75000,KXBTCMAXY,1715745600,2024-05-15 00:00:00+00:00,0.68,0.66,0.68,0.66,0.661,0.69,0.61,0.7,488.0,4958.0
kalshi:BTCMAXY-24DEC31-75000,BTCMAXY-24DEC31-75000,KXBTCMAXY,1715832000,2024-05-16 00:00:00+00:00,0.7,0.7,0.79,0.79,0.7361,0.66,0.61,0.79,51.0,4958.0
kalshi:BTCMAXY-24DEC31-75000,BTCMAXY-24DEC31-75000,KXBTCMAXY,1715918400,2024-05-17 00:00:00+00:00,0.79,0.79,0.79,0.79,0.79,0.79,0.61,0.78,32.0,4982.0
kalshi:BTCMAXY-24DEC31-75000,BTCMAXY-24DEC31-75000,KXBTCMAXY,1716004800,2024-05-18 00:00:00+00:00,0.78,0.78,0.8,0.78,0.7979,0.79,0.77,0.81,56.0,5038.0
kalshi:BTCMAXY-24DEC31-75000,BTCMAXY-24DEC31-75000,KXBTCMAXY,1716091200,2024-05-19 00:00:00+00:00,0.79,0.78,0.81,0.81,0.7867,0.78,0.77,0.81,57.0,5095.0
kalshi:BTCMAXY-24DEC31-75000,BTCMAXY-24DEC31-75000,KXBTCMAXY,1716177600,2024-05-20 00:00:00+00:00,0.82,0.82,0.82,0.82,0.82,0.81,0.77,0.84,120.0,5095.0
kalshi:BTCMAXY-24DEC31-75000,BTCMAXY-24DEC31-75000,KXBTCMAXY,1716264000,2024-05-21 00:00:00+00:00,0.84,0.82,0.9,0.9,0.8529,0.82,0.87,0.92,1902.0,6673.0
kalshi:BTCMAXY-24DEC31-75000,BTCMAXY-24DEC31-75000,KXBTCMAXY,1716350400,2024-05-22 00:00:00+00:00,0.87,0.86,0.87,0.86,0.8606,0.9,0.85,0.89,530.0,7133.0
kalshi:BTCMAXY-24DEC31-75000,BTCMAXY-24DEC31-75000,KXBTCMAXY,1716436800,2024-05-23 00:00:00+00:00,0.86,0.82,0.86,0.82,0.8292,0.86,0.84,0.9,553.0,7666.0
kalshi:BTCMAXY-24DEC31-75000,BTCMAXY-24DEC31-75000,KXBTCMAXY,1716523200,2024-05-24 00:00:00+00:00,0.84,0.83,0.84,0.83,0.8333,0.82,0.66,0.9,15.0,7653.0
kalshi:BTCMAXY-24DEC31-75000,BTCMAXY-24DEC31-75000,KXBTCMAXY,1716609600,2024-05-25 00:00:00+00:00,0.85,0.81,0.85,0.82,0.8211,0.83,0.75,0.84,146.0,7647.0
kalshi:BTCMAXY-24DEC31-75000,BTCMAXY-24DEC31-75000,KXBTCMAXY,1716696000,2024-05-26 00:00:00+00:00,,,,,,0.82,0.83,0.84,0.0,7647.0
kalshi:BTCMAXY-24DEC31-75000,BTCMAXY-24DEC31-75000,KXBTCMAXY,1716868800,2024-05-28 00:00:00+00:00,0.84,0.83,0.84,0.83,0.835,0.82,0.77,0.86,2.0,7647.0
kalshi:BTCMAXY-24DEC31-75000,BTCMAXY-24DEC31-75000,KXBTCMAXY,1716955200,2024-05-29 00:00:00+00:00,,,,,,0.83,0.75,0.86,0.0,7647.0
kalshi:BTCMAXY-24DEC31-75000,BTCMAXY-24DEC31-75000,KXBTCMAXY,1717041600,2024-05-30 00:00:00+00:00,0.79,0.77,0.79,0.77,0.7854,0.83,0.78,0.86,1300.0,8947.0
kalshi:BTCMAXY-24DEC31-75000,BTCMAXY-24DEC31-75000,KXBTCMAXY,1717128000,2024-05-31 00:00:00+00:00,,,,,,0.77,0.8,0.86,0.0,8947.0
kalshi:BTCMAXY-24DEC31-75000,BTCMAXY-24DEC31-75000,KXBTCMAXY,1717214400,2024-06-01 00:00:00+00:00,0.8,0.77,0.8,0.8,0.7772,0.77,0.75,0.85,1227.0,10149.0
kalshi:BTCMAXY-24DEC31-75000,BTCMAXY-24DEC31-75000,KXBTCMAXY,1717300800,2024-06-02 00:00:00+00:00,,,,,,0.8,0.75,0.79,0.0,10149.0
kalshi:BTCMAXY-24DEC31-75000,BTCMAXY-24DEC31-75000,KXBTCMAXY,1717387200,2024-06-03 00:00:00+00:00,,,,,,0.8,0.75,0.85,0.0,10149.0
kalshi:BTCMAXY-24DEC31-75000,BTCMAXY-24DEC31-75000,KXBTCMAXY,1717473600,2024-06-04 00:00:00+00:00,0.77,0.77,0.82,0.82,0.7735,0.8,0.78,0.85,1232.0,11380.0
kalshi:BTCMAXY-24DEC31-75000,BTCMAXY-24DEC31-75000,KXBTCMAXY,1717560000,2024-06-05 00:00:00+00:00,,,,,,0.82,0.77,0.85,0.0,11380.0
kalshi:BTCMAXY-24DEC31-75000,BTCMAXY-24DEC31-75000,KXBTCMAXY,1717646400,2024-06-06 00:00:00+00:00,0.85,0.83,0.88,0.83,0.8607,0.82,0.81,0.9,173.0,11387.0
kalshi:BTCMAXY-24DEC31-75000,BTCMAXY-24DEC31-75000,KXBTCMAXY,1717732800,2024-06-07 00:00:00+00:00,0.84,0.82,0.84,0.84,0.8355,0.83,0.81,0.95,4710.0,16096.0
kalshi:BTCMAXY-24DEC31-75000,BTCMAXY-24DEC31-75000,KXBTCMAXY,1717819200,2024-06-08 00:00:00+00:00,0.81,0.74,0.81,0.74,0.7691,0.84,0.72,0.78,1496.0,16934.0
kalshi:BTCMAXY-24DEC31-75000,BTCMAXY-24DEC31-75000,KXBTCMAXY,1717905600,2024-06-09 00:00:00+00:00,0.75,0.75,0.8,0.75,0.7871,0.74,0.75,0.8,89.0,16944.0
kalshi:BTCMAXY-24DEC31-75000,BTCMAXY-24DEC31-75000,KXBTCMAXY,1717992000,2024-06-10 00:00:00+00:00,0.81,0.81,0.81,0.81,0.81,0.75,0.76,0.82,121.0,16944.0
kalshi:BTCMAXY-24DEC31-75000,BTCMAXY-24DEC31-75000,KXBTCMAXY,1718078400,2024-06-11 00:00:00+00:00,0.79,0.71,0.81,0.71,0.7394,0.81,0.68,0.95,508.0,17203.0
kalshi:BTCMAXY-24DEC31-75000,BTCMAXY-24DEC31-75000,KXBTCMAXY,1718164800,2024-06-12 00:00:00+00:00,0.72,0.67,0.72,0.67,0.6965,0.71,0.69,0.78,605.0,17148.0
kalshi:BTCMAXY-24DEC31-75000,BTCMAXY-24DEC31-75000,KXBTCMAXY,1718251200,2024-06-13 00:00:00+00:00,0.77,0.77,0.77,0.77,0.77,0.67,0.71,0.78,902.0,17975.0
kalshi:BTCMAXY-24DEC31-75000,BTCMAXY-24DEC31-75000,KXBTCMAXY,1718337600,2024-06-14 00:00:00+00:00,0.74,0.74,0.75,0.75,0.741,0.77,0.69,0.9,147.0,17975.0
kalshi:BTCMAXY-24DEC31-75000,BTCMAXY-24DEC31-75000,KXBTCMAXY,1718424000,2024-06-15 00:00:00+00:00,0.69,0.69,0.71,0.69,0.6977,0.75,0.65,0.8,1540.0,19513.0
kalshi:BTCMAXY-24DEC31-75000,BTCMAXY-24DEC31-75000,KXBTCMAXY,1718510400,2024-06-16 00:00:00+00:00,,,,,,0.69,0.65,0.9,0.0,19513.0
kalshi:BTCMAXY-24DEC31-75000,BTCMAXY-24DEC31-75000,KXBTCMAXY,1718596800,2024-06-17 00:00:00+00:00,,,,,,0.69,0.65,0.9,0.0,19513.0
kalshi:BTCMAXY-24DEC31-75000,BTCMAXY-24DEC31-75000,KXBTCMAXY,1718683200,2024-06-18 00:00:00+00:00,,,,,,0.69,0.63,0.72,0.0,19513.0
kalshi:BTCMAXY-24DEC31-75000,BTCMAXY-24DEC31-75000,KXBTCMAXY,1718769600,2024-06-19 00:00:00+00:00,,,,,,0.69,0.61,0.9,0.0,19513.0
kalshi:BTCMAXY-24DEC31-75000,BTCMAXY-24DEC31-75000,KXBTCMAXY,1718856000,2024-06-20 00:00:00+00:00,0.63,0.63,0.69,0.64,0.632,0.69,0.64,0.72,803.0,19424.0
kalshi:BTCMAXY-24DEC31-75000,BTCMAXY-24DEC31-75000,KXBTCMAXY,1718942400,2024-06-21 00:00:00+00:00,0.67,0.67,0.67,0.67,0.67,0.64,0.64,0.9,14.0,19424.0
kalshi:BTCMAXY-24DEC31-75000,BTCMAXY-24DEC31-75000,KXBTCMAXY,1719028800,2024-06-22 00:00:00+00:00,0.64,0.64,0.67,0.66,0.6589,0.67,0.61,0.72,1320.0,19263.0
kalshi:BTCMAXY-24DEC31-75000,BTCMAXY-24DEC31-75000,KXBTCMAXY,1719115200,2024-06-23 00:00:00+00:00,,,,,,0.66,0.61,0.65,0.0,19263.0
kalshi:BTCMAXY-24DEC31-75000,BTCMAXY-24DEC31-75000,KXBTCMAXY,1719201600,2024-06-24 00:00:00+00:00,0.61,0.6,0.64,0.64,0.6126,0.66,0.58,0.65,34.0,19284.0
kalshi:BTCMAXY-24DEC31-75000,BTCMAXY-24DEC31-75000,KXBTCMAXY,1719288000,2024-06-25 00:00:00+00:00,0.58,0.52,0.58,0.54,0.5295,0.64,0.52,0.72,1405.0,19284.0
kalshi:BTCMAXY-24DEC31-75000,BTCMAXY-24DEC31-75000,KXBTCMAXY,1719374400,2024-06-26 00:00:00+00:00,0.55,0.55,0.6,0.6,0.575,0.54,0.59,0.72,20.0,19294.0
kalshi:BTCMAXY-24DEC31-75000,BTCMAXY-24DEC31-75000,KXBTCMAXY,1719460800,2024-06-27 00:00:00+00:00,0.59,0.53,0.59,0.55,0.5528,0.6,0.53,0.72,249.0,19092.0
kalshi:BTCMAXY-24DEC31-75000,BTCMAXY-24DEC31-75000,KXBTCMAXY,1719547200,2024-06-28 00:00:00+00:00,0.59,0.53,0.59,0.58,0.5723,0.55,0.53,0.72,464.0,19089.0
kalshi:BTCMAXY-24DEC31-75000,BTCMAXY-24DEC31-75000,KXBTCMAXY,1719633600,2024-06-29 00:00:00+00:00,0.55,0.55,0.55,0.55,0.55,0.58,0.53,0.59,10.0,19089.0
kalshi:BTCMAXY-24DEC31-75000,BTCMAXY-24DEC31-75000,KXBTCMAXY,1719720000,2024-06-30 00:00:00+00:00,0.72,0.72,0.72,0.72,0.72,0.55,0.53,0.71,6.0,19089.0
kalshi:BTCMAXY-24DEC31-75000,BTCMAXY-24DEC31-75000,KXBTCMAXY,1719806400,2024-07-01 00:00:00+00:00,0.53,0.05,0.7,0.7,0.5558,0.72,0.05,0.7,237.0,19140.0
kalshi:BTCMAXY-24DEC31-75000,BTCMAXY-24DEC31-75000,KXBTCMAXY,1719892800,2024-07-02 00:00:00+00:00,0.61,0.56,0.61,0.56,0.6068,0.7,0.05,0.68,427.0,19140.0
kalshi:BTCMAXY-24DEC31-75000,BTCMAXY-24DEC31-75000,KXBTCMAXY,1719979200,2024-07-03 00:00:00+00:00,0.59,0.59,0.6,0.6,0.5982,0.56,0.54,0.68,444.0,19140.0
kalshi:BTCMAXY-24DEC31-75000,BTCMAXY-24DEC31-75000,KXBTCMAXY,1720065600,2024-07-04 00:00:00+00:00,0.53,0.44,0.54,0.45,0.4662,0.6,0.1,0.49,1373.0,20148.0
kalshi:BTCMAXY-24DEC31-75000,BTCMAXY-24DEC31-75000,KXBTCMAXY,1720152000,2024-07-05 00:00:00+00:00,0.48,0.48,0.48,0.48,0.48,0.45,0.43,0.46,4.0,20148.0
kalshi:BTCMAXY-24DEC31-75000,BTCMAXY-24DEC31-75000,KXBTCMAXY,1720238400,2024-07-06 00:00:00+00:00,0.43,0.36,0.45,0.45,0.4446,0.48,0.15,0.45,297.0,20428.0
kalshi:BTCMAXY-24DEC31-75000,BTCMAXY-24DEC31-75000,KXBTCMAXY,1720324800,2024-07-07 00:00:00+00:00,0.15,0.15,0.45,0.45,0.2333,0.45,0.15,0.44,18.0,20433.0
kalshi:BTCMAXY-24DEC31-75000,BTCMAXY-24DEC31-75000,KXBTCMAXY,1720411200,2024-07-08 00:00:00+00:00,0.44,0.16,0.44,0.28,0.2768,0.45,0.28,0.4,31.0,20444.0
kalshi:BTCMAXY-24DEC31-75000,BTCMAXY-24DEC31-75000,KXBTCMAXY,1720497600,2024-07-09 00:00:00+00:00,0.28,0.28,0.43,0.43,0.4003,0.28,0.31,0.43,271.0,20444.0
kalshi:BTCMAXY-24DEC31-75000,BTCMAXY-24DEC31-75000,KXBTCMAXY,1720584000,2024-07-10 00:00:00+00:00,0.31,0.31,0.44,0.44,0.3594,0.43,0.29,0.45,79.0,20493.0
kalshi:BTCMAXY-24DEC31-75000,BTCMAXY-24DEC31-75000,KXBTCMAXY,1720670400,2024-07-11 00:00:00+00:00,0.45,0.45,0.45,0.45,0.45,0.44,0.29,0.45,212.0,20705.0
kalshi:BTCMAXY-24DEC31-75000,BTCMAXY-24DEC31-75000,KXBTCMAXY,1720756800,2024-07-12 00:00:00+00:00,0.49,0.24,0.49,0.24,0.3917,0.45,0.24,0.49,480.0,21098.0
kalshi:BTCMAXY-24DEC31-75000,BTCMAXY-24DEC31-75000,KXBTCMAXY,1720843200,2024-07-13 00:00:00+00:00,0.47,0.41,0.49,0.41,0.4533,0.24,0.24,0.49,86.0,21154.0
kalshi:BTCMAXY-24DEC31-75000,BTCMAXY-24DEC31-75000,KXBTCMAXY,1720929600,2024-07-14 00:00:00+00:00,0.49,0.24,0.49,0.49,0.485,0.41,0.24,0.49,402.0,21540.0
kalshi:BTCMAXY-24DEC31-75000,BTCMAXY-24DEC31-75000,KXBTCMAXY,1721016000,2024-07-15 00:00:00+00:00,0.49,0.46,0.49,0.49,0.4824,0.49,0.46,0.49,198.0,21720.0
kalshi:BTCMAXY-24DEC31-75000,BTCMAXY-24DEC31-75000,KXBTCMAXY,1721102400,2024-07-16 00:00:00+00:00,0.49,0.49,0.64,0.61,0.5599,0.49,0.58,0.62,781.0,21949.0
kalshi:BTCMAXY-24DEC31-75000,BTCMAXY-24DEC31-75000,KXBTCMAXY,1721188800,2024-07-17 00:00:00+00:00,0.62,0.61,0.72,0.72,0.6702,0.61,0.6,0.81,869.0,22409.0
kalshi:BTCMAXY-24DEC31-75000,BTCMAXY-24DEC31-75000,KXBTCMAXY,1721275200,2024-07-18 00:00:00+00:00,0.68,0.6,0.68,0.66,0.6383,0.72,0.58,0.77,119.0,22462.0
kalshi:BTCMAXY-24DEC31-75000,BTCMAXY-24DEC31-75000,KXBTCMAXY,1721361600,2024-07-19 00:00:00+00:00,0.58,0.56,0.64,0.56,0.5858,0.66,0.33,0.77,337.0,22480.0
kalshi:BTCMAXY-24DEC31-75000,BTCMAXY-24DEC31-75000,KXBTCMAXY,1721448000,2024-07-20 00:00:00+00:00,0.65,0.63,0.75,0.73,0.7068,0.56,0.33,0.77,1812.0,23150.0
kalshi:BTCMAXY-24DEC31-75000,BTCMAXY-24DEC31-75000,KXBTCMAXY,1721534400,2024-07-21 00:00:00+00:00,0.73,0.69,0.77,0.77,0.7466,0.73,0.69,0.81,100.0,23149.0
kalshi:BTCMAXY-24DEC31-75000,BTCMAXY-24DEC31-75000,KXBTCMAXY,1721620800,2024-07-22 00:00:00+00:00,0.69,0.69,0.79,0.79,0.6924,0.77,0.45,0.81,252.0,23395.0
kalshi:BTCMAXY-24DEC31-75000,BTCMAXY-24DEC31-75000,KXBTCMAXY,1721707200,2024-07-23 00:00:00+00:00,0.75,0.75,0.8,0.8,0.7592,0.79,0.33,0.78,66.0,23342.0
kalshi:BTCMAXY-24DEC31-75000,BTCMAXY-24DEC31-75000,KXBTCMAXY,1721793600,2024-07-24 00:00:00+00:00,,,,,,0.8,0.67,0.78,0.0,23342.0
kalshi:BTCMAXY-24DEC31-75000,BTCMAXY-24DEC31-75000,KXBTCMAXY,1721880000,2024-07-25 00:00:00+00:00,,,,,,0.8,0.65,0.74,0.0,23342.0
kalshi:BTCMAXY-24DEC31-75000,BTCMAXY-24DEC31-75000,KXBTCMAXY,1721966400,2024-07-26 00:00:00+00:00,0.65,0.65,0.68,0.68,0.6511,0.8,0.33,0.74,57.0,23344.0
kalshi:BTCMAXY-24DEC31-75000,BTCMAXY-24DEC31-75000,KXBTCMAXY,1722052800,2024-07-27 00:00:00+00:00,0.73,0.73,0.73,0.73,0.73,0.68,0.4,0.74,6.0,23344.0
kalshi:BTCMAXY-24DEC31-75000,BTCMAXY-24DEC31-75000,KXBTCMAXY,1722139200,2024-07-28 00:00:00+00:00,0.74,0.74,0.84,0.75,0.756,0.73,0.72,0.88,639.0,23401.0
kalshi:BTCMAXY-24DEC31-75000,BTCMAXY-24DEC31-75000,KXBTCMAXY,1722225600,2024-07-29 00:00:00+00:00,0.8,0.8,0.8,0.8,0.8,0.75,0.75,0.88,12.0,23401.0
kalshi:BTCMAXY-24DEC31-75000,BTCMAXY-24DEC31-75000,KXBTCMAXY,1722312000,2024-07-30 00:00:00+00:00,0.78,0.72,0.78,0.72,0.7369,0.8,0.67,0.75,467.0,23531.0
kalshi:BTCMAXY-24DEC31-75000,BTCMAXY-24DEC31-75000,KXBTCMAXY,1722398400,2024-07-31 00:00:00+00:00,0.71,0.71,0.71,0.71,0.71,0.72,0.71,0.75,5.0,23536.0
kalshi:BTCMAXY-24DEC31-75000,BTCMAXY-24DEC31-75000,KXBTCMAXY,1722484800,2024-08-01 00:00:00+00:00,0.71,0.65,0.71,0.65,0.6549,0.71,0.33,0.65,348.0,23623.0
kalshi:BTCMAXY-24DEC31-75000,BTCMAXY-24DEC31-75000,KXBTCMAXY,1722571200,2024-08-02 00:00:00+00:00,0.65,0.59,0.68,0.59,0.6129,0.65,0.56,0.67,1139.0,24418.0
kalshi:BTCMAXY-24DEC31-75000,BTCMAXY-24DEC31-75000,KXBTCMAXY,1722657600,2024-08-03 00:00:00+00:00,,,,,,0.59,0.6,0.66,0.0,24418.0
kalshi:BTCMAXY-24DEC31-75000,BTCMAXY-24DEC31-75000,KXBTCMAXY,1722744000,2024-08-04 00:00:00+00:00,0.66,0.6,0.66,0.6,0.645,0.59,0.6,0.65,16.0,24434.0
kalshi:BTCMAXY-24DEC31-75000,BTCMAXY-24DEC31-75000,KXBTCMAXY,1722830400,2024-08-05 00:00:00+00:00,0.6,0.5,0.62,0.62,0.5455,0.6,0.18,0.66,1514.0,25948.0
kalshi:BTCMAXY-24DEC31-75000,BTCMAXY-24DEC31-75000,KXBTCMAXY,1722916800,2024-08-06 00:00:00+00:00,0.5,0.34,0.66,0.36,0.4931,0.62,0.47,0.65,1462.0,26779.0
kalshi:BTCMAXY-24DEC31-75000,BTCMAXY-24DEC31-75000,KXBTCMAXY,1723003200,2024-08-07 00:00:00+00:00,0.63,0.4,0.63,0.4,0.4357,0.36,0.16,0.66,1001.0,27529.0
kalshi:BTCMAXY-24DEC31-75000,BTCMAXY-24DEC31-75000,KXBTCMAXY,1723089600,2024-08-08 00:00:00+00:00,0.54,0.41,0.54,0.45,0.4148,0.4,0.45,0.66,509.0,28037.0
kalshi:BTCMAXY-24DEC31-75000,BTCMAXY-24DEC31-75000,KXBTCMAXY,1723176000,2024-08-09 00:00:00+00:00,0.46,0.46,0.66,0.66,0.6335,0.45,0.6,0.66,534.0,28556.0
kalshi:BTCMAXY-24DEC31-75000,BTCMAXY-24DEC31-75000,KXBTCMAXY,1723262400,2024-08-10 00:00:00+00:00,,,,,,0.66,0.6,0.66,0.0,28556.0
kalshi:BTCMAXY-24DEC31-75000,BTCMAXY-24DEC31-75000,KXBTCMAXY,1723348800,2024-08-11 00:00:00+00:00,0.64,0.64,0.67,0.67,0.6634,0.66,0.6,0.7,161.0,28661.0
kalshi:BTCMAXY-24DEC31-75000,BTCMAXY-24DEC31-75000,KXBTCMAXY,1723435200,2024-08-12 00:00:00+00:00,0.6,0.5,0.61,0.61,0.5753,0.67,0.5,0.7,487.0,28686.0
kalshi:BTCMAXY-24DEC31-75000,BTCMAXY-24DEC31-75000,KXBTCMAXY,1723521600,2024-08-13 00:00:00+00:00,0.52,0.5,0.52,0.5,0.5135,0.61,0.5,0.7,297.0,28886.0
kalshi:BTCMAXY-24DEC31-75000,BTCMAXY-24DEC31-75000,KXBTCMAXY,1723608000,2024-08-14 00:00:00+00:00,,,,,,0.5,0.5,0.65,0.0,28886.0
kalshi:BTCMAXY-24DEC31-75000,BTCMAXY-24DEC31-75000,KXBTCMAXY,1723694400,2024-08-15 00:00:00+00:00,0.61,0.61,0.61,0.61,0.61,0.5,0.5,0.58,33.0,28896.0
kalshi:BTCMAXY-24DEC31-75000,BTCMAXY-24DEC31-75000,KXBTCMAXY,1723780800,2024-08-16 00:00:00+00:00,0.5,0.38,0.5,0.49,0.4322,0.61,0.37,0.5,767.0,29156.0
kalshi:BTCMAXY-24DEC31-75000,BTCMAXY-24DEC31-75000,KXBTCMAXY,1723867200,2024-08-17 00:00:00+00:00,0.37,0.37,0.51,0.37,0.3965,0.49,0.37,0.48,68.0,29224.0
kalshi:BTCMAXY-24DEC31-75000,BTCMAXY-24DEC31-75000,KXBTCMAXY,1723953600,2024-08-18 00:00:00+00:00,0.47,0.47,0.5,0.5,0.4914,0.37,0.39,0.5,64.0,29283.0
kalshi:BTCMAXY-24DEC31-75000,BTCMAXY-24DEC31-75000,KXBTCMAXY,1724040000,2024-08-19 00:00:00+00:00,,,,,,0.5,0.42,0.5,0.0,29283.0
kalshi:BTCMAXY-24DEC31-75000,BTCMAXY-24DEC31-75000,KXBTCMAXY,1724126400,2024-08-20 00:00:00+00:00,0.5,0.5,0.51,0.51,0.5091,0.5,0.46,0.58,220.0,29491.0
kalshi:BTCMAXY-24DEC31-75000,BTCMAXY-24DEC31-75000,KXBTCMAXY,1724212800,2024-08-21 00:00:00+00:00,0.58,0.58,0.58,0.58,0.58,0.51,0.47,0.58,83.0,29491.0
kalshi:BTCMAXY-24DEC31-75000,BTCMAXY-24DEC31-75000,KXBTCMAXY,1724299200,2024-08-22 00:00:00+00:00,0.53,0.47,0.58,0.58,0.5773,0.58,0.48,0.58,1054.0,29509.0
kalshi:BTCMAXY-24DEC31-75000,BTCMAXY-24DEC31-75000,KXBTCMAXY,1724385600,2024-08-23 00:00:00+00:00,0.55,0.54,0.55,0.54,0.5471,0.58,0.48,0.54,28.0,29517.0
kalshi:BTCMAXY-24DEC31-75000,BTCMAXY-24DEC31-75000,KXBTCMAXY,1724472000,2024-08-24 00:00:00+00:00,0.48,0.47,0.54,0.54,0.4828,0.54,0.46,0.58,106.0,29621.0
kalshi:BTCMAXY-24DEC31-75000,BTCMAXY-24DEC31-75000,KXBTCMAXY,1724558400,2024-08-25 00:00:00+00:00,0.57,0.57,0.58,0.58,0.5708,0.54,0.46,0.61,12.0,29632.0
kalshi:BTCMAXY-24DEC31-75000,BTCMAXY-24DEC31-75000,KXBTCMAXY,1724644800,2024-08-26 00:00:00+00:00,0.56,0.56,0.56,0.56,0.56,0.58,0.46,0.65,98.0,29632.0
kalshi:BTCMAXY-24DEC31-75000,BTCMAXY-24DEC31-75000,KXBTCMAXY,1724731200,2024-08-27 00:00:00+00:00,0.65,0.54,0.65,0.54,0.6111,0.56,0.54,0.63,117.0,29638.0
kalshi:BTCMAXY-24DEC31-75000,BTCMAXY-24DEC31-75000,KXBTCMAXY,1724817600,2024-08-28 00:00:00+00:00,0.54,0.42,0.55,0.55,0.5053,0.54,0.4,0.57,4002.0,31032.0
kalshi:BTCMAXY-24DEC31-75000,BTCMAXY-24DEC31-75000,KXBTCMAXY,1724904000,2024-08-29 00:00:00+00:00,0.4,0.33,0.57,0.44,0.4605,0.55,0.41,0.44,488.0,31340.0
kalshi:BTCMAXY-24DEC31-75000,BTCMAXY-24DEC31-75000,KXBTCMAXY,1724990400,2024-08-30 00:00:00+00:00,0.62,0.4,0.64,0.4,0.4785,0.44,0.41,0.45,241.0,31483.0
kalshi:BTCMAXY-24DEC31-75000,BTCMAXY-24DEC31-75000,KXBTCMAXY,1725076800,2024-08-31 00:00:00+00:00,0.39,0.36,0.45,0.45,0.4191,0.4,0.42,0.64,1883.0,33256.0
kalshi:BTCMAXY-24DEC31-75000,BTCMAXY-24DEC31-75000,KXBTCMAXY,1725163200,2024-09-01 00:00:00+00:00,0.33,0.33,0.33,0.33,0.33,0.45,0.34,0.6,1.0,33257.0
kalshi:BTCMAXY-24DEC31-75000,BTCMAXY-24DEC31-75000,KXBTCMAXY,1725249600,2024-09-02 00:00:00+00:00,0.38,0.38,0.47,0.38,0.4058,0.33,0.34,0.6,69.0,33306.0
kalshi:BTCMAXY-24DEC31-75000,BTCMAXY-24DEC31-75000,KXBTCMAXY,1725336000,2024-09-03 00:00:00+00:00,0.46,0.46,0.47,0.47,0.4656,0.38,0.39,0.52,45.0,33306.0
kalshi:BTCMAXY-24DEC31-75000,BTCMAXY-24DEC31-75000,KXBTCMAXY,1725422400,2024-09-04 00:00:00+00:00,0.45,0.45,0.45,0.45,0.45,0.47,0.39,0.44,48.0,33306.0
kalshi:BTCMAXY-24DEC31-75000,BTCMAXY-24DEC31-75000,KXBTCMAXY,1725508800,2024-09-05 00:00:00+00:00,0.39,0.34,0.45,0.45,0.4243,0.45,0.39,0.44,478.0,33774.0
kalshi:BTCMAXY-24DEC31-75000,BTCMAXY-24DEC31-75000,KXBTCMAXY,1725595200,2024-09-06 00:00:00+00:00,0.39,0.34,0.4,0.34,0.3684,0.45,0.34,0.44,236.0,33676.0
kalshi:BTCMAXY-24DEC31-75000,BTCMAXY-24DEC31-75000,KXBTCMAXY,1725681600,2024-09-07 00:00:00+00:00,0.34,0.31,0.34,0.33,0.3333,0.34,0.29,0.44,184.0,33685.0
kalshi:BTCMAXY-24DEC31-75000,BTCMAXY-24DEC31-75000,KXBTCMAXY,1725768000,2024-09-08 00:00:00+00:00,,,,,,0.33,0.26,0.44,0.0,33685.0
kalshi:BTCMAXY-24DEC31-75000,BTCMAXY-24DEC31-75000,KXBTCMAXY,1725854400,2024-09-09 00:00:00+00:00,0.44,0.27,0.45,0.27,0.4385,0.33,0.27,0.4,33.0,33698.0
kalshi:BTCMAXY-24DEC31-75000,BTCMAXY-24DEC31-75000,KXBTCMAXY,1725940800,2024-09-10 00:00:00+00:00,0.26,0.26,0.42,0.42,0.2617,0.27,0.18,0.41,273.0,33698.0
kalshi:BTCMAXY-24DEC31-75000,BTCMAXY-24DEC31-75000,KXBTCMAXY,1726027200,2024-09-11 00:00:00+00:00,,,,,,0.42,0.28,0.41,0.0,33698.0
kalshi:BTCMAXY-24DEC31-75000,BTCMAXY-24DEC31-75000,KXBTCMAXY,1726113600,2024-09-12 00:00:00+00:00,0.41,0.19,0.45,0.19,0.4107,0.42,0.23,0.45,234.0,33912.0
kalshi:BTCMAXY-24DEC31-75000,BTCMAXY-24DEC31-75000,KXBTCMAXY,1726200000,2024-09-13 00:00:00+00:00,,,,,,0.19,0.37,0.43,0.0,33912.0
kalshi:BTCMAXY-24DEC31-75000,BTCMAXY-24DEC31-75000,KXBTCMAXY,1726286400,2024-09-14 00:00:00+00:00,0.43,0.16,0.65,0.42,0.3966,0.19,0.41,0.42,1014.0,34593.0
kalshi:BTCMAXY-24DEC31-75000,BTCMAXY-24DEC31-75000,KXBTCMAXY,1726372800,2024-09-15 00:00:00+00:00,0.42,0.41,0.45,0.41,0.4144,0.42,0.41,0.44,201.0,34656.0
kalshi:BTCMAXY-24DEC31-75000,BTCMAXY-24DEC31-75000,KXBTCMAXY,1726459200,2024-09-16 00:00:00+00:00,0.41,0.37,0.45,0.37,0.4005,0.41,0.17,0.43,203.0,34778.0
kalshi:BTCMAXY-24DEC31-75000,BTCMAXY-24DEC31-75000,KXBTCMAXY,1726545600,2024-09-17 00:00:00+00:00,0.43,0.42,0.43,0.42,0.4275,0.37,0.4,0.42,8.0,34784.0
kalshi:BTCMAXY-24DEC31-75000,BTCMAXY-24DEC31-75000,KXBTCMAXY,1726632000,2024-09-18 00:00:00+00:00,0.4,0.39,0.42,0.42,0.4146,0.42,0.35,0.45,754.0,34920.0
kalshi:BTCMAXY-24DEC31-75000,BTCMAXY-24DEC31-75000,KXBTCMAXY,1726718400,2024-09-19 00:00:00+00:00,0.45,0.36,0.5,0.5,0.4653,0.42,0.37,0.51,490.0,35052.0
kalshi:BTCMAXY-24DEC31-75000,BTCMAXY-24DEC31-75000,KXBTCMAXY,1726804800,2024-09-20 00:00:00+00:00,0.52,0.45,0.52,0.45,0.4892,0.5,0.37,0.5,1770.0,36763.0
kalshi:BTCMAXY-24DEC31-75000,BTCMAXY-24DEC31-75000,KXBTCMAXY,1726891200,2024-09-21 00:00:00+00:00,0.46,0.45,0.5,0.49,0.4702,0.45,0.47,0.52,859.0,37614.0
kalshi:BTCMAXY-24DEC31-75000,BTCMAXY-24DEC31-75000,KXBTCMAXY,1726977600,2024-09-22 00:00:00+00:00,0.51,0.51,0.51,0.51,0.51,0.49,0.47,0.51,118.0,37714.0
kalshi:BTCMAXY-24DEC31-75000,BTCMAXY-24DEC31-75000,KXBTCMAXY,1727064000,2024-09-23 00:00:00+00:00,0.5,0.5,0.51,0.51,0.5021,0.51,0.48,0.52,630.0,37764.0
kalshi:BTCMAXY-24DEC31-75000,BTCMAXY-24DEC31-75000,KXBTCMAXY,1727150400,2024-09-24 00:00:00+00:00,0.48,0.44,0.51,0.46,0.4737,0.51,0.47,0.51,201.0,37847.0
kalshi:BTCMAXY-24DEC31-75000,BTCMAXY-24DEC31-75000,KXBTCMAXY,1727236800,2024-09-25 00:00:00+00:00,0.49,0.49,0.62,0.62,0.5657,0.46,0.47,0.66,1926.0,38087.0
kalshi:BTCMAXY-24DEC31-75000,BTCMAXY-24DEC31-75000,KXBTCMAXY,1727323200,2024-09-26 00:00:00+00:00,0.53,0.51,0.53,0.51,0.5274,0.62,0.48,0.51,221.0,38087.0
kalshi:BTCMAXY-24DEC31-75000,BTCMAXY-24DEC31-75000,KXBTCMAXY,1727409600,2024-09-27 00:00:00+00:00,0.5,0.45,0.5,0.49,0.4932,0.51,0.49,0.5,6735.0,44688.0
kalshi:BTCMAXY-24DEC31-75000,BTCMAXY-24DEC31-75000,KXBTCMAXY,1727496000,2024-09-28 00:00:00+00:00,0.5,0.5,0.55,0.52,0.507,0.49,0.5,0.52,794.0,45303.0
kalshi:BTCMAXY-24DEC31-75000,BTCMAXY-24DEC31-75000,KXBTCMAXY,1727582400,2024-09-29 00:00:00+00:00,0.52,0.49,0.52,0.51,0.5067,0.52,0.5,0.52,1450.0,46028.0
kalshi:BTCMAXY-24DEC31-75000,BTCMAXY-24DEC31-75000,KXBTCMAXY,1727668800,2024-09-30 00:00:00+00:00,0.51,0.47,0.51,0.47,0.5076,0.51,0.47,0.51,347.0,46015.0
kalshi:BTCMAXY-24DEC31-75000,BTCMAXY-24DEC31-75000,KXBTCMAXY,1727755200,2024-10-01 00:00:00+00:00,0.47,0.41,0.47,0.42,0.4213,0.47,0.41,0.45,377.0,46371.0
kalshi:BTCMAXY-24DEC31-75000,BTCMAXY-24DEC31-75000,KXBTCMAXY,1727841600,2024-10-02 00:00:00+00:00,0.41,0.32,0.41,0.35,0.3728,0.42,0.33,0.39,406.0,46562.0
kalshi:BTCMAXY-24DEC31-75000,BTCMAXY-24DEC31-75000,KXBTCMAXY,1727928000,2024-10-03 00:00:00+00:00,0.38,0.33,0.4,0.39,0.3787,0.35,0.33,0.34,729.0,46562.0
kalshi:BTCMAXY-24DEC31-75000,BTCMAXY-24DEC31-75000,KXBTCMAXY,1728014400,2024-10-04 00:00:00+00:00,0.34,0.33,0.35,0.35,0.3448,0.39,0.33,0.45,903.0,45700.0
kalshi:BTCMAXY-24DEC31-75000,BTCMAXY-24DEC31-75000,KXBTCMAXY,1728100800,2024-10-05 00:00:00+00:00,0.36,0.35,0.39,0.35,0.369,0.35,0.35,0.45,846.0,45726.0
kalshi:BTCMAXY-24DEC31-75000,BTCMAXY-24DEC31-75000,KXBTCMAXY,1728187200,2024-10-06 00:00:00+00:00,,,,,,0.35,0.35,0.45,0.0,45726.0
kalshi:BTCMAXY-24DEC31-75000,BTCMAXY-24DEC31-75000,KXBTCMAXY,1728273600,2024-10-07 00:00:00+00:00,0.4,0.4,0.4,0.4,0.4,0.35,0.4,0.43,500.0,45226.0
kalshi:BTCMAXY-24DEC31-75000,BTCMAXY-24DEC31-75000,KXBTCMAXY,1728360000,2024-10-08 00:00:00+00:00,0.4,0.38,0.44,0.39,0.4272,0.4,0.36,0.39,807.0,45340.0
kalshi:BTCMAXY-24DEC31-75000,BTCMAXY-24DEC31-75000,KXBTCMAXY,1728446400,2024-10-09 00:00:00+00:00,0.36,0.33,0.39,0.35,0.342,0.39,0.33,0.39,332.0,45533.0
kalshi:BTCMAXY-24DEC31-75000,BTCMAXY-24DEC31-75000,KXBTCMAXY,1728532800,2024-10-10 00:00:00+00:00,0.38,0.28,0.38,0.29,0.3234,0.35,0.29,0.33,1688.0,45261.0
kalshi:BTCMAXY-24DEC31-75000,BTCMAXY-24DEC31-75000,KXBTCMAXY,1728619200,2024-10-11 00:00:00+00:00,0.29,0.23,0.43,0.32,0.3429,0.29,0.25,0.32,1492.0,45359.0
kalshi:BTCMAXY-24DEC31-75000,BTCMAXY-24DEC31-75000,KXBTCMAXY,1728705600,2024-10-12 00:00:00+00:00,0.32,0.31,0.41,0.38,0.3461,0.32,0.38,0.39,1007.0,46143.0
kalshi:BTCMAXY-24DEC31-75000,BTCMAXY-24DEC31-75000,KXBTCMAXY,1728792000,2024-10-13 00:00:00+00:00,0.38,0.36,0.41,0.41,0.3869,0.38,0.33,0.51,387.0,46273.0
kalshi:BTCMAXY-24DEC31-75000,BTCMAXY-24DEC31-75000,KXBTCMAXY,1728878400,2024-10-14 00:00:00+00:00,0.35,0.35,0.44,0.44,0.4291,0.41,0.35,0.5,124.0,46288.0
kalshi:BTCMAXY-24DEC31-75000,BTCMAXY-24DEC31-75000,KXBTCMAXY,1728964800,2024-10-15 00:00:00+00:00,0.35,0.35,0.5,0.46,0.4642,0.44,0.46,0.49,761.0,46596.0
kalshi:BTCMAXY-24DEC31-75000,BTCMAXY-24DEC31-75000,KXBTCMAXY,1729051200,2024-10-16 00:00:00+00:00,0.46,0.45,0.58,0.54,0.5546,0.46,0.54,0.58,6883.0,40984.0
kalshi:BTCMAXY-24DEC31-75000,BTCMAXY-24DEC31-75000,KXBTCMAXY,1729137600,2024-10-17 00:00:00+00:00,0.57,0.55,0.65,0.6,0.6123,0.54,0.57,0.6,5429.0,41175.0
kalshi:BTCMAXY-24DEC31-75000,BTCMAXY-24DEC31-75000,KXBTCMAXY,1729224000,2024-10-18 00:00:00+00:00,0.59,0.48,0.59,0.57,0.5287,0.6,0.55,0.57,511.0,41542.0
kalshi:BTCMAXY-24DEC31-75000,BTCMAXY-24DEC31-75000,KXBTCMAXY,1729310400,2024-10-19 00:00:00+00:00,0.57,0.57,0.6,0.59,0.5988,0.57,0.57,0.6,3852.0,43676.0
kalshi:BTCMAXY-24DEC31-75000,BTCMAXY-24DEC31-75000,KXBTCMAXY,1729396800,2024-10-20 00:00:00+00:00,0.6,0.42,0.6,0.42,0.5828,0.59,0.39,0.6,3588.0,45856.0
kalshi:BTCMAXY-24DEC31-75000,BTCMAXY-24DEC31-75000,KXBTCMAXY,1729483200,2024-10-21 00:00:00+00:00,0.61,0.48,0.7,0.61,0.6363,0.42,0.61,0.64,1242.0,46445.0
kalshi:BTCMAXY-24DEC31-75000,BTCMAXY-24DEC31-75000,KXBTCMAXY,1729569600,2024-10-22 00:00:00+00:00,0.63,0.54,0.63,0.59,0.5756,0.61,0.54,0.58,1138.0,46046.0
kalshi:BTCMAXY-24DEC31-75000,BTCMAXY-24DEC31-75000,KXBTCMAXY,1729656000,2024-10-23 00:00:00+00:00,0.54,0.52,0.67,0.55,0.5754,0.59,0.55,0.58,3001.0,47158.0
kalshi:BTCMAXY-24DEC31-75000,BTCMAXY-24DEC31-75000,KXBTCMAXY,1729742400,2024-10-24 00:00:00+00:00,0.55,0.52,0.63,0.56,0.5466,0.55,0.52,0.56,914.0,47557.0
kalshi:BTCMAXY-24DEC31-75000,BTCMAXY-24DEC31-75000,KXBTCMAXY,1729828800,2024-10-25 00:00:00+00:00,0.56,0.55,0.58,0.58,0.5665,0.56,0.56,0.58,458.0,47418.0
kalshi:BTCMAXY-24DEC31-75000,BTCMAXY-24DEC31-75000,KXBTCMAXY,1729915200,2024-10-26 00:00:00+00:00,0.58,0.55,0.59,0.55,0.5711,0.58,0.54,0.59,1560.0,47842.0
kalshi:BTCMAXY-24DEC31-75000,BTCMAXY-24DEC31-75000,KXBTCMAXY,1730001600,2024-10-27 00:00:00+00:00,0.54,0.52,0.59,0.54,0.5508,0.55,0.54,0.58,364.0,48001.0
kalshi:BTCMAXY-24DEC31-75000,BTCMAXY-24DEC31-75000,KXBTCMAXY,1730088000,2024-10-28 00:00:00+00:00,0.54,0.54,0.65,0.57,0.6078,0.54,0.57,0.62,1531.0,48202.0
kalshi:BTCMAXY-24DEC31-75000,BTCMAXY-24DEC31-75000,KXBTCMAXY,1730174400,2024-10-29 00:00:00+00:00,0.62,0.6,0.79,0.79,0.6646,0.57,0.71,0.78,2265.0,47079.0
kalshi:BTCMAXY-24DEC31-75000,BTCMAXY-24DEC31-75000,KXBTCMAXY,1730260800,2024-10-30 00:00:00+00:00,0.78,0.73,0.89,0.87,0.8163,0.79,0.79,0.87,3503.0,46008.0
kalshi:BTCMAXY-24DEC31-75000,BTCMAXY-24DEC31-75000,KXBTCMAXY,1730347200,2024-10-31 00:00:00+00:00,0.79,0.71,0.82,0.8,0.7796,0.87,0.75,0.82,2541.0,46094.0
kalshi:BTCMAXY-24DEC31-75000,BTCMAXY-24DEC31-75000,KXBTCMAXY,1730433600,2024-11-01 00:00:00+00:00,0.84,0.62,0.84,0.7,0.7093,0.8,0.68,0.72,3028.0,45319.0
kalshi:BTCMAXY-24DEC31-75000,BTCMAXY-24DEC31-75000,KXBTCMAXY,1730520000,2024-11-02 00:00:00+00:00,0.68,0.66,0.7,0.7,0.6803,0.7,0.66,0.69,929.0,45858.0
kalshi:BTCMAXY-24DEC31-75000,BTCMAXY-24DEC31-75000,KXBTCMAXY,1730606400,2024-11-03 00:00:00+00:00,0.66,0.61,0.69,0.61,0.6453,0.7,0.6,0.66,2065.0,47101.0
kalshi:BTCMAXY-24DEC31-75000,BTCMAXY-24DEC31-75000,KXBTCMAXY,1730692800,2024-11-04 00:00:00+00:00,0.6,0.6,0.65,0.65,0.6378,0.61,0.6,0.66,690.0,47276.0
kalshi:BTCMAXY-24DEC31-75000,BTCMAXY-24DEC31-75000,KXBTCMAXY,1730782800,2024-11-05 00:00:00+00:00,0.6,0.56,0.64,0.56,0.5976,0.65,0.56,0.61,974.0,48026.0
kalshi:BTCMAXY-24DEC31-75000,BTCMAXY-24DEC31-75000,KXBTCMAXY,1730869200,2024-11-06 00:00:00+00:00,0.61,0.57,0.98,0.97,0.9163,0.56,0.63,0.98,3462.0,49138.0
kalshi:BTCMAXY-24DEC31-75000,BTCMAXY-24DEC31-75000,KXBTCMAXY,1730955600,2024-11-07 00:00:00+00:00,0.97,0.63,0.99,0.96,0.9643,0.97,0.97,1.0,8550.0,47003.0
kalshi:BTCMAXY-24DEC31-80000,BTCMAXY-24DEC31-80000,KXBTCMAXY,1710820800,2024-03-19 00:00:00+00:00,0.78,0.57,0.78,0.63,0.6474,,0.55,0.6,2092.0,1785.0
kalshi:BTCMAXY-24DEC31-80000,BTCMAXY-24DEC31-80000,KXBTCMAXY,1710907200,2024-03-20 00:00:00+00:00,0.57,0.56,0.64,0.59,0.6079,0.63,0.59,0.64,560.0,2015.0
kalshi:BTCMAXY-24DEC31-80000,BTCMAXY-24DEC31-80000,KXBTCMAXY,1710993600,2024-03-21 00:00:00+00:00,0.64,0.64,0.64,0.64,0.64,0.59,0.65,0.68,18.0,2015.0
kalshi:BTCMAXY-24DEC31-80000,BTCMAXY-24DEC31-80000,KXBTCMAXY,1711080000,2024-03-22 00:00:00+00:00,0.69,0.69,0.69,0.69,0.69,0.64,0.68,0.69,2.0,2017.0
kalshi:BTCMAXY-24DEC31-80000,BTCMAXY-24DEC31-80000,KXBTCMAXY,1711166400,2024-03-23 00:00:00+00:00,0.68,0.62,0.68,0.62,0.6478,0.69,0.61,0.63,201.0,2047.0
kalshi:BTCMAXY-24DEC31-80000,BTCMAXY-24DEC31-80000,KXBTCMAXY,1711252800,2024-03-24 00:00:00+00:00,0.63,0.63,0.63,0.63,0.63,0.62,0.63,0.65,10.0,2057.0
kalshi:BTCMAXY-24DEC31-80000,BTCMAXY-24DEC31-80000,KXBTCMAXY,1711339200,2024-03-25 00:00:00+00:00,0.63,0.61,0.65,0.63,0.6245,0.63,0.5,0.67,1237.0,3199.0
kalshi:BTCMAXY-24DEC31-80000,BTCMAXY-24DEC31-80000,KXBTCMAXY,1711425600,2024-03-26 00:00:00+00:00,0.67,0.66,0.74,0.74,0.7152,0.63,0.71,0.75,1232.0,3835.0
kalshi:BTCMAXY-24DEC31-80000,BTCMAXY-24DEC31-80000,KXBTCMAXY,1711512000,2024-03-27 00:00:00+00:00,0.75,0.7,0.76,0.74,0.7511,0.74,0.67,0.75,1121.0,4365.0
kalshi:BTCMAXY-24DEC31-80000,BTCMAXY-24DEC31-80000,KXBTCMAXY,1711598400,2024-03-28 00:00:00+00:00,0.75,0.68,0.76,0.72,0.7262,0.74,0.7,0.72,880.0,3713.0
kalshi:BTCMAXY-24DEC31-80000,BTCMAXY-24DEC31-80000,KXBTCMAXY,1711684800,2024-03-29 00:00:00+00:00,0.72,0.72,0.81,0.81,0.7424,0.72,0.5,0.84,731.0,4384.0
kalshi:BTCMAXY-24DEC31-80000,BTCMAXY-24DEC31-80000,KXBTCMAXY,1711771200,2024-03-30 00:00:00+00:00,0.72,0.72,0.81,0.79,0.7652,0.81,0.73,0.82,101.0,4384.0
kalshi:BTCMAXY-24DEC31-80000,BTCMAXY-24DEC31-80000,KXBTCMAXY,1711857600,2024-03-31 00:00:00+00:00,0.73,0.72,0.78,0.75,0.7487,0.79,0.73,0.81,935.0,4384.0
kalshi:BTCMAXY-24DEC31-80000,BTCMAXY-24DEC31-80000,KXBTCMAXY,1711944000,2024-04-01 00:00:00+00:00,0.81,0.78,0.82,0.78,0.7923,0.75,0.74,0.8,156.0,4315.0
kalshi:BTCMAXY-24DEC31-80000,BTCMAXY-24DEC31-80000,KXBTCMAXY,1712030400,2024-04-02 00:00:00+00:00,0.74,0.7,0.74,0.72,0.72,0.78,0.68,0.79,112.0,4325.0
kalshi:BTCMAXY-24DEC31-80000,BTCMAXY-24DEC31-80000,KXBTCMAXY,1712116800,2024-04-03 00:00:00+00:00,0.68,0.68,0.72,0.69,0.706,0.72,0.68,0.71,182.0,4466.0
kalshi:BTCMAXY-24DEC31-80000,BTCMAXY-24DEC31-80000,KXBTCMAXY,1712203200,2024-04-04 00:00:00+00:00,0.68,0.68,0.7,0.7,0.6813,0.69,0.68,0.71,230.0,4466.0
kalshi:BTCMAXY-24DEC31-80000,BTCMAXY-24DEC31-80000,KXBTCMAXY,1712289600,2024-04-05 00:00:00+00:00,0.71,0.7,0.76,0.76,0.7221,0.7,0.71,0.8,618.0,4898.0
kalshi:BTCMAXY-24DEC31-80000,BTCMAXY-24DEC31-80000,KXBTCMAXY,1712376000,2024-04-06 00:00:00+00:00,0.77,0.75,0.77,0.75,0.7671,0.76,0.71,0.8,187.0,4898.0
kalshi:BTCMAXY-24DEC31-80000,BTCMAXY-24DEC31-80000,KXBTCMAXY,1712462400,2024-04-07 00:00:00+00:00,0.74,0.74,0.76,0.76,0.7481,0.75,0.72,0.78,540.0,5338.0
kalshi:BTCMAXY-24DEC31-80000,BTCMAXY-24DEC31-80000,KXBTCMAXY,1712548800,2024-04-08 00:00:00+00:00,0.78,0.78,0.8,0.79,0.7916,0.76,0.73,0.81,1500.0,6206.0
kalshi:BTCMAXY-24DEC31-80000,BTCMAXY-24DEC31-80000,KXBTCMAXY,1712635200,2024-04-09 00:00:00+00:00,,,,,,0.79,0.73,0.82,0.0,6206.0
kalshi:BTCMAXY-24DEC31-80000,BTCMAXY-24DEC31-80000,KXBTCMAXY,1712721600,2024-04-10 00:00:00+00:00,0.77,0.77,0.77,0.77,0.77,0.79,0.73,0.79,36.0,6212.0
kalshi:BTCMAXY-24DEC31-80000,BTCMAXY-24DEC31-80000,KXBTCMAXY,1712808000,2024-04-11 00:00:00+00:00,0.73,0.73,0.78,0.78,0.7508,0.77,0.73,0.83,60.0,6237.0
kalshi:BTCMAXY-24DEC31-80000,BTCMAXY-24DEC31-80000,KXBTCMAXY,1712894400,2024-04-12 00:00:00+00:00,0.76,0.76,0.78,0.78,0.7785,0.78,0.73,0.84,1300.0,6968.0
kalshi:BTCMAXY-24DEC31-80000,BTCMAXY-24DEC31-80000,KXBTCMAXY,1712980800,2024-04-13 00:00:00+00:00,0.73,0.72,0.73,0.72,0.7213,0.78,0.72,0.84,92.0,6878.0
kalshi:BTCMAXY-24DEC31-80000,BTCMAXY-24DEC31-80000,KXBTCMAXY,1713067200,2024-04-14 00:00:00+00:00,0.72,0.63,0.72,0.65,0.6546,0.72,0.5,0.84,325.0,7103.0
kalshi:BTCMAXY-24DEC31-80000,BTCMAXY-24DEC31-80000,KXBTCMAXY,1713153600,2024-04-15 00:00:00+00:00,,,,,,0.65,0.5,0.84,0.0,7103.0
kalshi:BTCMAXY-24DEC31-80000,BTCMAXY-24DEC31-80000,KXBTCMAXY,1713240000,2024-04-16 00:00:00+00:00,0.67,0.65,0.68,0.68,0.6725,0.65,0.6,0.74,162.0,7103.0
kalshi:BTCMAXY-24DEC31-80000,BTCMAXY-24DEC31-80000,KXBTCMAXY,1713326400,2024-04-17 00:00:00+00:00,0.64,0.64,0.68,0.68,0.6774,0.68,0.5,0.72,31.0,7101.0
kalshi:BTCMAXY-24DEC31-80000,BTCMAXY-24DEC31-80000,KXBTCMAXY,1713412800,2024-04-18 00:00:00+00:00,0.61,0.57,0.61,0.57,0.5717,0.68,0.5,0.84,466.0,7547.0
kalshi:BTCMAXY-24DEC31-80000,BTCMAXY-24DEC31-80000,KXBTCMAXY,1713499200,2024-04-19 00:00:00+00:00,0.5,0.5,0.63,0.6,0.5927,0.57,0.6,0.63,15.0,7539.0
kalshi:BTCMAXY-24DEC31-80000,BTCMAXY-24DEC31-80000,KXBTCMAXY,1713585600,2024-04-20 00:00:00+00:00,0.6,0.59,0.63,0.59,0.6083,0.6,0.59,0.62,606.0,7727.0
kalshi:BTCMAXY-24DEC31-80000,BTCMAXY-24DEC31-80000,KXBTCMAXY,1713672000,2024-04-21 00:00:00+00:00,0.62,0.62,0.63,0.63,0.6286,0.59,0.57,0.63,73.0,7735.0
kalshi:BTCMAXY-24DEC31-80000,BTCMAXY-24DEC31-80000,KXBTCMAXY,1713758400,2024-04-22 00:00:00+00:00,0.63,0.58,0.63,0.63,0.6296,0.63,0.56,0.63,526.0,7735.0
kalshi:BTCMAXY-24DEC31-80000,BTCMAXY-24DEC31-80000,KXBTCMAXY,1713844800,2024-04-23 00:00:00+00:00,0.63,0.63,0.64,0.64,0.6359,0.63,0.57,0.64,131.0,7735.0
kalshi:BTCMAXY-24DEC31-80000,BTCMAXY-24DEC31-80000,KXBTCMAXY,1713931200,2024-04-24 00:00:00+00:00,0.57,0.57,0.64,0.64,0.6205,0.64,0.59,0.63,95.0,7690.0
kalshi:BTCMAXY-24DEC31-80000,BTCMAXY-24DEC31-80000,KXBTCMAXY,1714017600,2024-04-25 00:00:00+00:00,0.59,0.59,0.59,0.59,0.59,0.64,0.59,0.62,175.0,7865.0
kalshi:BTCMAXY-24DEC31-80000,BTCMAXY-24DEC31-80000,KXBTCMAXY,1714104000,2024-04-26 00:00:00+00:00,0.61,0.61,0.69,0.69,0.6132,0.59,0.62,0.84,537.0,7875.0
kalshi:BTCMAXY-24DEC31-80000,BTCMAXY-24DEC31-80000,KXBTCMAXY,1714190400,2024-04-27 00:00:00+00:00,0.65,0.62,0.65,0.62,0.64,0.69,0.59,0.73,30.0,7865.0
kalshi:BTCMAXY-24DEC31-80000,BTCMAXY-24DEC31-80000,KXBTCMAXY,1714276800,2024-04-28 00:00:00+00:00,0.64,0.64,0.64,0.64,0.64,0.62,0.58,0.84,45.0,7865.0
kalshi:BTCMAXY-24DEC31-80000,BTCMAXY-24DEC31-80000,KXBTCMAXY,1714363200,2024-04-29 00:00:00+00:00,0.59,0.59,0.59,0.59,0.59,0.64,0.58,0.84,47.0,7912.0
kalshi:BTCMAXY-24DEC31-80000,BTCMAXY-24DEC31-80000,KXBTCMAXY,1714449600,2024-04-30 00:00:00+00:00,0.63,0.63,0.63,0.63,0.63,0.59,0.58,0.66,300.0,8212.0
kalshi:BTCMAXY-24DEC31-80000,BTCMAXY-24DEC31-80000,KXBTCMAXY,1714536000,2024-05-01 00:00:00+00:00,0.58,0.57,0.58,0.57,0.575,0.63,0.5,0.84,1610.0,6890.0
kalshi:BTCMAXY-24DEC31-80000,BTCMAXY-24DEC31-80000,KXBTCMAXY,1714622400,2024-05-02 00:00:00+00:00,0.5,0.48,0.52,0.52,0.4871,0.57,0.01,0.52,185.0,6923.0
kalshi:BTCMAXY-24DEC31-80000,BTCMAXY-24DEC31-80000,KXBTCMAXY,1714708800,2024-05-03 00:00:00+00:00,0.52,0.52,0.56,0.55,0.5509,0.52,0.45,0.84,545.0,6974.0
kalshi:BTCMAXY-24DEC31-80000,BTCMAXY-24DEC31-80000,KXBTCMAXY,1714795200,2024-05-04 00:00:00+00:00,0.57,0.56,0.63,0.63,0.574,0.55,0.59,0.64,87.0,6985.0
kalshi:BTCMAXY-24DEC31-80000,BTCMAXY-24DEC31-80000,KXBTCMAXY,1714881600,2024-05-05 00:00:00+00:00,0.64,0.64,0.64,0.64,0.64,0.63,0.45,0.84,307.0,6985.0
kalshi:BTCMAXY-24DEC31-80000,BTCMAXY-24DEC31-80000,KXBTCMAXY,1714968000,2024-05-06 00:00:00+00:00,0.66,0.66,0.66,0.66,0.66,0.64,0.56,0.75,75.0,7060.0
kalshi:BTCMAXY-24DEC31-80000,BTCMAXY-24DEC31-80000,KXBTCMAXY,1715054400,2024-05-07 00:00:00+00:00,0.62,0.62,0.62,0.62,0.62,0.66,0.62,0.84,252.0,7060.0
kalshi:BTCMAXY-24DEC31-80000,BTCMAXY-24DEC31-80000,KXBTCMAXY,1715140800,2024-05-08 00:00:00+00:00,0.64,0.62,0.64,0.62,0.6209,0.62,0.56,0.63,265.0,7073.0
kalshi:BTCMAXY-24DEC31-80000,BTCMAXY-24DEC31-80000,KXBTCMAXY,1715227200,2024-05-09 00:00:00+00:00,0.62,0.55,0.62,0.55,0.5503,0.62,0.45,0.63,201.0,7074.0
kalshi:BTCMAXY-24DEC31-80000,BTCMAXY-24DEC31-80000,KXBTCMAXY,1715313600,2024-05-10 00:00:00+00:00,0.62,0.61,0.63,0.61,0.6227,0.55,0.45,0.63,136.0,7170.0
kalshi:BTCMAXY-24DEC31-80000,BTCMAXY-24DEC31-80000,KXBTCMAXY,1715400000,2024-05-11 00:00:00+00:00,,,,,,0.61,0.49,0.63,0.0,7170.0
kalshi:BTCMAXY-24DEC31-80000,BTCMAXY-24DEC31-80000,KXBTCMAXY,1715486400,2024-05-12 00:00:00+00:00,,,,,,0.61,0.45,0.63,0.0,7170.0
kalshi:BTCMAXY-24DEC31-80000,BTCMAXY-24DEC31-80000,KXBTCMAXY,1715572800,2024-05-13 00:00:00+00:00,,,,,,0.61,0.45,0.63,0.0,7170.0
kalshi:BTCMAXY-24DEC31-80000,BTCMAXY-24DEC31-80000,KXBTCMAXY,1715659200,2024-05-14 00:00:00+00:00,0.57,0.57,0.57,0.57,0.57,0.61,0.45,0.63,11.0,7170.0
kalshi:BTCMAXY-24DEC31-80000,BTCMAXY-24DEC31-80000,KXBTCMAXY,1715745600,2024-05-15 00:00:00+00:00,0.6,0.56,0.6,0.56,0.5865,0.57,0.55,0.63,62.0,7211.0
kalshi:BTCMAXY-24DEC31-80000,BTCMAXY-24DEC31-80000,KXBTCMAXY,1715832000,2024-05-16 00:00:00+00:00,0.62,0.62,0.72,0.65,0.6945,0.56,0.65,0.84,3030.0,9686.0
kalshi:BTCMAXY-24DEC31-80000,BTCMAXY-24DEC31-80000,KXBTCMAXY,1715918400,2024-05-17 00:00:00+00:00,0.7,0.65,0.7,0.65,0.6969,0.65,0.55,0.84,2562.0,12096.0
kalshi:BTCMAXY-24DEC31-80000,BTCMAXY-24DEC31-80000,KXBTCMAXY,1716004800,2024-05-18 00:00:00+00:00,0.84,0.69,0.84,0.69,0.7338,0.65,0.63,0.75,695.0,12746.0
kalshi:BTCMAXY-24DEC31-80000,BTCMAXY-24DEC31-80000,KXBTCMAXY,1716091200,2024-05-19 00:00:00+00:00,0.73,0.72,0.73,0.72,0.7218,0.69,0.55,0.75,33.0,12779.0
kalshi:BTCMAXY-24DEC31-80000,BTCMAXY-24DEC31-80000,KXBTCMAXY,1716177600,2024-05-20 00:00:00+00:00,0.66,0.66,0.72,0.72,0.6709,0.72,0.55,0.75,143.0,12805.0
kalshi:BTCMAXY-24DEC31-80000,BTCMAXY-24DEC31-80000,KXBTCMAXY,1716264000,2024-05-21 00:00:00+00:00,0.71,0.71,0.82,0.81,0.7657,0.72,0.69,0.84,2033.0,13096.0
kalshi:BTCMAXY-24DEC31-80000,BTCMAXY-24DEC31-80000,KXBTCMAXY,1716350400,2024-05-22 00:00:00+00:00,0.75,0.73,0.76,0.76,0.7465,0.81,0.7,0.77,200.0,12940.0
kalshi:BTCMAXY-24DEC31-80000,BTCMAXY-24DEC31-80000,KXBTCMAXY,1716436800,2024-05-23 00:00:00+00:00,0.77,0.77,0.77,0.77,0.77,0.76,0.55,0.77,12.0,12952.0
kalshi:BTCMAXY-24DEC31-80000,BTCMAXY-24DEC31-80000,KXBTCMAXY,1716523200,2024-05-24 00:00:00+00:00,0.56,0.56,0.56,0.56,0.56,0.77,0.56,0.75,2.0,12952.0
kalshi:BTCMAXY-24DEC31-80000,BTCMAXY-24DEC31-80000,KXBTCMAXY,1716609600,2024-05-25 00:00:00+00:00,0.7,0.7,0.7,0.7,0.7,0.56,0.56,0.77,88.0,12864.0
kalshi:BTCMAXY-24DEC31-80000,BTCMAXY-24DEC31-80000,KXBTCMAXY,1716696000,2024-05-26 00:00:00+00:00,,,,,,0.7,0.56,0.75,0.0,12864.0
kalshi:BTCMAXY-24DEC31-80000,BTCMAXY-24DEC31-80000,KXBTCMAXY,1716782400,2024-05-27 00:00:00+00:00,,,,,,0.7,0.68,0.75,0.0,12864.0
kalshi:BTCMAXY-24DEC31-80000,BTCMAXY-24DEC31-80000,KXBTCMAXY,1716868800,2024-05-28 00:00:00+00:00,0.75,0.75,0.77,0.77,0.7612,0.7,0.56,0.75,227.0,12991.0
kalshi:BTCMAXY-24DEC31-80000,BTCMAXY-24DEC31-80000,KXBTCMAXY,1716955200,2024-05-29 00:00:00+00:00,,,,,,0.77,0.56,0.77,0.0,12991.0
kalshi:BTCMAXY-24DEC31-80000,BTCMAXY-24DEC31-80000,KXBTCMAXY,1717041600,2024-05-30 00:00:00+00:00,,,,,,0.77,0.56,0.77,0.0,12991.0
kalshi:BTCMAXY-24DEC31-80000,BTCMAXY-24DEC31-80000,KXBTCMAXY,1717128000,2024-05-31 00:00:00+00:00,,,,,,0.77,0.56,0.77,0.0,12991.0
kalshi:BTCMAXY-24DEC31-80000,BTCMAXY-24DEC31-80000,KXBTCMAXY,1717214400,2024-06-01 00:00:00+00:00,0.66,0.66,0.72,0.72,0.6889,0.77,0.56,0.72,27.0,13004.0
kalshi:BTCMAXY-24DEC31-80000,BTCMAXY-24DEC31-80000,KXBTCMAXY,1717300800,2024-06-02 00:00:00+00:00,0.64,0.64,0.64,0.64,0.64,0.72,0.57,0.71,186.0,13004.0
kalshi:BTCMAXY-24DEC31-80000,BTCMAXY-24DEC31-80000,KXBTCMAXY,1717387200,2024-06-03 00:00:00+00:00,0.57,0.57,0.69,0.69,0.5865,0.64,0.57,0.71,51.0,13011.0
kalshi:BTCMAXY-24DEC31-80000,BTCMAXY-24DEC31-80000,KXBTCMAXY,1717473600,2024-06-04 00:00:00+00:00,0.71,0.66,0.72,0.66,0.6749,0.69,0.63,0.72,182.0,13052.0
kalshi:BTCMAXY-24DEC31-80000,BTCMAXY-24DEC31-80000,KXBTCMAXY,1717560000,2024-06-05 00:00:00+00:00,,,,,,0.66,0.7,0.72,0.0,13052.0
kalshi:BTCMAXY-24DEC31-80000,BTCMAXY-24DEC31-80000,KXBTCMAXY,1717646400,2024-06-06 00:00:00+00:00,0.72,0.71,0.72,0.71,0.719,0.66,0.7,0.99,301.0,13052.0
kalshi:BTCMAXY-24DEC31-80000,BTCMAXY-24DEC31-80000,KXBTCMAXY,1717732800,2024-06-07 00:00:00+00:00,0.71,0.65,0.71,0.68,0.7091,0.71,0.57,0.71,428.0,13078.0
kalshi:BTCMAXY-24DEC31-80000,BTCMAXY-24DEC31-80000,KXBTCMAXY,1717819200,2024-06-08 00:00:00+00:00,0.71,0.62,0.71,0.62,0.7033,0.68,0.58,0.99,27.0,13053.0
kalshi:BTCMAXY-24DEC31-80000,BTCMAXY-24DEC31-80000,KXBTCMAXY,1717905600,2024-06-09 00:00:00+00:00,,,,,,0.62,0.61,0.65,0.0,13053.0
kalshi:BTCMAXY-24DEC31-80000,BTCMAXY-24DEC31-80000,KXBTCMAXY,1717992000,2024-06-10 00:00:00+00:00,0.66,0.66,0.66,0.66,0.66,0.62,0.58,0.74,147.0,13200.0
kalshi:BTCMAXY-24DEC31-80000,BTCMAXY-24DEC31-80000,KXBTCMAXY,1718078400,2024-06-11 00:00:00+00:00,,,,,,0.66,0.58,0.99,0.0,13200.0
kalshi:BTCMAXY-24DEC31-80000,BTCMAXY-24DEC31-80000,KXBTCMAXY,1718164800,2024-06-12 00:00:00+00:00,0.58,0.57,0.64,0.64,0.5841,0.66,0.55,0.99,1148.0,13725.0
kalshi:BTCMAXY-24DEC31-80000,BTCMAXY-24DEC31-80000,KXBTCMAXY,1718251200,2024-06-13 00:00:00+00:00,0.63,0.6,0.68,0.6,0.6788,0.64,0.55,0.68,109.0,13831.0
kalshi:BTCMAXY-24DEC31-80000,BTCMAXY-24DEC31-80000,KXBTCMAXY,1718337600,2024-06-14 00:00:00+00:00,0.63,0.63,0.63,0.63,0.63,0.6,0.55,0.71,18.0,13849.0
kalshi:BTCMAXY-24DEC31-80000,BTCMAXY-24DEC31-80000,KXBTCMAXY,1718424000,2024-06-15 00:00:00+00:00,,,,,,0.63,0.55,0.71,0.0,13849.0
kalshi:BTCMAXY-24DEC31-80000,BTCMAXY-24DEC31-80000,KXBTCMAXY,1718510400,2024-06-16 00:00:00+00:00,,,,,,0.63,0.55,0.71,0.0,13849.0
kalshi:BTCMAXY-24DEC31-80000,BTCMAXY-24DEC31-80000,KXBTCMAXY,1718596800,2024-06-17 00:00:00+00:00,0.55,0.54,0.55,0.54,0.5471,0.63,0.26,0.71,14.0,13849.0
kalshi:BTCMAXY-24DEC31-80000,BTCMAXY-24DEC31-80000,KXBTCMAXY,1718683200,2024-06-18 00:00:00+00:00,0.63,0.63,0.63,0.63,0.63,0.54,0.52,0.66,78.0,13927.0
kalshi:BTCMAXY-24DEC31-80000,BTCMAXY-24DEC31-80000,KXBTCMAXY,1718769600,2024-06-19 00:00:00+00:00,0.52,0.5,0.59,0.59,0.5336,0.63,0.26,0.71,307.0,14009.0
kalshi:BTCMAXY-24DEC31-80000,BTCMAXY-24DEC31-80000,KXBTCMAXY,1718856000,2024-06-20 00:00:00+00:00,0.58,0.58,0.58,0.58,0.58,0.59,0.5,0.64,112.0,14021.0
kalshi:BTCMAXY-24DEC31-80000,BTCMAXY-24DEC31-80000,KXBTCMAXY,1718942400,2024-06-21 00:00:00+00:00,0.58,0.5,0.58,0.5,0.5457,0.58,0.5,0.71,224.0,14037.0
kalshi:BTCMAXY-24DEC31-80000,BTCMAXY-24DEC31-80000,KXBTCMAXY,1719028800,2024-06-22 00:00:00+00:00,,,,,,0.5,0.5,0.71,0.0,14037.0
kalshi:BTCMAXY-24DEC31-80000,BTCMAXY-24DEC31-80000,KXBTCMAXY,1719115200,2024-06-23 00:00:00+00:00,,,,,,0.5,0.5,0.68,0.0,14037.0
kalshi:BTCMAXY-24DEC31-80000,BTCMAXY-24DEC31-80000,KXBTCMAXY,1719201600,2024-06-24 00:00:00+00:00,0.53,0.53,0.54,0.54,0.5346,0.5,0.53,0.68,37.0,14074.0
kalshi:BTCMAXY-24DEC31-80000,BTCMAXY-24DEC31-80000,KXBTCMAXY,1719288000,2024-06-25 00:00:00+00:00,0.53,0.4,0.53,0.45,0.5105,0.54,0.4,0.51,1290.0,15310.0
kalshi:BTCMAXY-24DEC31-80000,BTCMAXY-24DEC31-80000,KXBTCMAXY,1719374400,2024-06-26 00:00:00+00:00,0.45,0.41,0.5,0.5,0.4976,0.45,0.26,0.71,202.0,15510.0
kalshi:BTCMAXY-24DEC31-80000,BTCMAXY-24DEC31-80000,KXBTCMAXY,1719460800,2024-06-27 00:00:00+00:00,0.41,0.41,0.47,0.47,0.4657,0.5,0.4,0.71,180.0,15664.0
kalshi:BTCMAXY-24DEC31-80000,BTCMAXY-24DEC31-80000,KXBTCMAXY,1719547200,2024-06-28 00:00:00+00:00,0.5,0.49,0.5,0.49,0.4947,0.47,0.41,0.99,393.0,15871.0
kalshi:BTCMAXY-24DEC31-80000,BTCMAXY-24DEC31-80000,KXBTCMAXY,1719633600,2024-06-29 00:00:00+00:00,0.47,0.45,0.47,0.46,0.4568,0.49,0.41,0.99,463.0,16334.0
kalshi:BTCMAXY-24DEC31-80000,BTCMAXY-24DEC31-80000,KXBTCMAXY,1719720000,2024-06-30 00:00:00+00:00,0.48,0.48,0.48,0.48,0.48,0.46,0.41,1.0,100.0,16334.0
kalshi:BTCMAXY-24DEC31-80000,BTCMAXY-24DEC31-80000,KXBTCMAXY,1719806400,2024-07-01 00:00:00+00:00,0.45,0.45,0.45,0.45,0.45,0.48,0.45,0.59,44.0,16378.0
kalshi:BTCMAXY-24DEC31-80000,BTCMAXY-24DEC31-80000,KXBTCMAXY,1719892800,2024-07-02 00:00:00+00:00,0.42,0.42,0.44,0.44,0.429,0.45,0.41,0.52,444.0,16134.0
kalshi:BTCMAXY-24DEC31-80000,BTCMAXY-24DEC31-80000,KXBTCMAXY,1719979200,2024-07-03 00:00:00+00:00,0.51,0.51,0.51,0.51,0.51,0.44,0.42,0.49,75.0,16209.0
kalshi:BTCMAXY-24DEC31-80000,BTCMAXY-24DEC31-80000,KXBTCMAXY,1720065600,2024-07-04 00:00:00+00:00,0.41,0.38,0.41,0.38,0.3987,0.51,0.28,0.43,115.0,16224.0
kalshi:BTCMAXY-24DEC31-80000,BTCMAXY-24DEC31-80000,KXBTCMAXY,1720152000,2024-07-05 00:00:00+00:00,,,,,,0.38,0.26,0.43,0.0,16224.0
kalshi:BTCMAXY-24DEC31-80000,BTCMAXY-24DEC31-80000,KXBTCMAXY,1720238400,2024-07-06 00:00:00+00:00,0.39,0.36,0.39,0.36,0.3736,0.38,0.26,0.39,242.0,16466.0
kalshi:BTCMAXY-24DEC31-80000,BTCMAXY-24DEC31-80000,KXBTCMAXY,1720324800,2024-07-07 00:00:00+00:00,,,,,,0.36,0.26,0.38,0.0,16466.0
kalshi:BTCMAXY-24DEC31-80000,BTCMAXY-24DEC31-80000,KXBTCMAXY,1720411200,2024-07-08 00:00:00+00:00,0.38,0.38,0.39,0.39,0.3879,0.36,0.27,0.33,144.0,16590.0
kalshi:BTCMAXY-24DEC31-80000,BTCMAXY-24DEC31-80000,KXBTCMAXY,1720497600,2024-07-09 00:00:00+00:00,0.27,0.27,0.27,0.27,0.27,0.39,0.26,0.27,5.0,16589.0
kalshi:BTCMAXY-24DEC31-80000,BTCMAXY-24DEC31-80000,KXBTCMAXY,1720584000,2024-07-10 00:00:00+00:00,0.26,0.26,0.34,0.34,0.3322,0.27,0.28,0.39,156.0,16735.0
kalshi:BTCMAXY-24DEC31-80000,BTCMAXY-24DEC31-80000,KXBTCMAXY,1720670400,2024-07-11 00:00:00+00:00,0.39,0.28,0.39,0.28,0.2992,0.34,0.27,0.39,78.0,16735.0
kalshi:BTCMAXY-24DEC31-80000,BTCMAXY-24DEC31-80000,KXBTCMAXY,1720756800,2024-07-12 00:00:00+00:00,0.28,0.28,0.43,0.43,0.3915,0.28,0.35,0.43,269.0,16961.0
kalshi:BTCMAXY-24DEC31-80000,BTCMAXY-24DEC31-80000,KXBTCMAXY,1720843200,2024-07-13 00:00:00+00:00,0.35,0.35,0.35,0.35,0.35,0.43,0.35,0.43,1.0,16962.0
kalshi:BTCMAXY-24DEC31-80000,BTCMAXY-24DEC31-80000,KXBTCMAXY,1720929600,2024-07-14 00:00:00+00:00,0.35,0.35,0.35,0.35,0.35,0.35,0.33,0.43,91.0,17053.0
kalshi:BTCMAXY-24DEC31-80000,BTCMAXY-24DEC31-80000,KXBTCMAXY,1721016000,2024-07-15 00:00:00+00:00,0.38,0.38,0.38,0.38,0.38,0.35,0.36,0.43,54.0,17107.0
kalshi:BTCMAXY-24DEC31-80000,BTCMAXY-24DEC31-80000,KXBTCMAXY,1721102400,2024-07-16 00:00:00+00:00,0.43,0.39,0.43,0.43,0.4223,0.38,0.27,0.47,919.0,16952.0
kalshi:BTCMAXY-24DEC31-80000,BTCMAXY-24DEC31-80000,KXBTCMAXY,1721188800,2024-07-17 00:00:00+00:00,0.47,0.45,0.52,0.52,0.4853,0.43,0.27,0.84,1716.0,17676.0
kalshi:BTCMAXY-24DEC31-80000,BTCMAXY-24DEC31-80000,KXBTCMAXY,1721275200,2024-07-18 00:00:00+00:00,0.48,0.43,0.57,0.57,0.4755,0.52,0.27,0.62,955.0,17816.0
kalshi:BTCMAXY-24DEC31-80000,BTCMAXY-24DEC31-80000,KXBTCMAXY,1721361600,2024-07-19 00:00:00+00:00,0.43,0.43,0.54,0.54,0.5163,0.57,0.27,0.55,212.0,17997.0
kalshi:BTCMAXY-24DEC31-80000,BTCMAXY-24DEC31-80000,KXBTCMAXY,1721448000,2024-07-20 00:00:00+00:00,0.54,0.53,0.66,0.63,0.6223,0.54,0.41,0.64,1580.0,18936.0
kalshi:BTCMAXY-24DEC31-80000,BTCMAXY-24DEC31-80000,KXBTCMAXY,1721534400,2024-07-21 00:00:00+00:00,0.61,0.61,0.67,0.66,0.6598,0.63,0.55,0.68,1525.0,20461.0
kalshi:BTCMAXY-24DEC31-80000,BTCMAXY-24DEC31-80000,KXBTCMAXY,1721620800,2024-07-22 00:00:00+00:00,0.65,0.65,0.67,0.67,0.6517,0.66,0.59,0.67,110.0,20462.0
kalshi:BTCMAXY-24DEC31-80000,BTCMAXY-24DEC31-80000,KXBTCMAXY,1721707200,2024-07-23 00:00:00+00:00,0.59,0.55,0.67,0.67,0.5733,0.67,0.65,0.68,605.0,20481.0
kalshi:BTCMAXY-24DEC31-80000,BTCMAXY-24DEC31-80000,KXBTCMAXY,1721793600,2024-07-24 00:00:00+00:00,0.67,0.49,0.67,0.63,0.5361,0.67,0.41,0.67,811.0,20662.0
kalshi:BTCMAXY-24DEC31-80000,BTCMAXY-24DEC31-80000,KXBTCMAXY,1721880000,2024-07-25 00:00:00+00:00,,,,,,0.63,0.41,0.68,0.0,20662.0
kalshi:BTCMAXY-24DEC31-80000,BTCMAXY-24DEC31-80000,KXBTCMAXY,1721966400,2024-07-26 00:00:00+00:00,0.47,0.47,0.47,0.47,0.47,0.63,0.41,0.68,36.0,20662.0
kalshi:BTCMAXY-24DEC31-80000,BTCMAXY-24DEC31-80000,KXBTCMAXY,1722052800,2024-07-27 00:00:00+00:00,,,,,,0.47,0.44,0.69,0.0,20662.0
kalshi:BTCMAXY-24DEC31-80000,BTCMAXY-24DEC31-80000,KXBTCMAXY,1722139200,2024-07-28 00:00:00+00:00,0.7,0.7,0.7,0.7,0.7,0.47,0.5,0.8,13.0,20675.0
kalshi:BTCMAXY-24DEC31-80000,BTCMAXY-24DEC31-80000,KXBTCMAXY,1722225600,2024-07-29 00:00:00+00:00,,,,,,0.7,0.5,0.78,0.0,20675.0
kalshi:BTCMAXY-24DEC31-80000,BTCMAXY-24DEC31-80000,KXBTCMAXY,1722312000,2024-07-30 00:00:00+00:00,0.66,0.5,0.68,0.5,0.6516,0.7,0.5,0.64,199.0,20859.0
kalshi:BTCMAXY-24DEC31-80000,BTCMAXY-24DEC31-80000,KXBTCMAXY,1722398400,2024-07-31 00:00:00+00:00,0.64,0.51,0.64,0.51,0.5913,0.5,0.5,0.64,24.0,20878.0
kalshi:BTCMAXY-24DEC31-80000,BTCMAXY-24DEC31-80000,KXBTCMAXY,1722484800,2024-08-01 00:00:00+00:00,0.64,0.64,0.64,0.64,0.64,0.51,0.45,0.62,20.0,20898.0
kalshi:BTCMAXY-24DEC31-80000,BTCMAXY-24DEC31-80000,KXBTCMAXY,1722571200,2024-08-02 00:00:00+00:00,,,,,,0.64,0.45,0.57,0.0,20898.0
kalshi:BTCMAXY-24DEC31-80000,BTCMAXY-24DEC31-80000,KXBTCMAXY,1722657600,2024-08-03 00:00:00+00:00,0.56,0.45,0.57,0.56,0.5473,0.64,0.45,0.55,186.0,20898.0
kalshi:BTCMAXY-24DEC31-80000,BTCMAXY-24DEC31-80000,KXBTCMAXY,1722744000,2024-08-04 00:00:00+00:00,0.55,0.44,0.55,0.44,0.453,0.56,0.42,0.54,393.0,20915.0
kalshi:BTCMAXY-24DEC31-80000,BTCMAXY-24DEC31-80000,KXBTCMAXY,1722830400,2024-08-05 00:00:00+00:00,0.54,0.26,0.55,0.5,0.4983,0.44,0.26,0.5,820.0,21710.0
kalshi:BTCMAXY-24DEC31-80000,BTCMAXY-24DEC31-80000,KXBTCMAXY,1722916800,2024-08-06 00:00:00+00:00,0.26,0.26,0.45,0.28,0.4117,0.5,0.38,0.46,536.0,22137.0
kalshi:BTCMAXY-24DEC31-80000,BTCMAXY-24DEC31-80000,KXBTCMAXY,1723003200,2024-08-07 00:00:00+00:00,0.45,0.33,0.5,0.33,0.3906,0.28,0.26,0.54,1566.0,22453.0
kalshi:BTCMAXY-24DEC31-80000,BTCMAXY-24DEC31-80000,KXBTCMAXY,1723089600,2024-08-08 00:00:00+00:00,0.31,0.28,0.31,0.28,0.295,0.33,0.34,0.55,200.0,22453.0
kalshi:BTCMAXY-24DEC31-80000,BTCMAXY-24DEC31-80000,KXBTCMAXY,1723176000,2024-08-09 00:00:00+00:00,0.43,0.43,0.43,0.43,0.43,0.28,0.49,0.51,8.0,22453.0
kalshi:BTCMAXY-24DEC31-80000,BTCMAXY-24DEC31-80000,KXBTCMAXY,1723262400,2024-08-10 00:00:00+00:00,,,,,,0.43,0.3,0.55,0.0,22453.0
kalshi:BTCMAXY-24DEC31-80000,BTCMAXY-24DEC31-80000,KXBTCMAXY,1723348800,2024-08-11 00:00:00+00:00,0.46,0.43,0.46,0.44,0.4388,0.43,0.3,0.46,263.0,22453.0
kalshi:BTCMAXY-24DEC31-80000,BTCMAXY-24DEC31-80000,KXBTCMAXY,1723435200,2024-08-12 00:00:00+00:00,0.42,0.41,0.52,0.52,0.4604,0.44,0.34,0.55,436.0,22639.0
kalshi:BTCMAXY-24DEC31-80000,BTCMAXY-24DEC31-80000,KXBTCMAXY,1723521600,2024-08-13 00:00:00+00:00,,,,,,0.52,0.35,0.54,0.0,22639.0
kalshi:BTCMAXY-24DEC31-80000,BTCMAXY-24DEC31-80000,KXBTCMAXY,1723608000,2024-08-14 00:00:00+00:00,0.4,0.4,0.41,0.4,0.4009,0.52,0.36,0.42,535.0,22639.0
kalshi:BTCMAXY-24DEC31-80000,BTCMAXY-24DEC31-80000,KXBTCMAXY,1723694400,2024-08-15 00:00:00+00:00,0.41,0.41,0.41,0.41,0.41,0.4,0.41,0.42,4.0,22643.0
kalshi:BTCMAXY-24DEC31-80000,BTCMAXY-24DEC31-80000,KXBTCMAXY,1723780800,2024-08-16 00:00:00+00:00,0.41,0.3,0.41,0.3,0.3469,0.41,0.3,0.41,95.0,22689.0
kalshi:BTCMAXY-24DEC31-80000,BTCMAXY-24DEC31-80000,KXBTCMAXY,1723867200,2024-08-17 00:00:00+00:00,0.28,0.27,0.28,0.27,0.2771,0.3,0.27,0.39,70.0,22689.0
kalshi:BTCMAXY-24DEC31-80000,BTCMAXY-24DEC31-80000,KXBTCMAXY,1723953600,2024-08-18 00:00:00+00:00,0.39,0.39,0.42,0.42,0.4023,0.27,0.29,0.42,130.0,22819.0
kalshi:BTCMAXY-24DEC31-80000,BTCMAXY-24DEC31-80000,KXBTCMAXY,1724040000,2024-08-19 00:00:00+00:00,,,,,,0.42,0.33,0.4,0.0,22819.0
kalshi:BTCMAXY-24DEC31-80000,BTCMAXY-24DEC31-80000,KXBTCMAXY,1724126400,2024-08-20 00:00:00+00:00,0.33,0.33,0.41,0.34,0.3526,0.42,0.35,0.42,244.0,22953.0
kalshi:BTCMAXY-24DEC31-80000,BTCMAXY-24DEC31-80000,KXBTCMAXY,1724212800,2024-08-21 00:00:00+00:00,0.35,0.35,0.35,0.35,0.35,0.34,0.35,0.4,151.0,23104.0
kalshi:BTCMAXY-24DEC31-80000,BTCMAXY-24DEC31-80000,KXBTCMAXY,1724299200,2024-08-22 00:00:00+00:00,0.4,0.39,0.4,0.39,0.3991,0.35,0.39,0.4,53.0,23109.0
kalshi:BTCMAXY-24DEC31-80000,BTCMAXY-24DEC31-80000,KXBTCMAXY,1724385600,2024-08-23 00:00:00+00:00,0.39,0.39,0.39,0.39,0.39,0.39,0.36,0.4,20.0,23110.0
kalshi:BTCMAXY-24DEC31-80000,BTCMAXY-24DEC31-80000,KXBTCMAXY,1724472000,2024-08-24 00:00:00+00:00,0.38,0.38,0.46,0.46,0.4146,0.39,0.36,0.52,155.0,23110.0
kalshi:BTCMAXY-24DEC31-80000,BTCMAXY-24DEC31-80000,KXBTCMAXY,1724558400,2024-08-25 00:00:00+00:00,0.44,0.44,0.54,0.54,0.4838,0.46,0.37,0.54,16.0,23118.0
kalshi:BTCMAXY-24DEC31-80000,BTCMAXY-24DEC31-80000,KXBTCMAXY,1724644800,2024-08-26 00:00:00+00:00,0.45,0.44,0.45,0.44,0.445,0.54,0.37,0.54,172.0,23118.0
kalshi:BTCMAXY-24DEC31-80000,BTCMAXY-24DEC31-80000,KXBTCMAXY,1724731200,2024-08-27 00:00:00+00:00,0.53,0.39,0.54,0.39,0.4226,0.44,0.37,0.53,223.0,23143.0
kalshi:BTCMAXY-24DEC31-80000,BTCMAXY-24DEC31-80000,KXBTCMAXY,1724817600,2024-08-28 00:00:00+00:00,0.37,0.28,0.44,0.28,0.3866,0.39,0.28,0.43,1369.0,23913.0
kalshi:BTCMAXY-24DEC31-80000,BTCMAXY-24DEC31-80000,KXBTCMAXY,1724904000,2024-08-29 00:00:00+00:00,0.43,0.43,0.48,0.48,0.4717,0.28,0.31,0.38,120.0,24033.0
kalshi:BTCMAXY-24DEC31-80000,BTCMAXY-24DEC31-80000,KXBTCMAXY,1724990400,2024-08-30 00:00:00+00:00,0.29,0.29,0.39,0.39,0.3275,0.48,0.31,0.39,80.0,24113.0
kalshi:BTCMAXY-24DEC31-80000,BTCMAXY-24DEC31-80000,KXBTCMAXY,1725076800,2024-08-31 00:00:00+00:00,,,,,,0.39,0.29,0.38,0.0,24113.0
kalshi:BTCMAXY-24DEC31-80000,BTCMAXY-24DEC31-80000,KXBTCMAXY,1725163200,2024-09-01 00:00:00+00:00,0.28,0.28,0.28,0.28,0.28,0.39,0.28,0.38,13.0,24113.0
kalshi:BTCMAXY-24DEC31-80000,BTCMAXY-24DEC31-80000,KXBTCMAXY,1725249600,2024-09-02 00:00:00+00:00,,,,,,0.28,0.26,0.36,0.0,24113.0
kalshi:BTCMAXY-24DEC31-80000,BTCMAXY-24DEC31-80000,KXBTCMAXY,1725336000,2024-09-03 00:00:00+00:00,0.27,0.27,0.27,0.27,0.27,0.28,0.26,0.35,132.0,23981.0
kalshi:BTCMAXY-24DEC31-80000,BTCMAXY-24DEC31-80000,KXBTCMAXY,1725422400,2024-09-04 00:00:00+00:00,0.34,0.34,0.34,0.34,0.34,0.27,0.26,0.35,72.0,24053.0
kalshi:BTCMAXY-24DEC31-80000,BTCMAXY-24DEC31-80000,KXBTCMAXY,1725508800,2024-09-05 00:00:00+00:00,0.27,0.27,0.28,0.28,0.2731,0.34,0.28,0.35,72.0,24053.0
kalshi:BTCMAXY-24DEC31-80000,BTCMAXY-24DEC31-80000,KXBTCMAXY,1725595200,2024-09-06 00:00:00+00:00,0.33,0.33,0.33,0.33,0.33,0.28,0.28,0.31,28.0,24081.0
kalshi:BTCMAXY-24DEC31-80000,BTCMAXY-24DEC31-80000,KXBTCMAXY,1725681600,2024-09-07 00:00:00+00:00,0.28,0.25,0.28,0.27,0.264,0.33,0.16,0.27,505.0,24118.0
kalshi:BTCMAXY-24DEC31-80000,BTCMAXY-24DEC31-80000,KXBTCMAXY,1725768000,2024-09-08 00:00:00+00:00,0.27,0.27,0.27,0.27,0.27,0.27,0.16,0.27,10.0,24118.0
kalshi:BTCMAXY-24DEC31-80000,BTCMAXY-24DEC31-80000,KXBTCMAXY,1725854400,2024-09-09 00:00:00+00:00,0.16,0.16,0.33,0.33,0.2151,0.27,0.19,0.51,57.0,24124.0
kalshi:BTCMAXY-24DEC31-80000,BTCMAXY-24DEC31-80000,KXBTCMAXY,1725940800,2024-09-10 00:00:00+00:00,,,,,,0.33,0.19,0.46,0.0,24124.0
kalshi:BTCMAXY-24DEC31-80000,BTCMAXY-24DEC31-80000,KXBTCMAXY,1726027200,2024-09-11 00:00:00+00:00,,,,,,0.33,0.19,0.35,0.0,24124.0
kalshi:BTCMAXY-24DEC31-80000,BTCMAXY-24DEC31-80000,KXBTCMAXY,1726113600,2024-09-12 00:00:00+00:00,,,,,,0.33,0.23,0.4,0.0,24124.0
kalshi:BTCMAXY-24DEC31-80000,BTCMAXY-24DEC31-80000,KXBTCMAXY,1726200000,2024-09-13 00:00:00+00:00,,,,,,0.33,0.24,0.33,0.0,24124.0
kalshi:BTCMAXY-24DEC31-80000,BTCMAXY-24DEC31-80000,KXBTCMAXY,1726286400,2024-09-14 00:00:00+00:00,0.24,0.24,0.24,0.24,0.24,0.33,0.3,0.31,20.0,24104.0
kalshi:BTCMAXY-24DEC31-80000,BTCMAXY-24DEC31-80000,KXBTCMAXY,1726459200,2024-09-16 00:00:00+00:00,0.3,0.21,0.4,0.28,0.34,0.24,0.28,0.33,791.0,24846.0
kalshi:BTCMAXY-24DEC31-80000,BTCMAXY-24DEC31-80000,KXBTCMAXY,1726545600,2024-09-17 00:00:00+00:00,0.28,0.28,0.28,0.28,0.28,0.28,0.28,0.29,35.0,24856.0
kalshi:BTCMAXY-24DEC31-80000,BTCMAXY-24DEC31-80000,KXBTCMAXY,1726632000,2024-09-18 00:00:00+00:00,0.29,0.29,0.35,0.35,0.3098,0.28,0.29,0.41,890.0,25006.0
kalshi:BTCMAXY-24DEC31-80000,BTCMAXY-24DEC31-80000,KXBTCMAXY,1726718400,2024-09-19 00:00:00+00:00,0.29,0.28,0.29,0.28,0.285,0.35,0.28,0.37,100.0,25056.0
kalshi:BTCMAXY-24DEC31-80000,BTCMAXY-24DEC31-80000,KXBTCMAXY,1726804800,2024-09-20 00:00:00+00:00,0.37,0.33,0.39,0.33,0.3778,0.28,0.28,0.4,1672.0,25056.0
kalshi:BTCMAXY-24DEC31-80000,BTCMAXY-24DEC31-80000,KXBTCMAXY,1726891200,2024-09-21 00:00:00+00:00,0.28,0.28,0.4,0.4,0.37,0.33,0.28,0.39,80.0,25096.0
kalshi:BTCMAXY-24DEC31-80000,BTCMAXY-24DEC31-80000,KXBTCMAXY,1726977600,2024-09-22 00:00:00+00:00,0.38,0.37,0.38,0.37,0.375,0.4,0.33,0.37,100.0,25146.0
kalshi:BTCMAXY-24DEC31-80000,BTCMAXY-24DEC31-80000,KXBTCMAXY,1727064000,2024-09-23 00:00:00+00:00,0.34,0.34,0.36,0.36,0.3559,0.37,0.34,0.37,126.0,25046.0
kalshi:BTCMAXY-24DEC31-80000,BTCMAXY-24DEC31-80000,KXBTCMAXY,1727150400,2024-09-24 00:00:00+00:00,0.34,0.34,0.37,0.37,0.3585,0.36,0.34,0.37,75.0,25101.0
kalshi:BTCMAXY-24DEC31-80000,BTCMAXY-24DEC31-80000,KXBTCMAXY,1727236800,2024-09-25 00:00:00+00:00,0.34,0.34,0.41,0.41,0.3957,0.37,0.39,0.45,538.0,25639.0
kalshi:BTCMAXY-24DEC31-80000,BTCMAXY-24DEC31-80000,KXBTCMAXY,1727323200,2024-09-26 00:00:00+00:00,0.4,0.37,0.43,0.43,0.3928,0.41,0.34,0.45,859.0,26213.0
kalshi:BTCMAXY-24DEC31-80000,BTCMAXY-24DEC31-80000,KXBTCMAXY,1727409600,2024-09-27 00:00:00+00:00,0.39,0.39,0.41,0.41,0.4077,0.43,0.36,0.41,646.0,26848.0
kalshi:BTCMAXY-24DEC31-80000,BTCMAXY-24DEC31-80000,KXBTCMAXY,1727496000,2024-09-28 00:00:00+00:00,0.41,0.39,0.41,0.41,0.4,0.41,0.38,0.43,1568.0,27371.0
kalshi:BTCMAXY-24DEC31-80000,BTCMAXY-24DEC31-80000,KXBTCMAXY,1727582400,2024-09-29 00:00:00+00:00,0.39,0.34,0.41,0.34,0.3809,0.41,0.34,0.38,563.0,27434.0
kalshi:BTCMAXY-24DEC31-80000,BTCMAXY-24DEC31-80000,KXBTCMAXY,1727668800,2024-09-30 00:00:00+00:00,,,,,,0.34,0.35,0.38,0.0,27434.0
kalshi:BTCMAXY-24DEC31-80000,BTCMAXY-24DEC31-80000,KXBTCMAXY,1727755200,2024-10-01 00:00:00+00:00,0.35,0.27,0.35,0.31,0.2937,0.34,0.27,0.31,499.0,27584.0
kalshi:BTCMAXY-24DEC31-80000,BTCMAXY-24DEC31-80000,KXBTCMAXY,1727841600,2024-10-02 00:00:00+00:00,0.26,0.2,0.26,0.2,0.2486,0.31,0.2,0.24,249.0,27833.0
kalshi:BTCMAXY-24DEC31-80000,BTCMAXY-24DEC31-80000,KXBTCMAXY,1727928000,2024-10-03 00:00:00+00:00,0.2,0.2,0.31,0.31,0.2566,0.2,0.22,0.26,786.0,28349.0
kalshi:BTCMAXY-24DEC31-80000,BTCMAXY-24DEC31-80000,KXBTCMAXY,1728014400,2024-10-04 00:00:00+00:00,0.22,0.22,0.26,0.26,0.2595,0.31,0.22,0.35,83.0,28408.0
kalshi:BTCMAXY-24DEC31-80000,BTCMAXY-24DEC31-80000,KXBTCMAXY,1728100800,2024-10-05 00:00:00+00:00,0.26,0.26,0.26,0.26,0.26,0.26,0.25,0.26,65.0,28408.0
kalshi:BTCMAXY-24DEC31-80000,BTCMAXY-24DEC31-80000,KXBTCMAXY,1728187200,2024-10-06 00:00:00+00:00,0.26,0.25,0.26,0.25,0.2591,0.26,0.25,0.35,11.0,28409.0
kalshi:BTCMAXY-24DEC31-80000,BTCMAXY-24DEC31-80000,KXBTCMAXY,1728273600,2024-10-07 00:00:00+00:00,0.25,0.2,0.28,0.28,0.2271,0.25,0.28,0.3,249.0,28594.0
kalshi:BTCMAXY-24DEC31-80000,BTCMAXY-24DEC31-80000,KXBTCMAXY,1728360000,2024-10-08 00:00:00+00:00,0.31,0.27,0.32,0.27,0.2904,0.28,0.25,0.27,1320.0,29282.0
kalshi:BTCMAXY-24DEC31-80000,BTCMAXY-24DEC31-80000,KXBTCMAXY,1728446400,2024-10-09 00:00:00+00:00,0.25,0.25,0.25,0.25,0.25,0.27,0.25,0.27,144.0,29282.0
kalshi:BTCMAXY-24DEC31-80000,BTCMAXY-24DEC31-80000,KXBTCMAXY,1728532800,2024-10-10 00:00:00+00:00,0.25,0.22,0.25,0.22,0.235,0.25,0.22,0.25,12.0,29288.0
kalshi:BTCMAXY-24DEC31-80000,BTCMAXY-24DEC31-80000,KXBTCMAXY,1728619200,2024-10-11 00:00:00+00:00,0.22,0.15,0.22,0.2,0.1776,0.22,0.19,0.21,1736.0,30874.0
kalshi:BTCMAXY-24DEC31-80000,BTCMAXY-24DEC31-80000,KXBTCMAXY,1728705600,2024-10-12 00:00:00+00:00,0.21,0.21,0.28,0.27,0.2659,0.2,0.2,0.27,1176.0,31007.0
kalshi:BTCMAXY-24DEC31-80000,BTCMAXY-24DEC31-80000,KXBTCMAXY,1728792000,2024-10-13 00:00:00+00:00,0.25,0.25,0.28,0.27,0.2684,0.27,0.22,0.28,456.0,31438.0
kalshi:BTCMAXY-24DEC31-80000,BTCMAXY-24DEC31-80000,KXBTCMAXY,1728878400,2024-10-14 00:00:00+00:00,0.22,0.21,0.27,0.26,0.2566,0.27,0.24,0.26,289.0,31666.0
kalshi:BTCMAXY-24DEC31-80000,BTCMAXY-24DEC31-80000,KXBTCMAXY,1728964800,2024-10-15 00:00:00+00:00,0.26,0.26,0.37,0.37,0.331,0.26,0.34,0.35,936.0,32009.0
kalshi:BTCMAXY-24DEC31-80000,BTCMAXY-24DEC31-80000,KXBTCMAXY,1729051200,2024-10-16 00:00:00+00:00,0.34,0.2,0.41,0.41,0.3501,0.37,0.37,0.41,1023.0,32443.0
kalshi:BTCMAXY-24DEC31-80000,BTCMAXY-24DEC31-80000,KXBTCMAXY,1729137600,2024-10-17 00:00:00+00:00,0.42,0.37,0.47,0.38,0.4237,0.41,0.37,0.44,2658.0,34277.0
kalshi:BTCMAXY-24DEC31-80000,BTCMAXY-24DEC31-80000,KXBTCMAXY,1729224000,2024-10-18 00:00:00+00:00,0.36,0.3,0.39,0.38,0.3483,0.38,0.36,0.38,707.0,34664.0
kalshi:BTCMAXY-24DEC31-80000,BTCMAXY-24DEC31-80000,KXBTCMAXY,1729310400,2024-10-19 00:00:00+00:00,0.38,0.38,0.48,0.42,0.4438,0.38,0.41,0.46,3461.0,36018.0
kalshi:BTCMAXY-24DEC31-80000,BTCMAXY-24DEC31-80000,KXBTCMAXY,1729396800,2024-10-20 00:00:00+00:00,0.4,0.39,0.47,0.39,0.4257,0.42,0.39,0.46,2873.0,36967.0
kalshi:BTCMAXY-24DEC31-80000,BTCMAXY-24DEC31-80000,KXBTCMAXY,1729483200,2024-10-21 00:00:00+00:00,0.41,0.41,0.48,0.46,0.4677,0.39,0.43,0.47,669.0,37115.0
kalshi:BTCMAXY-24DEC31-80000,BTCMAXY-24DEC31-80000,KXBTCMAXY,1729569600,2024-10-22 00:00:00+00:00,0.47,0.39,0.49,0.39,0.4197,0.46,0.39,0.41,1867.0,37561.0
kalshi:BTCMAXY-24DEC31-80000,BTCMAXY-24DEC31-80000,KXBTCMAXY,1729656000,2024-10-23 00:00:00+00:00,0.41,0.31,0.45,0.41,0.3959,0.39,0.39,0.43,1380.0,37953.0
kalshi:BTCMAXY-24DEC31-80000,BTCMAXY-24DEC31-80000,KXBTCMAXY,1729742400,2024-10-24 00:00:00+00:00,0.38,0.34,0.44,0.44,0.3772,0.41,0.36,0.41,1778.0,38178.0
kalshi:BTCMAXY-24DEC31-80000,BTCMAXY-24DEC31-80000,KXBTCMAXY,1729828800,2024-10-25 00:00:00+00:00,0.41,0.35,0.43,0.4,0.3954,0.44,0.4,0.43,736.0,38680.0
kalshi:BTCMAXY-24DEC31-80000,BTCMAXY-24DEC31-80000,KXBTCMAXY,1729915200,2024-10-26 00:00:00+00:00,0.43,0.4,0.46,0.44,0.4263,0.4,0.39,0.41,3536.0,40897.0
kalshi:BTCMAXY-24DEC31-80000,BTCMAXY-24DEC31-80000,KXBTCMAXY,1730001600,2024-10-27 00:00:00+00:00,0.41,0.4,0.44,0.4,0.43,0.44,0.4,0.44,387.0,41199.0
kalshi:BTCMAXY-24DEC31-80000,BTCMAXY-24DEC31-80000,KXBTCMAXY,1730088000,2024-10-28 00:00:00+00:00,0.4,0.4,0.43,0.43,0.4185,0.4,0.41,0.43,162.0,41137.0
kalshi:BTCMAXY-24DEC31-80000,BTCMAXY-24DEC31-80000,KXBTCMAXY,1730174400,2024-10-29 00:00:00+00:00,0.41,0.39,0.62,0.62,0.4783,0.43,0.54,0.62,4146.0,43935.0
kalshi:BTCMAXY-24DEC31-80000,BTCMAXY-24DEC31-80000,KXBTCMAXY,1730260800,2024-10-30 00:00:00+00:00,0.54,0.54,0.63,0.62,0.6177,0.62,0.56,0.62,1746.0,43226.0
kalshi:BTCMAXY-24DEC31-80000,BTCMAXY-24DEC31-80000,KXBTCMAXY,1730347200,2024-10-31 00:00:00+00:00,0.62,0.44,0.63,0.57,0.531,0.62,0.53,0.57,1962.0,43454.0
kalshi:BTCMAXY-24DEC31-80000,BTCMAXY-24DEC31-80000,KXBTCMAXY,1730433600,2024-11-01 00:00:00+00:00,0.54,0.41,0.58,0.51,0.4879,0.57,0.49,0.55,3517.0,44691.0
kalshi:BTCMAXY-24DEC31-80000,BTCMAXY-24DEC31-80000,KXBTCMAXY,1730520000,2024-11-02 00:00:00+00:00,0.55,0.49,0.55,0.49,0.5034,0.51,0.49,0.52,606.0,44710.0
kalshi:BTCMAXY-24DEC31-80000,BTCMAXY-24DEC31-80000,KXBTCMAXY,1730606400,2024-11-03 00:00:00+00:00,0.48,0.41,0.48,0.41,0.4387,0.49,0.41,0.49,1124.0,44795.0
kalshi:BTCMAXY-24DEC31-80000,BTCMAXY-24DEC31-80000,KXBTCMAXY,1730692800,2024-11-04 00:00:00+00:00,,,,,,,0.39,0.5,0.0,45092.0
kalshi:BTCMAXY-24DEC31-80000,BTCMAXY-24DEC31-80000,KXBTCMAXY,1730782800,2024-11-05 00:00:00+00:00,0.48,0.41,0.5,0.41,0.4609,,0.39,0.45,3061.0,45087.0
kalshi:BTCMAXY-24DEC31-80000,BTCMAXY-24DEC31-80000,KXBTCMAXY,1730869200,2024-11-06 00:00:00+00:00,0.39,0.39,0.82,0.65,0.6636,0.41,0.65,0.88,1040.0,45033.0
kalshi:BTCMAXY-24DEC31-80000,BTCMAXY-24DEC31-80000,KXBTCMAXY,1730955600,2024-11-07 00:00:00+00:00,0.66,0.51,0.87,0.83,0.6796,0.65,0.57,0.83,5122.0,41298.0
kalshi:BTCMAXY-24DEC31-80000,BTCMAXY-24DEC31-80000,KXBTCMAXY,1731042000,2024-11-08 00:00:00+00:00,0.83,0.6,0.84,0.84,0.7428,0.83,0.76,0.84,2322.0,41596.0
kalshi:BTCMAXY-24DEC31-80000,BTCMAXY-24DEC31-80000,KXBTCMAXY,1731128400,2024-11-09 00:00:00+00:00,0.76,0.7,0.84,0.84,0.8147,0.84,0.72,0.84,1470.0,41301.0
kalshi:BTCMAXY-24DEC31-80000,BTCMAXY-24DEC31-80000,KXBTCMAXY,1731214800,2024-11-10 00:00:00+00:00,0.8,0.77,0.94,0.94,0.8757,0.84,0.77,0.98,1597.0,40579.0
kalshi:BTCMAXY-24DEC31-80000,BTCMAXY-24DEC31-80000,KXBTCMAXY,1731301200,2024-11-11 00:00:00+00:00,0.95,0.95,0.99,0.99,0.9721,0.94,0.97,0.99,6371.0,39103.0
kalshi:BTCMAXY-24DEC31-90000,BTCMAXY-24DEC31-90000,KXBTCMAXY,1710820800,2024-03-19 00:00:00+00:00,0.65,0.44,0.65,0.44,0.5037,,0.42,0.46,1957.0,1951.0
kalshi:BTCMAXY-24DEC31-90000,BTCMAXY-24DEC31-90000,KXBTCMAXY,1710907200,2024-03-20 00:00:00+00:00,0.44,0.44,0.45,0.45,0.442,0.44,0.47,0.48,125.0,2076.0
kalshi:BTCMAXY-24DEC31-90000,BTCMAXY-24DEC31-90000,KXBTCMAXY,1710993600,2024-03-21 00:00:00+00:00,0.48,0.47,0.53,0.52,0.4929,0.45,0.5,0.53,448.0,2313.0
kalshi:BTCMAXY-24DEC31-90000,BTCMAXY-24DEC31-90000,KXBTCMAXY,1711080000,2024-03-22 00:00:00+00:00,0.53,0.53,0.53,0.53,0.53,0.52,0.52,0.54,20.0,2323.0
kalshi:BTCMAXY-24DEC31-90000,BTCMAXY-24DEC31-90000,KXBTCMAXY,1711166400,2024-03-23 00:00:00+00:00,0.52,0.51,0.52,0.51,0.5153,0.53,0.47,0.51,19.0,2322.0
kalshi:BTCMAXY-24DEC31-90000,BTCMAXY-24DEC31-90000,KXBTCMAXY,1711252800,2024-03-24 00:00:00+00:00,0.47,0.46,0.47,0.46,0.461,0.51,0.47,0.48,97.0,2419.0
kalshi:BTCMAXY-24DEC31-90000,BTCMAXY-24DEC31-90000,KXBTCMAXY,1711339200,2024-03-25 00:00:00+00:00,0.47,0.47,0.48,0.48,0.4708,0.46,0.43,0.48,130.0,2549.0
kalshi:BTCMAXY-24DEC31-90000,BTCMAXY-24DEC31-90000,KXBTCMAXY,1711425600,2024-03-26 00:00:00+00:00,0.48,0.48,0.59,0.59,0.5572,0.48,0.54,0.58,546.0,2613.0
kalshi:BTCMAXY-24DEC31-90000,BTCMAXY-24DEC31-90000,KXBTCMAXY,1711512000,2024-03-27 00:00:00+00:00,0.58,0.54,0.58,0.57,0.567,0.59,0.53,0.57,295.0,2534.0
kalshi:BTCMAXY-24DEC31-90000,BTCMAXY-24DEC31-90000,KXBTCMAXY,1711598400,2024-03-28 00:00:00+00:00,0.55,0.55,0.56,0.56,0.5513,0.57,0.54,0.56,115.0,2634.0
kalshi:BTCMAXY-24DEC31-90000,BTCMAXY-24DEC31-90000,KXBTCMAXY,1711684800,2024-03-29 00:00:00+00:00,0.57,0.54,0.63,0.61,0.5968,0.56,0.43,0.67,149.0,2720.0
kalshi:BTCMAXY-24DEC31-90000,BTCMAXY-24DEC31-90000,KXBTCMAXY,1711771200,2024-03-30 00:00:00+00:00,0.62,0.59,0.64,0.59,0.6028,0.61,0.57,0.63,74.0,2726.0
kalshi:BTCMAXY-24DEC31-90000,BTCMAXY-24DEC31-90000,KXBTCMAXY,1711857600,2024-03-31 00:00:00+00:00,0.64,0.57,0.67,0.62,0.622,0.59,0.49,0.67,248.0,2874.0
kalshi:BTCMAXY-24DEC31-90000,BTCMAXY-24DEC31-90000,KXBTCMAXY,1711944000,2024-04-01 00:00:00+00:00,0.57,0.55,0.63,0.63,0.5684,0.62,0.49,0.63,215.0,3040.0
kalshi:BTCMAXY-24DEC31-90000,BTCMAXY-24DEC31-90000,KXBTCMAXY,1712030400,2024-04-02 00:00:00+00:00,0.62,0.53,0.62,0.53,0.5515,0.63,0.53,0.56,314.0,3041.0
kalshi:BTCMAXY-24DEC31-90000,BTCMAXY-24DEC31-90000,KXBTCMAXY,1712116800,2024-04-03 00:00:00+00:00,0.53,0.46,0.53,0.52,0.4909,0.53,0.48,0.53,220.0,3101.0
kalshi:BTCMAXY-24DEC31-90000,BTCMAXY-24DEC31-90000,KXBTCMAXY,1712203200,2024-04-04 00:00:00+00:00,0.53,0.46,0.56,0.56,0.5124,0.52,0.52,0.56,161.0,3220.0
kalshi:BTCMAXY-24DEC31-90000,BTCMAXY-24DEC31-90000,KXBTCMAXY,1712289600,2024-04-05 00:00:00+00:00,0.56,0.56,0.6,0.56,0.5685,0.56,0.54,0.63,165.0,3365.0
kalshi:BTCMAXY-24DEC31-90000,BTCMAXY-24DEC31-90000,KXBTCMAXY,1712376000,2024-04-06 00:00:00+00:00,0.59,0.59,0.6,0.59,0.5902,0.56,0.54,0.63,51.0,3365.0
kalshi:BTCMAXY-24DEC31-90000,BTCMAXY-24DEC31-90000,KXBTCMAXY,1712462400,2024-04-07 00:00:00+00:00,0.56,0.54,0.6,0.6,0.5667,0.59,0.54,0.6,632.0,3985.0
kalshi:BTCMAXY-24DEC31-90000,BTCMAXY-24DEC31-90000,KXBTCMAXY,1712548800,2024-04-08 00:00:00+00:00,0.6,0.6,0.6,0.6,0.6,0.6,0.54,0.61,900.0,4885.0
kalshi:BTCMAXY-24DEC31-90000,BTCMAXY-24DEC31-90000,KXBTCMAXY,1712635200,2024-04-09 00:00:00+00:00,0.63,0.63,0.64,0.64,0.6323,0.6,0.54,0.64,345.0,5230.0
kalshi:BTCMAXY-24DEC31-90000,BTCMAXY-24DEC31-90000,KXBTCMAXY,1712721600,2024-04-10 00:00:00+00:00,,,,,,0.64,0.54,0.62,0.0,5230.0
kalshi:BTCMAXY-24DEC31-90000,BTCMAXY-24DEC31-90000,KXBTCMAXY,1712808000,2024-04-11 00:00:00+00:00,0.57,0.57,0.57,0.57,0.57,0.64,0.54,0.65,96.0,5230.0
kalshi:BTCMAXY-24DEC31-90000,BTCMAXY-24DEC31-90000,KXBTCMAXY,1712894400,2024-04-12 00:00:00+00:00,0.61,0.61,0.64,0.64,0.6127,0.57,0.54,0.68,165.0,5380.0
kalshi:BTCMAXY-24DEC31-90000,BTCMAXY-24DEC31-90000,KXBTCMAXY,1712980800,2024-04-13 00:00:00+00:00,0.57,0.57,0.57,0.57,0.57,0.64,0.54,0.6,5.0,5380.0
kalshi:BTCMAXY-24DEC31-90000,BTCMAXY-24DEC31-90000,KXBTCMAXY,1713067200,2024-04-14 00:00:00+00:00,0.54,0.47,0.54,0.47,0.508,0.57,0.48,0.68,50.0,5330.0
kalshi:BTCMAXY-24DEC31-90000,BTCMAXY-24DEC31-90000,KXBTCMAXY,1713153600,2024-04-15 00:00:00+00:00,,,,,,0.47,0.48,0.68,0.0,5330.0
kalshi:BTCMAXY-24DEC31-90000,BTCMAXY-24DEC31-90000,KXBTCMAXY,1713240000,2024-04-16 00:00:00+00:00,0.49,0.49,0.52,0.52,0.4994,0.47,0.49,0.59,253.0,5315.0
kalshi:BTCMAXY-24DEC31-90000,BTCMAXY-24DEC31-90000,KXBTCMAXY,1713326400,2024-04-17 00:00:00+00:00,0.49,0.48,0.49,0.49,0.4893,0.52,0.43,0.51,561.0,5764.0
kalshi:BTCMAXY-24DEC31-90000,BTCMAXY-24DEC31-90000,KXBTCMAXY,1713412800,2024-04-18 00:00:00+00:00,0.47,0.47,0.48,0.48,0.4771,0.49,0.43,0.51,172.0,5764.0
kalshi:BTCMAXY-24DEC31-90000,BTCMAXY-24DEC31-90000,KXBTCMAXY,1713499200,2024-04-19 00:00:00+00:00,0.44,0.42,0.46,0.46,0.4342,0.48,0.42,0.47,627.0,6323.0
kalshi:BTCMAXY-24DEC31-90000,BTCMAXY-24DEC31-90000,KXBTCMAXY,1713585600,2024-04-20 00:00:00+00:00,0.47,0.42,0.47,0.43,0.4558,0.46,0.43,0.46,841.0,6597.0
kalshi:BTCMAXY-24DEC31-90000,BTCMAXY-24DEC31-90000,KXBTCMAXY,1713672000,2024-04-21 00:00:00+00:00,0.46,0.42,0.47,0.42,0.4402,0.43,0.42,0.46,263.0,6597.0
kalshi:BTCMAXY-24DEC31-90000,BTCMAXY-24DEC31-90000,KXBTCMAXY,1713758400,2024-04-22 00:00:00+00:00,0.42,0.42,0.47,0.47,0.4315,0.42,0.43,0.47,78.0,6655.0
kalshi:BTCMAXY-24DEC31-90000,BTCMAXY-24DEC31-90000,KXBTCMAXY,1713844800,2024-04-23 00:00:00+00:00,0.46,0.43,0.48,0.47,0.437,0.47,0.41,0.47,611.0,7246.0
kalshi:BTCMAXY-24DEC31-90000,BTCMAXY-24DEC31-90000,KXBTCMAXY,1713931200,2024-04-24 00:00:00+00:00,0.42,0.42,0.44,0.44,0.4224,0.47,0.43,0.44,51.0,7247.0
kalshi:BTCMAXY-24DEC31-90000,BTCMAXY-24DEC31-90000,KXBTCMAXY,1714017600,2024-04-25 00:00:00+00:00,0.44,0.43,0.47,0.46,0.4406,0.44,0.42,0.46,756.0,8003.0
kalshi:BTCMAXY-24DEC31-90000,BTCMAXY-24DEC31-90000,KXBTCMAXY,1714104000,2024-04-26 00:00:00+00:00,0.46,0.46,0.49,0.49,0.464,0.46,0.35,0.51,360.0,8353.0
kalshi:BTCMAXY-24DEC31-90000,BTCMAXY-24DEC31-90000,KXBTCMAXY,1714190400,2024-04-27 00:00:00+00:00,0.46,0.44,0.46,0.44,0.4422,0.49,0.35,0.51,9.0,8362.0
kalshi:BTCMAXY-24DEC31-90000,BTCMAXY-24DEC31-90000,KXBTCMAXY,1714276800,2024-04-28 00:00:00+00:00,,,,,,0.44,0.35,0.51,0.0,8362.0
kalshi:BTCMAXY-24DEC31-90000,BTCMAXY-24DEC31-90000,KXBTCMAXY,1714363200,2024-04-29 00:00:00+00:00,0.46,0.46,0.48,0.48,0.4791,0.44,0.35,0.51,420.0,8379.0
kalshi:BTCMAXY-24DEC31-90000,BTCMAXY-24DEC31-90000,KXBTCMAXY,1714449600,2024-04-30 00:00:00+00:00,0.44,0.44,0.44,0.44,0.44,0.48,0.4,0.49,150.0,8529.0
kalshi:BTCMAXY-24DEC31-90000,BTCMAXY-24DEC31-90000,KXBTCMAXY,1714536000,2024-05-01 00:00:00+00:00,0.4,0.4,0.4,0.4,0.4,0.44,0.4,0.43,145.0,8674.0
kalshi:BTCMAXY-24DEC31-90000,BTCMAXY-24DEC31-90000,KXBTCMAXY,1714622400,2024-05-02 00:00:00+00:00,0.4,0.35,0.41,0.4,0.3881,0.4,0.15,0.43,2302.0,7714.0
kalshi:BTCMAXY-24DEC31-90000,BTCMAXY-24DEC31-90000,KXBTCMAXY,1714708800,2024-05-03 00:00:00+00:00,0.36,0.36,0.37,0.37,0.3675,0.4,0.37,0.43,102.0,7739.0
kalshi:BTCMAXY-24DEC31-90000,BTCMAXY-24DEC31-90000,KXBTCMAXY,1714795200,2024-05-04 00:00:00+00:00,0.43,0.42,0.43,0.42,0.4223,0.37,0.37,0.49,108.0,7847.0
kalshi:BTCMAXY-24DEC31-90000,BTCMAXY-24DEC31-90000,KXBTCMAXY,1714881600,2024-05-05 00:00:00+00:00,0.49,0.49,0.49,0.49,0.49,0.42,0.37,0.51,197.0,7855.0
kalshi:BTCMAXY-24DEC31-90000,BTCMAXY-24DEC31-90000,KXBTCMAXY,1714968000,2024-05-06 00:00:00+00:00,0.48,0.47,0.48,0.47,0.4722,0.49,0.37,0.51,45.0,7900.0
kalshi:BTCMAXY-24DEC31-90000,BTCMAXY-24DEC31-90000,KXBTCMAXY,1715054400,2024-05-07 00:00:00+00:00,0.45,0.45,0.45,0.45,0.45,0.47,0.37,0.5,43.0,7943.0
kalshi:BTCMAXY-24DEC31-90000,BTCMAXY-24DEC31-90000,KXBTCMAXY,1715140800,2024-05-08 00:00:00+00:00,0.43,0.43,0.43,0.43,0.43,0.45,0.37,0.47,8.0,7951.0
kalshi:BTCMAXY-24DEC31-90000,BTCMAXY-24DEC31-90000,KXBTCMAXY,1715227200,2024-05-09 00:00:00+00:00,0.43,0.43,0.43,0.43,0.43,0.43,0.37,0.45,37.0,7988.0
kalshi:BTCMAXY-24DEC31-90000,BTCMAXY-24DEC31-90000,KXBTCMAXY,1715313600,2024-05-10 00:00:00+00:00,0.42,0.42,0.45,0.44,0.4384,0.43,0.37,0.46,38.0,8026.0
kalshi:BTCMAXY-24DEC31-90000,BTCMAXY-24DEC31-90000,KXBTCMAXY,1715400000,2024-05-11 00:00:00+00:00,0.4,0.39,0.4,0.39,0.3914,0.44,0.34,0.46,178.0,8001.0
kalshi:BTCMAXY-24DEC31-90000,BTCMAXY-24DEC31-90000,KXBTCMAXY,1715486400,2024-05-12 00:00:00+00:00,,,,,,0.39,0.15,0.46,0.0,8001.0
kalshi:BTCMAXY-24DEC31-90000,BTCMAXY-24DEC31-90000,KXBTCMAXY,1715572800,2024-05-13 00:00:00+00:00,,,,,,0.39,0.39,0.46,0.0,8001.0
kalshi:BTCMAXY-24DEC31-90000,BTCMAXY-24DEC31-90000,KXBTCMAXY,1715659200,2024-05-14 00:00:00+00:00,,,,,,0.39,0.44,0.46,0.0,8001.0
kalshi:BTCMAXY-24DEC31-90000,BTCMAXY-24DEC31-90000,KXBTCMAXY,1715745600,2024-05-15 00:00:00+00:00,0.44,0.4,0.44,0.42,0.4108,0.39,0.38,0.43,777.0,8376.0
kalshi:BTCMAXY-24DEC31-90000,BTCMAXY-24DEC31-90000,KXBTCMAXY,1715832000,2024-05-16 00:00:00+00:00,0.43,0.43,0.5,0.49,0.4693,0.42,0.43,0.51,1048.0,9424.0
kalshi:BTCMAXY-24DEC31-90000,BTCMAXY-24DEC31-90000,KXBTCMAXY,1715918400,2024-05-17 00:00:00+00:00,0.46,0.46,0.46,0.46,0.46,0.49,0.4,0.5,21.0,9445.0
kalshi:BTCMAXY-24DEC31-90000,BTCMAXY-24DEC31-90000,KXBTCMAXY,1716004800,2024-05-18 00:00:00+00:00,0.4,0.4,0.52,0.51,0.5145,0.46,0.38,0.54,692.0,10121.0
kalshi:BTCMAXY-24DEC31-90000,BTCMAXY-24DEC31-90000,KXBTCMAXY,1716091200,2024-05-19 00:00:00+00:00,,,,,,0.51,0.38,0.55,0.0,10121.0
kalshi:BTCMAXY-24DEC31-90000,BTCMAXY-24DEC31-90000,KXBTCMAXY,1716177600,2024-05-20 00:00:00+00:00,0.51,0.49,0.55,0.49,0.4949,0.51,0.38,0.55,67.0,10185.0
kalshi:BTCMAXY-24DEC31-90000,BTCMAXY-24DEC31-90000,KXBTCMAXY,1716264000,2024-05-21 00:00:00+00:00,0.5,0.5,0.64,0.64,0.5627,0.49,0.38,0.68,328.0,10444.0
kalshi:BTCMAXY-24DEC31-90000,BTCMAXY-24DEC31-90000,KXBTCMAXY,1716350400,2024-05-22 00:00:00+00:00,0.6,0.55,0.6,0.55,0.5604,0.64,0.38,0.58,24.0,10464.0
kalshi:BTCMAXY-24DEC31-90000,BTCMAXY-24DEC31-90000,KXBTCMAXY,1716436800,2024-05-23 00:00:00+00:00,,,,,,0.55,0.38,0.68,0.0,10464.0
kalshi:BTCMAXY-24DEC31-90000,BTCMAXY-24DEC31-90000,KXBTCMAXY,1716523200,2024-05-24 00:00:00+00:00,,,,,,0.55,0.38,0.53,0.0,10464.0
kalshi:BTCMAXY-24DEC31-90000,BTCMAXY-24DEC31-90000,KXBTCMAXY,1716609600,2024-05-25 00:00:00+00:00,0.52,0.51,0.53,0.52,0.5211,0.55,0.38,0.55,94.0,10544.0
kalshi:BTCMAXY-24DEC31-90000,BTCMAXY-24DEC31-90000,KXBTCMAXY,1716696000,2024-05-26 00:00:00+00:00,0.53,0.53,0.53,0.53,0.53,0.52,0.38,0.55,3000.0,13544.0
kalshi:BTCMAXY-24DEC31-90000,BTCMAXY-24DEC31-90000,KXBTCMAXY,1716782400,2024-05-27 00:00:00+00:00,,,,,,0.53,0.38,0.55,0.0,13544.0
kalshi:BTCMAXY-24DEC31-90000,BTCMAXY-24DEC31-90000,KXBTCMAXY,1716868800,2024-05-28 00:00:00+00:00,0.55,0.51,0.55,0.51,0.5303,0.53,0.38,0.68,80.0,13624.0
kalshi:BTCMAXY-24DEC31-90000,BTCMAXY-24DEC31-90000,KXBTCMAXY,1716955200,2024-05-29 00:00:00+00:00,0.49,0.49,0.52,0.52,0.508,0.51,0.48,0.53,25.0,13649.0
kalshi:BTCMAXY-24DEC31-90000,BTCMAXY-24DEC31-90000,KXBTCMAXY,1717041600,2024-05-30 00:00:00+00:00,0.49,0.49,0.54,0.54,0.4973,0.52,0.38,0.68,117.0,13749.0
kalshi:BTCMAXY-24DEC31-90000,BTCMAXY-24DEC31-90000,KXBTCMAXY,1717128000,2024-05-31 00:00:00+00:00,,,,,,0.54,0.38,0.68,0.0,13749.0
kalshi:BTCMAXY-24DEC31-90000,BTCMAXY-24DEC31-90000,KXBTCMAXY,1717214400,2024-06-01 00:00:00+00:00,0.53,0.48,0.53,0.48,0.4811,0.54,0.38,0.48,4109.0,17733.0
kalshi:BTCMAXY-24DEC31-90000,BTCMAXY-24DEC31-90000,KXBTCMAXY,1717300800,2024-06-02 00:00:00+00:00,0.44,0.41,0.5,0.41,0.4329,0.48,0.38,0.49,158.0,17852.0
kalshi:BTCMAXY-24DEC31-90000,BTCMAXY-24DEC31-90000,KXBTCMAXY,1717387200,2024-06-03 00:00:00+00:00,,,,,,0.41,0.34,0.49,0.0,17852.0
kalshi:BTCMAXY-24DEC31-90000,BTCMAXY-24DEC31-90000,KXBTCMAXY,1717473600,2024-06-04 00:00:00+00:00,0.49,0.44,0.51,0.44,0.476,0.41,0.34,0.5,1143.0,18858.0
kalshi:BTCMAXY-24DEC31-90000,BTCMAXY-24DEC31-90000,KXBTCMAXY,1717560000,2024-06-05 00:00:00+00:00,0.48,0.48,0.5,0.5,0.4947,0.44,0.45,0.99,68.0,18926.0
kalshi:BTCMAXY-24DEC31-90000,BTCMAXY-24DEC31-90000,KXBTCMAXY,1717646400,2024-06-06 00:00:00+00:00,0.48,0.48,0.48,0.48,0.48,0.5,0.45,0.57,10.0,18936.0
kalshi:BTCMAXY-24DEC31-90000,BTCMAXY-24DEC31-90000,KXBTCMAXY,1717732800,2024-06-07 00:00:00+00:00,0.42,0.42,0.42,0.42,0.42,0.48,0.34,0.46,1.0,18937.0
kalshi:BTCMAXY-24DEC31-90000,BTCMAXY-24DEC31-90000,KXBTCMAXY,1717819200,2024-06-08 00:00:00+00:00,0.46,0.44,0.47,0.44,0.4676,0.42,0.34,0.48,989.0,18082.0
kalshi:BTCMAXY-24DEC31-90000,BTCMAXY-24DEC31-90000,KXBTCMAXY,1717905600,2024-06-09 00:00:00+00:00,,,,,,0.44,0.4,0.44,0.0,18082.0
kalshi:BTCMAXY-24DEC31-90000,BTCMAXY-24DEC31-90000,KXBTCMAXY,1717992000,2024-06-10 00:00:00+00:00,0.44,0.44,0.44,0.44,0.44,0.44,0.41,0.48,219.0,18082.0
kalshi:BTCMAXY-24DEC31-90000,BTCMAXY-24DEC31-90000,KXBTCMAXY,1718078400,2024-06-11 00:00:00+00:00,0.46,0.41,0.46,0.43,0.4343,0.44,0.25,0.51,233.0,17982.0
kalshi:BTCMAXY-24DEC31-90000,BTCMAXY-24DEC31-90000,KXBTCMAXY,1718164800,2024-06-12 00:00:00+00:00,0.39,0.38,0.43,0.43,0.398,0.43,0.25,0.43,309.0,17995.0
kalshi:BTCMAXY-24DEC31-90000,BTCMAXY-24DEC31-90000,KXBTCMAXY,1718251200,2024-06-13 00:00:00+00:00,0.43,0.41,0.49,0.45,0.4613,0.43,0.37,0.47,55.0,18015.0
kalshi:BTCMAXY-24DEC31-90000,BTCMAXY-24DEC31-90000,KXBTCMAXY,1718337600,2024-06-14 00:00:00+00:00,,,,,,0.45,0.25,0.44,0.0,18015.0
kalshi:BTCMAXY-24DEC31-90000,BTCMAXY-24DEC31-90000,KXBTCMAXY,1718424000,2024-06-15 00:00:00+00:00,0.39,0.39,0.39,0.39,0.39,0.45,0.25,0.46,1231.0,18015.0
kalshi:BTCMAXY-24DEC31-90000,BTCMAXY-24DEC31-90000,KXBTCMAXY,1718510400,2024-06-16 00:00:00+00:00,,,,,,0.39,0.25,0.47,0.0,18015.0
kalshi:BTCMAXY-24DEC31-90000,BTCMAXY-24DEC31-90000,KXBTCMAXY,1718596800,2024-06-17 00:00:00+00:00,0.36,0.36,0.36,0.36,0.36,0.39,0.3,0.43,88.0,18103.0
kalshi:BTCMAXY-24DEC31-90000,BTCMAXY-24DEC31-90000,KXBTCMAXY,1718683200,2024-06-18 00:00:00+00:00,0.25,0.25,0.25,0.25,0.25,0.36,0.32,0.42,13.0,18103.0
kalshi:BTCMAXY-24DEC31-90000,BTCMAXY-24DEC31-90000,KXBTCMAXY,1718769600,2024-06-19 00:00:00+00:00,0.25,0.25,0.25,0.25,0.25,0.25,0.25,0.42,6.0,18103.0
kalshi:BTCMAXY-24DEC31-90000,BTCMAXY-24DEC31-90000,KXBTCMAXY,1718856000,2024-06-20 00:00:00+00:00,,,,,,0.25,0.25,0.42,0.0,18103.0
kalshi:BTCMAXY-24DEC31-90000,BTCMAXY-24DEC31-90000,KXBTCMAXY,1718942400,2024-06-21 00:00:00+00:00,,,,,,0.25,0.19,0.42,0.0,18103.0
kalshi:BTCMAXY-24DEC31-90000,BTCMAXY-24DEC31-90000,KXBTCMAXY,1719028800,2024-06-22 00:00:00+00:00,0.35,0.35,0.35,0.35,0.35,0.25,0.29,0.42,27.0,18103.0
kalshi:BTCMAXY-24DEC31-90000,BTCMAXY-24DEC31-90000,KXBTCMAXY,1719115200,2024-06-23 00:00:00+00:00,,,,,,0.35,0.29,0.42,0.0,18103.0
kalshi:BTCMAXY-24DEC31-90000,BTCMAXY-24DEC31-90000,KXBTCMAXY,1719201600,2024-06-24 00:00:00+00:00,,,,,,0.35,0.23,0.42,0.0,18103.0
kalshi:BTCMAXY-24DEC31-90000,BTCMAXY-24DEC31-90000,KXBTCMAXY,1719288000,2024-06-25 00:00:00+00:00,,,,,,0.35,0.23,0.42,0.0,18103.0
kalshi:BTCMAXY-24DEC31-90000,BTCMAXY-24DEC31-90000,KXBTCMAXY,1719374400,2024-06-26 00:00:00+00:00,,,,,,0.35,0.23,0.36,0.0,18103.0
kalshi:BTCMAXY-24DEC31-90000,BTCMAXY-24DEC31-90000,KXBTCMAXY,1719460800,2024-06-27 00:00:00+00:00,0.23,0.23,0.29,0.29,0.2382,0.35,0.23,0.42,73.0,18093.0
kalshi:BTCMAXY-24DEC31-90000,BTCMAXY-24DEC31-90000,KXBTCMAXY,1719547200,2024-06-28 00:00:00+00:00,0.32,0.25,0.32,0.25,0.2979,0.29,0.23,0.42,352.0,17893.0
kalshi:BTCMAXY-24DEC31-90000,BTCMAXY-24DEC31-90000,KXBTCMAXY,1719633600,2024-06-29 00:00:00+00:00,,,,,,0.25,0.23,0.34,0.0,17893.0
kalshi:BTCMAXY-24DEC31-90000,BTCMAXY-24DEC31-90000,KXBTCMAXY,1719720000,2024-06-30 00:00:00+00:00,,,,,,0.25,0.23,0.42,0.0,17893.0
kalshi:BTCMAXY-24DEC31-90000,BTCMAXY-24DEC31-90000,KXBTCMAXY,1719806400,2024-07-01 00:00:00+00:00,,,,,,0.25,0.23,0.38,0.0,17893.0
kalshi:BTCMAXY-24DEC31-90000,BTCMAXY-24DEC31-90000,KXBTCMAXY,1719892800,2024-07-02 00:00:00+00:00,,,,,,0.25,0.28,0.32,0.0,17893.0
kalshi:BTCMAXY-24DEC31-90000,BTCMAXY-24DEC31-90000,KXBTCMAXY,1719979200,2024-07-03 00:00:00+00:00,,,,,,0.25,0.28,0.32,0.0,17893.0
kalshi:BTCMAXY-24DEC31-90000,BTCMAXY-24DEC31-90000,KXBTCMAXY,1720065600,2024-07-04 00:00:00+00:00,0.28,0.22,0.28,0.22,0.2221,0.25,0.2,0.27,683.0,17889.0
kalshi:BTCMAXY-24DEC31-90000,BTCMAXY-24DEC31-90000,KXBTCMAXY,1720152000,2024-07-05 00:00:00+00:00,0.19,0.19,0.19,0.19,0.19,0.22,0.15,0.3,3.0,17892.0
kalshi:BTCMAXY-24DEC31-90000,BTCMAXY-24DEC31-90000,KXBTCMAXY,1720238400,2024-07-06 00:00:00+00:00,0.29,0.2,0.29,0.23,0.241,0.19,0.15,0.26,530.0,18006.0
kalshi:BTCMAXY-24DEC31-90000,BTCMAXY-24DEC31-90000,KXBTCMAXY,1720324800,2024-07-07 00:00:00+00:00,,,,,,0.23,0.15,0.29,0.0,18006.0
kalshi:BTCMAXY-24DEC31-90000,BTCMAXY-24DEC31-90000,KXBTCMAXY,1720411200,2024-07-08 00:00:00+00:00,,,,,,0.23,0.15,0.21,0.0,18006.0
kalshi:BTCMAXY-24DEC31-90000,BTCMAXY-24DEC31-90000,KXBTCMAXY,1720497600,2024-07-09 00:00:00+00:00,0.15,0.12,0.15,0.12,0.1461,0.23,0.12,0.23,38.0,18026.0
kalshi:BTCMAXY-24DEC31-90000,BTCMAXY-24DEC31-90000,KXBTCMAXY,1720584000,2024-07-10 00:00:00+00:00,0.16,0.16,0.16,0.16,0.16,0.12,0.14,0.29,10.0,18026.0
kalshi:BTCMAXY-24DEC31-90000,BTCMAXY-24DEC31-90000,KXBTCMAXY,1720670400,2024-07-11 00:00:00+00:00,,,,,,0.16,0.12,0.29,0.0,18026.0
kalshi:BTCMAXY-24DEC31-90000,BTCMAXY-24DEC31-90000,KXBTCMAXY,1720756800,2024-07-12 00:00:00+00:00,0.25,0.15,0.27,0.15,0.2562,0.16,0.12,0.25,58.0,18031.0
kalshi:BTCMAXY-24DEC31-90000,BTCMAXY-24DEC31-90000,KXBTCMAXY,1720843200,2024-07-13 00:00:00+00:00,0.25,0.25,0.27,0.27,0.2538,0.15,0.12,0.29,37.0,18061.0
kalshi:BTCMAXY-24DEC31-90000,BTCMAXY-24DEC31-90000,KXBTCMAXY,1720929600,2024-07-14 00:00:00+00:00,,,,,,0.27,0.12,0.28,0.0,18061.0
kalshi:BTCMAXY-24DEC31-90000,BTCMAXY-24DEC31-90000,KXBTCMAXY,1721016000,2024-07-15 00:00:00+00:00,0.18,0.18,0.18,0.18,0.18,0.27,0.16,0.28,1.0,18062.0
kalshi:BTCMAXY-24DEC31-90000,BTCMAXY-24DEC31-90000,KXBTCMAXY,1721102400,2024-07-16 00:00:00+00:00,0.28,0.26,0.29,0.28,0.2861,0.18,0.28,0.29,185.0,18237.0
kalshi:BTCMAXY-24DEC31-90000,BTCMAXY-24DEC31-90000,KXBTCMAXY,1721188800,2024-07-17 00:00:00+00:00,0.29,0.29,0.29,0.29,0.29,0.28,0.3,0.32,244.0,18481.0
kalshi:BTCMAXY-24DEC31-90000,BTCMAXY-24DEC31-90000,KXBTCMAXY,1721275200,2024-07-18 00:00:00+00:00,0.32,0.32,0.36,0.36,0.331,0.29,0.3,0.42,290.0,18760.0
kalshi:BTCMAXY-24DEC31-90000,BTCMAXY-24DEC31-90000,KXBTCMAXY,1721361600,2024-07-19 00:00:00+00:00,0.28,0.28,0.28,0.28,0.28,0.36,0.28,0.42,34.0,18770.0
kalshi:BTCMAXY-24DEC31-90000,BTCMAXY-24DEC31-90000,KXBTCMAXY,1721448000,2024-07-20 00:00:00+00:00,0.33,0.33,0.43,0.4,0.3771,0.28,0.33,0.43,705.0,18780.0
kalshi:BTCMAXY-24DEC31-90000,BTCMAXY-24DEC31-90000,KXBTCMAXY,1721534400,2024-07-21 00:00:00+00:00,0.43,0.36,0.46,0.36,0.4359,0.4,0.35,0.45,768.0,19248.0
kalshi:BTCMAXY-24DEC31-90000,BTCMAXY-24DEC31-90000,KXBTCMAXY,1721620800,2024-07-22 00:00:00+00:00,,,,,,0.36,0.35,0.45,0.0,19248.0
kalshi:BTCMAXY-24DEC31-90000,BTCMAXY-24DEC31-90000,KXBTCMAXY,1721707200,2024-07-23 00:00:00+00:00,,,,,,0.36,0.4,0.45,0.0,19248.0
kalshi:BTCMAXY-24DEC31-90000,BTCMAXY-24DEC31-90000,KXBTCMAXY,1721793600,2024-07-24 00:00:00+00:00,0.4,0.38,0.43,0.38,0.3998,0.36,0.37,0.45,232.0,19316.0
kalshi:BTCMAXY-24DEC31-90000,BTCMAXY-24DEC31-90000,KXBTCMAXY,1721880000,2024-07-25 00:00:00+00:00,0.41,0.41,0.44,0.41,0.4103,0.38,0.35,0.44,7076.0,12240.0
kalshi:BTCMAXY-24DEC31-90000,BTCMAXY-24DEC31-90000,KXBTCMAXY,1721966400,2024-07-26 00:00:00+00:00,0.35,0.35,0.35,0.35,0.35,0.41,0.35,0.4,70.0,12260.0
kalshi:BTCMAXY-24DEC31-90000,BTCMAXY-24DEC31-90000,KXBTCMAXY,1722052800,2024-07-27 00:00:00+00:00,,,,,,0.35,0.35,0.4,0.0,12260.0
kalshi:BTCMAXY-24DEC31-90000,BTCMAXY-24DEC31-90000,KXBTCMAXY,1722139200,2024-07-28 00:00:00+00:00,0.39,0.37,0.45,0.4,0.3929,0.35,0.36,0.47,414.0,12537.0
kalshi:BTCMAXY-24DEC31-90000,BTCMAXY-24DEC31-90000,KXBTCMAXY,1722225600,2024-07-29 00:00:00+00:00,0.46,0.46,0.46,0.46,0.46,0.4,0.36,0.45,4.0,12541.0
kalshi:BTCMAXY-24DEC31-90000,BTCMAXY-24DEC31-90000,KXBTCMAXY,1722312000,2024-07-30 00:00:00+00:00,0.36,0.36,0.45,0.45,0.4038,0.46,0.36,0.45,78.0,12513.0
kalshi:BTCMAXY-24DEC31-90000,BTCMAXY-24DEC31-90000,KXBTCMAXY,1722398400,2024-07-31 00:00:00+00:00,0.43,0.36,0.43,0.36,0.3841,0.45,0.36,0.43,58.0,12533.0
kalshi:BTCMAXY-24DEC31-90000,BTCMAXY-24DEC31-90000,KXBTCMAXY,1722484800,2024-08-01 00:00:00+00:00,0.43,0.43,0.43,0.43,0.43,0.36,0.35,0.43,35.0,12568.0
kalshi:BTCMAXY-24DEC31-90000,BTCMAXY-24DEC31-90000,KXBTCMAXY,1722571200,2024-08-02 00:00:00+00:00,0.33,0.26,0.33,0.26,0.285,0.43,0.25,0.39,2056.0,14509.0
kalshi:BTCMAXY-24DEC31-90000,BTCMAXY-24DEC31-90000,KXBTCMAXY,1722657600,2024-08-03 00:00:00+00:00,,,,,,0.26,0.35,0.39,0.0,14509.0
kalshi:BTCMAXY-24DEC31-90000,BTCMAXY-24DEC31-90000,KXBTCMAXY,1722744000,2024-08-04 00:00:00+00:00,0.35,0.22,0.35,0.22,0.2249,0.26,0.2,0.38,334.0,14838.0
kalshi:BTCMAXY-24DEC31-90000,BTCMAXY-24DEC31-90000,KXBTCMAXY,1722830400,2024-08-05 00:00:00+00:00,0.32,0.32,0.32,0.32,0.32,0.22,0.2,0.32,1.0,14839.0
kalshi:BTCMAXY-24DEC31-90000,BTCMAXY-24DEC31-90000,KXBTCMAXY,1722916800,2024-08-06 00:00:00+00:00,0.32,0.14,0.32,0.31,0.3166,0.32,0.2,0.31,612.0,15099.0
kalshi:BTCMAXY-24DEC31-90000,BTCMAXY-24DEC31-90000,KXBTCMAXY,1723003200,2024-08-07 00:00:00+00:00,0.28,0.16,0.28,0.19,0.2035,0.31,0.15,0.31,2700.0,17799.0
kalshi:BTCMAXY-24DEC31-90000,BTCMAXY-24DEC31-90000,KXBTCMAXY,1723089600,2024-08-08 00:00:00+00:00,0.13,0.13,0.13,0.13,0.13,0.19,0.15,0.31,50.0,17849.0
kalshi:BTCMAXY-24DEC31-90000,BTCMAXY-24DEC31-90000,KXBTCMAXY,1723176000,2024-08-09 00:00:00+00:00,0.21,0.2,0.25,0.25,0.2128,0.13,0.24,0.33,412.0,18201.0
kalshi:BTCMAXY-24DEC31-90000,BTCMAXY-24DEC31-90000,KXBTCMAXY,1723262400,2024-08-10 00:00:00+00:00,0.2,0.19,0.2,0.19,0.1927,0.25,0.17,0.34,183.0,18384.0
kalshi:BTCMAXY-24DEC31-90000,BTCMAXY-24DEC31-90000,KXBTCMAXY,1723348800,2024-08-11 00:00:00+00:00,0.19,0.19,0.19,0.19,0.19,0.19,0.15,0.34,250.0,18634.0
kalshi:BTCMAXY-24DEC31-90000,BTCMAXY-24DEC31-90000,KXBTCMAXY,1723435200,2024-08-12 00:00:00+00:00,,,,,,0.19,0.15,0.34,0.0,18634.0
kalshi:BTCMAXY-24DEC31-90000,BTCMAXY-24DEC31-90000,KXBTCMAXY,1723521600,2024-08-13 00:00:00+00:00,0.15,0.15,0.15,0.15,0.15,0.19,0.16,0.4,25.0,18634.0
kalshi:BTCMAXY-24DEC31-90000,BTCMAXY-24DEC31-90000,KXBTCMAXY,1723608000,2024-08-14 00:00:00+00:00,,,,,,0.15,0.16,0.17,0.0,18634.0
kalshi:BTCMAXY-24DEC31-90000,BTCMAXY-24DEC31-90000,KXBTCMAXY,1723694400,2024-08-15 00:00:00+00:00,0.16,0.16,0.17,0.17,0.1658,0.15,0.17,0.18,24.0,18658.0
kalshi:BTCMAXY-24DEC31-90000,BTCMAXY-24DEC31-90000,KXBTCMAXY,1723780800,2024-08-16 00:00:00+00:00,0.18,0.18,0.2,0.2,0.1962,0.17,0.17,0.21,181.0,18839.0
kalshi:BTCMAXY-24DEC31-90000,BTCMAXY-24DEC31-90000,KXBTCMAXY,1723867200,2024-08-17 00:00:00+00:00,,,,,,0.2,0.17,0.26,0.0,18839.0
kalshi:BTCMAXY-24DEC31-90000,BTCMAXY-24DEC31-90000,KXBTCMAXY,1723953600,2024-08-18 00:00:00+00:00,0.17,0.15,0.17,0.15,0.1519,0.2,0.16,0.25,318.0,18865.0
kalshi:BTCMAXY-24DEC31-90000,BTCMAXY-24DEC31-90000,KXBTCMAXY,1724040000,2024-08-19 00:00:00+00:00,0.16,0.16,0.25,0.25,0.2012,0.15,0.16,0.25,83.0,18948.0
kalshi:BTCMAXY-24DEC31-90000,BTCMAXY-24DEC31-90000,KXBTCMAXY,1724126400,2024-08-20 00:00:00+00:00,0.25,0.25,0.25,0.25,0.25,0.25,0.17,0.25,20.0,18968.0
kalshi:BTCMAXY-24DEC31-90000,BTCMAXY-24DEC31-90000,KXBTCMAXY,1724212800,2024-08-21 00:00:00+00:00,,,,,,0.25,0.16,0.25,0.0,18968.0
kalshi:BTCMAXY-24DEC31-90000,BTCMAXY-24DEC31-90000,KXBTCMAXY,1724299200,2024-08-22 00:00:00+00:00,0.16,0.16,0.25,0.25,0.1696,0.25,0.16,0.22,131.0,19085.0
kalshi:BTCMAXY-24DEC31-90000,BTCMAXY-24DEC31-90000,KXBTCMAXY,1724385600,2024-08-23 00:00:00+00:00,,,,,,0.25,0.16,0.22,0.0,19085.0
kalshi:BTCMAXY-24DEC31-90000,BTCMAXY-24DEC31-90000,KXBTCMAXY,1724472000,2024-08-24 00:00:00+00:00,0.22,0.21,0.25,0.21,0.2169,0.25,0.15,0.26,1029.0,20114.0
kalshi:BTCMAXY-24DEC31-90000,BTCMAXY-24DEC31-90000,KXBTCMAXY,1724558400,2024-08-25 00:00:00+00:00,,,,,,0.21,0.16,0.25,0.0,20114.0
kalshi:BTCMAXY-24DEC31-90000,BTCMAXY-24DEC31-90000,KXBTCMAXY,1724644800,2024-08-26 00:00:00+00:00,0.16,0.16,0.16,0.16,0.16,0.21,0.16,0.2,3.0,20111.0
kalshi:BTCMAXY-24DEC31-90000,BTCMAXY-24DEC31-90000,KXBTCMAXY,1724731200,2024-08-27 00:00:00+00:00,,,,,,0.16,0.15,0.28,0.0,20111.0
kalshi:BTCMAXY-24DEC31-90000,BTCMAXY-24DEC31-90000,KXBTCMAXY,1724904000,2024-08-29 00:00:00+00:00,0.15,0.15,0.25,0.25,0.2292,0.16,0.15,0.25,48.0,20149.0
kalshi:BTCMAXY-24DEC31-90000,BTCMAXY-24DEC31-90000,KXBTCMAXY,1724990400,2024-08-30 00:00:00+00:00,,,,,,0.25,0.17,0.25,0.0,20149.0
kalshi:BTCMAXY-24DEC31-90000,BTCMAXY-24DEC31-90000,KXBTCMAXY,1725076800,2024-08-31 00:00:00+00:00,0.17,0.17,0.17,0.17,0.17,0.25,0.16,0.25,75.0,20149.0
kalshi:BTCMAXY-24DEC31-90000,BTCMAXY-24DEC31-90000,KXBTCMAXY,1725163200,2024-09-01 00:00:00+00:00,,,,,,0.17,0.16,0.25,0.0,20149.0
kalshi:BTCMAXY-24DEC31-90000,BTCMAXY-24DEC31-90000,KXBTCMAXY,1725249600,2024-09-02 00:00:00+00:00,,,,,,0.17,0.16,0.24,0.0,20149.0
kalshi:BTCMAXY-24DEC31-90000,BTCMAXY-24DEC31-90000,KXBTCMAXY,1725336000,2024-09-03 00:00:00+00:00,,,,,,0.17,0.15,0.23,0.0,20149.0
kalshi:BTCMAXY-24DEC31-90000,BTCMAXY-24DEC31-90000,KXBTCMAXY,1725508800,2024-09-05 00:00:00+00:00,0.23,0.11,0.24,0.11,0.1667,0.17,0.11,0.24,181.0,20262.0
kalshi:BTCMAXY-24DEC31-90000,BTCMAXY-24DEC31-90000,KXBTCMAXY,1725595200,2024-09-06 00:00:00+00:00,0.24,0.24,0.24,0.24,0.24,0.11,0.13,0.22,39.0,20301.0
kalshi:BTCMAXY-24DEC31-90000,BTCMAXY-24DEC31-90000,KXBTCMAXY,1725681600,2024-09-07 00:00:00+00:00,0.13,0.13,0.2,0.2,0.16,0.24,0.13,0.2,58.0,20301.0
kalshi:BTCMAXY-24DEC31-90000,BTCMAXY-24DEC31-90000,KXBTCMAXY,1725768000,2024-09-08 00:00:00+00:00,,,,,,0.2,0.15,0.2,0.0,20301.0
kalshi:BTCMAXY-24DEC31-90000,BTCMAXY-24DEC31-90000,KXBTCMAXY,1725854400,2024-09-09 00:00:00+00:00,0.15,0.15,0.25,0.25,0.1869,0.2,0.16,0.24,65.0,20285.0
kalshi:BTCMAXY-24DEC31-90000,BTCMAXY-24DEC31-90000,KXBTCMAXY,1725940800,2024-09-10 00:00:00+00:00,,,,,,0.25,0.15,0.23,0.0,20285.0
kalshi:BTCMAXY-24DEC31-90000,BTCMAXY-24DEC31-90000,KXBTCMAXY,1726027200,2024-09-11 00:00:00+00:00,,,,,,0.25,0.15,0.22,0.0,20285.0
kalshi:BTCMAXY-24DEC31-90000,BTCMAXY-24DEC31-90000,KXBTCMAXY,1726113600,2024-09-12 00:00:00+00:00,0.15,0.15,0.15,0.15,0.15,0.25,0.15,0.22,1.0,20285.0
kalshi:BTCMAXY-24DEC31-90000,BTCMAXY-24DEC31-90000,KXBTCMAXY,1726200000,2024-09-13 00:00:00+00:00,0.15,0.15,0.16,0.16,0.1591,0.15,0.16,0.2,55.0,20285.0
kalshi:BTCMAXY-24DEC31-90000,BTCMAXY-24DEC31-90000,KXBTCMAXY,1726286400,2024-09-14 00:00:00+00:00,0.21,0.16,0.27,0.16,0.2198,0.16,0.16,0.24,293.0,20436.0
kalshi:BTCMAXY-24DEC31-90000,BTCMAXY-24DEC31-90000,KXBTCMAXY,1726372800,2024-09-15 00:00:00+00:00,,,,,,0.16,0.16,0.22,0.0,20436.0
kalshi:BTCMAXY-24DEC31-90000,BTCMAXY-24DEC31-90000,KXBTCMAXY,1726459200,2024-09-16 00:00:00+00:00,,,,,,0.16,0.16,0.2,0.0,20436.0
kalshi:BTCMAXY-24DEC31-90000,BTCMAXY-24DEC31-90000,KXBTCMAXY,1726545600,2024-09-17 00:00:00+00:00,0.2,0.18,0.2,0.18,0.1849,0.16,0.16,0.18,53.0,20428.0
kalshi:BTCMAXY-24DEC31-90000,BTCMAXY-24DEC31-90000,KXBTCMAXY,1726632000,2024-09-18 00:00:00+00:00,0.18,0.18,0.18,0.18,0.18,0.18,0.16,0.2,160.0,20428.0
kalshi:BTCMAXY-24DEC31-90000,BTCMAXY-24DEC31-90000,KXBTCMAXY,1726718400,2024-09-19 00:00:00+00:00,0.16,0.13,0.16,0.13,0.145,0.18,0.13,0.2,100.0,20458.0
kalshi:BTCMAXY-24DEC31-90000,BTCMAXY-24DEC31-90000,KXBTCMAXY,1726804800,2024-09-20 00:00:00+00:00,0.17,0.15,0.2,0.15,0.1656,0.13,0.14,0.2,800.0,21241.0
kalshi:BTCMAXY-24DEC31-90000,BTCMAXY-24DEC31-90000,KXBTCMAXY,1726891200,2024-09-21 00:00:00+00:00,0.21,0.21,0.21,0.21,0.21,0.15,0.15,0.22,693.0,21241.0
kalshi:BTCMAXY-24DEC31-90000,BTCMAXY-24DEC31-90000,KXBTCMAXY,1726977600,2024-09-22 00:00:00+00:00,0.15,0.15,0.15,0.15,0.15,0.21,0.15,0.21,3.0,21244.0
kalshi:BTCMAXY-24DEC31-90000,BTCMAXY-24DEC31-90000,KXBTCMAXY,1727064000,2024-09-23 00:00:00+00:00,0.15,0.15,0.15,0.15,0.15,0.15,0.15,0.21,59.0,21293.0
kalshi:BTCMAXY-24DEC31-90000,BTCMAXY-24DEC31-90000,KXBTCMAXY,1727150400,2024-09-24 00:00:00+00:00,,,,,,0.15,0.15,0.19,0.0,21293.0
kalshi:BTCMAXY-24DEC31-90000,BTCMAXY-24DEC31-90000,KXBTCMAXY,1727236800,2024-09-25 00:00:00+00:00,0.15,0.15,0.26,0.25,0.2268,0.15,0.17,0.28,2330.0,21960.0
kalshi:BTCMAXY-24DEC31-90000,BTCMAXY-24DEC31-90000,KXBTCMAXY,1727323200,2024-09-26 00:00:00+00:00,0.19,0.19,0.26,0.26,0.2221,0.25,0.19,0.28,1077.0,21960.0
kalshi:BTCMAXY-24DEC31-90000,BTCMAXY-24DEC31-90000,KXBTCMAXY,1727409600,2024-09-27 00:00:00+00:00,,,,,,0.26,0.19,0.21,0.0,21960.0
kalshi:BTCMAXY-24DEC31-90000,BTCMAXY-24DEC31-90000,KXBTCMAXY,1727496000,2024-09-28 00:00:00+00:00,0.21,0.17,0.25,0.2,0.2196,0.26,0.18,0.21,1693.0,21525.0
kalshi:BTCMAXY-24DEC31-90000,BTCMAXY-24DEC31-90000,KXBTCMAXY,1727582400,2024-09-29 00:00:00+00:00,0.18,0.15,0.18,0.15,0.1697,0.2,0.15,0.21,118.0,21547.0
kalshi:BTCMAXY-24DEC31-90000,BTCMAXY-24DEC31-90000,KXBTCMAXY,1727668800,2024-09-30 00:00:00+00:00,,,,,,0.15,0.15,0.18,0.0,21547.0
kalshi:BTCMAXY-24DEC31-90000,BTCMAXY-24DEC31-90000,KXBTCMAXY,1727755200,2024-10-01 00:00:00+00:00,0.14,0.13,0.15,0.13,0.1399,0.15,0.12,0.14,226.0,21547.0
kalshi:BTCMAXY-24DEC31-90000,BTCMAXY-24DEC31-90000,KXBTCMAXY,1727841600,2024-10-02 00:00:00+00:00,0.12,0.12,0.12,0.12,0.12,0.13,0.08,0.11,80.0,21587.0
kalshi:BTCMAXY-24DEC31-90000,BTCMAXY-24DEC31-90000,KXBTCMAXY,1727928000,2024-10-03 00:00:00+00:00,0.11,0.11,0.11,0.11,0.11,0.12,0.08,0.1,101.0,21637.0
kalshi:BTCMAXY-24DEC31-90000,BTCMAXY-24DEC31-90000,KXBTCMAXY,1728014400,2024-10-04 00:00:00+00:00,0.08,0.07,0.08,0.07,0.0727,0.11,0.06,0.1,94.0,21613.0
kalshi:BTCMAXY-24DEC31-90000,BTCMAXY-24DEC31-90000,KXBTCMAXY,1728100800,2024-10-05 00:00:00+00:00,0.1,0.1,0.1,0.1,0.1,0.07,0.1,0.12,10.0,21623.0
kalshi:BTCMAXY-24DEC31-90000,BTCMAXY-24DEC31-90000,KXBTCMAXY,1728187200,2024-10-06 00:00:00+00:00,,,,,,0.1,0.1,0.11,0.0,21623.0
kalshi:BTCMAXY-24DEC31-90000,BTCMAXY-24DEC31-90000,KXBTCMAXY,1728273600,2024-10-07 00:00:00+00:00,0.12,0.12,0.12,0.12,0.12,0.1,0.1,0.14,15.0,21623.0
kalshi:BTCMAXY-24DEC31-90000,BTCMAXY-24DEC31-90000,KXBTCMAXY,1728360000,2024-10-08 00:00:00+00:00,0.12,0.09,0.15,0.13,0.1283,0.12,0.1,0.12,1209.0,22330.0
kalshi:BTCMAXY-24DEC31-90000,BTCMAXY-24DEC31-90000,KXBTCMAXY,1728446400,2024-10-09 00:00:00+00:00,0.1,0.07,0.1,0.08,0.0839,0.13,0.06,0.11,335.0,22567.0
kalshi:BTCMAXY-24DEC31-90000,BTCMAXY-24DEC31-90000,KXBTCMAXY,1728532800,2024-10-10 00:00:00+00:00,,,,,,0.08,0.06,0.1,0.0,22567.0
kalshi:BTCMAXY-24DEC31-90000,BTCMAXY-24DEC31-90000,KXBTCMAXY,1728619200,2024-10-11 00:00:00+00:00,0.1,0.06,0.18,0.06,0.1029,0.08,0.06,0.08,298.0,22735.0
kalshi:BTCMAXY-24DEC31-90000,BTCMAXY-24DEC31-90000,KXBTCMAXY,1728705600,2024-10-12 00:00:00+00:00,0.08,0.07,0.13,0.13,0.1163,0.06,0.06,0.16,882.0,23509.0
kalshi:BTCMAXY-24DEC31-90000,BTCMAXY-24DEC31-90000,KXBTCMAXY,1728792000,2024-10-13 00:00:00+00:00,0.17,0.11,0.18,0.12,0.1246,0.13,0.07,0.13,498.0,23784.0
kalshi:BTCMAXY-24DEC31-90000,BTCMAXY-24DEC31-90000,KXBTCMAXY,1728878400,2024-10-14 00:00:00+00:00,,,,,,0.12,0.09,0.12,0.0,23784.0
kalshi:BTCMAXY-24DEC31-90000,BTCMAXY-24DEC31-90000,KXBTCMAXY,1728964800,2024-10-15 00:00:00+00:00,0.12,0.12,0.17,0.13,0.1443,0.12,0.12,0.16,449.0,23762.0
kalshi:BTCMAXY-24DEC31-90000,BTCMAXY-24DEC31-90000,KXBTCMAXY,1729051200,2024-10-16 00:00:00+00:00,0.16,0.13,0.19,0.19,0.166,0.13,0.15,0.19,578.0,23867.0
kalshi:BTCMAXY-24DEC31-90000,BTCMAXY-24DEC31-90000,KXBTCMAXY,1729137600,2024-10-17 00:00:00+00:00,0.16,0.15,0.24,0.21,0.2005,0.19,0.15,0.22,2001.0,24366.0
kalshi:BTCMAXY-24DEC31-90000,BTCMAXY-24DEC31-90000,KXBTCMAXY,1729224000,2024-10-18 00:00:00+00:00,0.24,0.16,0.36,0.16,0.2641,0.21,0.15,0.19,182.0,24474.0
kalshi:BTCMAXY-24DEC31-90000,BTCMAXY-24DEC31-90000,KXBTCMAXY,1729310400,2024-10-19 00:00:00+00:00,0.19,0.19,0.21,0.2,0.2078,0.16,0.2,0.21,742.0,24524.0
kalshi:BTCMAXY-24DEC31-90000,BTCMAXY-24DEC31-90000,KXBTCMAXY,1729396800,2024-10-20 00:00:00+00:00,0.21,0.2,0.21,0.2,0.2083,0.2,0.18,0.21,1362.0,25650.0
kalshi:BTCMAXY-24DEC31-90000,BTCMAXY-24DEC31-90000,KXBTCMAXY,1729483200,2024-10-21 00:00:00+00:00,0.21,0.18,0.36,0.22,0.2063,0.2,0.19,0.22,458.0,25838.0
kalshi:BTCMAXY-24DEC31-90000,BTCMAXY-24DEC31-90000,KXBTCMAXY,1729569600,2024-10-22 00:00:00+00:00,0.2,0.17,0.2,0.19,0.187,0.22,0.17,0.19,922.0,25543.0
kalshi:BTCMAXY-24DEC31-90000,BTCMAXY-24DEC31-90000,KXBTCMAXY,1729656000,2024-10-23 00:00:00+00:00,0.19,0.17,0.21,0.21,0.1977,0.19,0.17,0.21,2406.0,26182.0
kalshi:BTCMAXY-24DEC31-90000,BTCMAXY-24DEC31-90000,KXBTCMAXY,1729742400,2024-10-24 00:00:00+00:00,0.18,0.18,0.18,0.18,0.18,0.21,0.18,0.2,100.0,26282.0
kalshi:BTCMAXY-24DEC31-90000,BTCMAXY-24DEC31-90000,KXBTCMAXY,1729828800,2024-10-25 00:00:00+00:00,0.2,0.19,0.2,0.2,0.197,0.18,0.18,0.19,562.0,26299.0
kalshi:BTCMAXY-24DEC31-90000,BTCMAXY-24DEC31-90000,KXBTCMAXY,1729915200,2024-10-26 00:00:00+00:00,0.19,0.15,0.19,0.15,0.165,0.2,0.15,0.19,522.0,26650.0
kalshi:BTCMAXY-24DEC31-90000,BTCMAXY-24DEC31-90000,KXBTCMAXY,1730001600,2024-10-27 00:00:00+00:00,,,,,,0.15,0.16,0.19,0.0,26650.0
kalshi:BTCMAXY-24DEC31-90000,BTCMAXY-24DEC31-90000,KXBTCMAXY,1730088000,2024-10-28 00:00:00+00:00,0.18,0.18,0.2,0.2,0.1886,0.15,0.16,0.2,792.0,26942.0
kalshi:BTCMAXY-24DEC31-90000,BTCMAXY-24DEC31-90000,KXBTCMAXY,1730174400,2024-10-29 00:00:00+00:00,0.21,0.17,0.22,0.21,0.2069,0.2,0.21,0.22,1085.0,27234.0
kalshi:BTCMAXY-24DEC31-90000,BTCMAXY-24DEC31-90000,KXBTCMAXY,1730260800,2024-10-30 00:00:00+00:00,0.22,0.21,0.34,0.34,0.2673,0.21,0.33,0.34,2649.0,27020.0
kalshi:BTCMAXY-24DEC31-90000,BTCMAXY-24DEC31-90000,KXBTCMAXY,1730347200,2024-10-31 00:00:00+00:00,0.33,0.27,0.35,0.31,0.3052,0.34,0.24,0.31,1238.0,27419.0
kalshi:BTCMAXY-24DEC31-90000,BTCMAXY-24DEC31-90000,KXBTCMAXY,1730433600,2024-11-01 00:00:00+00:00,0.24,0.22,0.31,0.31,0.2618,0.31,0.22,0.3,529.0,27356.0
kalshi:BTCMAXY-24DEC31-90000,BTCMAXY-24DEC31-90000,KXBTCMAXY,1730520000,2024-11-02 00:00:00+00:00,0.29,0.23,0.29,0.23,0.2865,0.31,0.23,0.29,17.0,27371.0
kalshi:BTCMAXY-24DEC31-90000,BTCMAXY-24DEC31-90000,KXBTCMAXY,1730606400,2024-11-03 00:00:00+00:00,0.25,0.21,0.25,0.21,0.2166,0.23,0.18,0.24,846.0,27996.0
kalshi:BTCMAXY-24DEC31-90000,BTCMAXY-24DEC31-90000,KXBTCMAXY,1730692800,2024-11-04 00:00:00+00:00,0.23,0.19,0.26,0.26,0.2194,0.21,0.19,0.26,420.0,28416.0
kalshi:BTCMAXY-24DEC31-90000,BTCMAXY-24DEC31-90000,KXBTCMAXY,1730782800,2024-11-05 00:00:00+00:00,0.19,0.19,0.24,0.24,0.2162,0.26,0.19,0.24,376.0,28745.0
kalshi:BTCMAXY-24DEC31-90000,BTCMAXY-24DEC31-90000,KXBTCMAXY,1730869200,2024-11-06 00:00:00+00:00,0.24,0.24,0.28,0.28,0.2517,0.24,0.19,0.3,2308.0,29675.0
kalshi:BTCMAXY-24DEC31-90000,BTCMAXY-24DEC31-90000,KXBTCMAXY,1730955600,2024-11-07 00:00:00+00:00,0.3,0.27,0.71,0.47,0.5082,0.28,0.47,0.55,2179.0,31109.0
kalshi:BTCMAXY-24DEC31-90000,BTCMAXY-24DEC31-90000,KXBTCMAXY,1731042000,2024-11-08 00:00:00+00:00,0.4,0.4,0.49,0.44,0.4261,0.47,0.45,0.56,114.0,31083.0
kalshi:BTCMAXY-24DEC31-90000,BTCMAXY-24DEC31-90000,KXBTCMAXY,1731128400,2024-11-09 00:00:00+00:00,0.45,0.31,0.45,0.45,0.4399,0.44,0.33,0.45,3094.0,32950.0
kalshi:BTCMAXY-24DEC31-90000,BTCMAXY-24DEC31-90000,KXBTCMAXY,1731214800,2024-11-10 00:00:00+00:00,0.34,0.15,0.49,0.15,0.3267,0.45,0.28,0.46,3388.0,32293.0
kalshi:BTCMAXY-24DEC31-90000,BTCMAXY-24DEC31-90000,KXBTCMAXY,1731301200,2024-11-11 00:00:00+00:00,0.48,0.39,0.81,0.81,0.5636,0.15,0.69,0.81,4526.0,34121.0
kalshi:BTCMAXY-24DEC31-90000,BTCMAXY-24DEC31-90000,KXBTCMAXY,1731387600,2024-11-12 00:00:00+00:00,0.69,0.45,0.96,0.96,0.7913,0.81,0.93,0.97,20778.0,31171.0
kalshi:BTCMAXY-24DEC31-90000,BTCMAXY-24DEC31-90000,KXBTCMAXY,1731474000,2024-11-13 00:00:00+00:00,0.93,0.92,0.97,0.95,0.9535,0.96,0.88,0.95,3620.0,32924.0
kalshi:BTCMAXY-24DEC31-90000,BTCMAXY-24DEC31-90000,KXBTCMAXY,1731560400,2024-11-14 00:00:00+00:00,0.96,0.96,0.99,0.99,0.9694,0.95,0.99,1.0,923.0,32874.0
kalshi:KXBTCE-24NOV0616-T76000,KXBTCE-24NOV0616-T76000,KXBTCE,1730347200,2024-10-31 00:00:00+00:00,0.99,0.99,0.99,0.99,0.99,,0.0,1.0,10.0,10.0
kalshi:KXBTCE-24NOV0616-T76000,KXBTCE-24NOV0616-T76000,KXBTCE,1730433600,2024-11-01 00:00:00+00:00,0.89,0.2,0.89,0.25,0.3651,0.99,0.0,0.25,115.0,98.0
kalshi:KXBTCE-24NOV0616-T76000,KXBTCE-24NOV0616-T76000,KXBTCE,1730520000,2024-11-02 00:00:00+00:00,0.25,0.25,0.4,0.4,0.2577,0.25,0.0,0.38,39.0,100.0
kalshi:KXBTCE-24NOV0616-T76000,KXBTCE-24NOV0616-T76000,KXBTCE,1730606400,2024-11-03 00:00:00+00:00,0.38,0.38,0.4,0.4,0.3979,0.4,0.09,0.3,265.0,337.0
kalshi:KXBTCE-24NOV0616-T76000,KXBTCE-24NOV0616-T76000,KXBTCE,1730692800,2024-11-04 00:00:00+00:00,,,,,,,0.09,0.47,0.0,378.0
kalshi:KXBTCE-24NOV0616-T76000,KXBTCE-24NOV0616-T76000,KXBTCE,1730782800,2024-11-05 00:00:00+00:00,0.09,0.09,0.45,0.45,0.33,,0.09,0.34,3.0,380.0
kalshi:KXBTCE-24NOV0616-T76000,KXBTCE-24NOV0616-T76000,KXBTCE,1730869200,2024-11-06 00:00:00+00:00,0.09,0.01,0.78,0.21,0.5316,0.45,0.17,0.75,1069.0,1286.0
kalshi:KXBTCMAXM-24-DEC31-104999.99,KXBTCMAXM-24-DEC31-104999.99,KXBTCMAXM,1733547600,2024-12-07 00:00:00+00:00,0.48,0.48,0.48,0.48,0.48,,0.49,0.98,1.0,1.0
kalshi:KXBTCMAXM-24-DEC31-104999.99,KXBTCMAXM-24-DEC31-104999.99,KXBTCMAXM,1733634000,2024-12-08 00:00:00+00:00,0.98,0.64,0.99,0.97,0.8614,0.48,0.7,0.97,140.0,136.0
kalshi:KXBTCMAXM-24-DEC31-104999.99,KXBTCMAXM-24-DEC31-104999.99,KXBTCMAXM,1733720400,2024-12-09 00:00:00+00:00,0.72,0.55,0.97,0.57,0.7092,0.97,0.6,0.85,1559.0,1380.0
kalshi:KXBTCMAXM-24-DEC31-104999.99,KXBTCMAXM-24-DEC31-104999.99,KXBTCMAXM,1733806800,2024-12-10 00:00:00+00:00,0.82,0.55,0.84,0.64,0.674,0.57,0.62,0.66,3158.0,3110.0
kalshi:KXBTCMAXM-24-DEC31-104999.99,KXBTCMAXM-24-DEC31-104999.99,KXBTCMAXM,1733893200,2024-12-11 00:00:00+00:00,0.62,0.5,0.74,0.73,0.6541,0.64,0.62,0.71,2516.0,4717.0
kalshi:KXBTCMAXM-24-DEC31-104999.99,KXBTCMAXM-24-DEC31-104999.99,KXBTCMAXM,1733979600,2024-12-12 00:00:00+00:00,0.62,0.51,0.85,0.83,0.6734,0.73,0.64,0.8,4027.0,6630.0
kalshi:KXBTCMAXM-24-DEC31-104999.99,KXBTCMAXM-24-DEC31-104999.99,KXBTCMAXM,1734066000,2024-12-13 00:00:00+00:00,0.76,0.15,0.81,0.53,0.5128,0.83,0.55,0.64,14968.0,16295.0
kalshi:KXBTCMAXM-24-DEC31-104999.99,KXBTCMAXM-24-DEC31-104999.99,KXBTCMAXM,1734152400,2024-12-14 00:00:00+00:00,0.57,0.57,0.82,0.68,0.7031,0.53,0.69,0.8,4517.0,18231.0
kalshi:KXBTCMAXM-24-DEC31-104999.99,KXBTCMAXM-24-DEC31-104999.99,KXBTCMAXM,1734238800,2024-12-15 00:00:00+00:00,0.8,0.33,0.8,0.72,0.614,0.68,0.73,0.75,4781.0,20525.0
kalshi:KXBTCMAXM-24-DEC31-104999.99,KXBTCMAXM-24-DEC31-104999.99,KXBTCMAXM,1734325200,2024-12-16 00:00:00+00:00,0.75,0.48,0.99,0.99,0.9162,0.72,0.99,1.0,25941.0,38630.0
kalshi:KXBTCMAXY-25-DEC31-79999.99,KXBTCMAXY-25-DEC31-79999.99,KXBTCMAXY,1730869200,2024-11-06 00:00:00+00:00,,,,,,,0.03,1.0,0.0,0.0
kalshi:KXBTCMAXY-25-DEC31-79999.99,KXBTCMAXY-25-DEC31-79999.99,KXBTCMAXY,1730955600,2024-11-07 00:00:00+00:00,0.65,0.59,0.98,0.59,0.8767,,0.6,0.94,217.0,212.0
kalshi:KXBTCMAXY-25-DEC31-79999.99,KXBTCMAXY-25-DEC31-79999.99,KXBTCMAXY,1731042000,2024-11-08 00:00:00+00:00,0.94,0.65,0.95,0.68,0.7637,0.59,0.68,0.92,534.0,458.0
kalshi:KXBTCMAXY-25-DEC31-79999.99,KXBTCMAXY-25-DEC31-79999.99,KXBTCMAXY,1731128400,2024-11-09 00:00:00+00:00,0.69,0.67,0.96,0.75,0.8286,0.68,0.77,0.93,5854.0,2924.0
kalshi:KXBTCMAXY-25-DEC31-79999.99,KXBTCMAXY-25-DEC31-79999.99,KXBTCMAXY,1731214800,2024-11-10 00:00:00+00:00,0.9,0.77,0.96,0.91,0.8944,0.75,0.9,0.95,28901.0,31127.0
kalshi:KXBTCMAXY-25-DEC31-79999.99,KXBTCMAXY-25-DEC31-79999.99,KXBTCMAXY,1731301200,2024-11-11 00:00:00+00:00,0.94,0.83,0.99,0.95,0.9524,0.91,0.95,0.99,21303.0,44555.0
kalshi:KXBTCMAXY-25-DEC31-89999.99,KXBTCMAXY-25-DEC31-89999.99,KXBTCMAXY,1730869200,2024-11-06 00:00:00+00:00,0.99,0.99,0.99,0.99,0.99,,0.0,1.0,1.0,1.0
kalshi:KXBTCMAXY-25-DEC31-89999.99,KXBTCMAXY-25-DEC31-89999.99,KXBTCMAXY,1730955600,2024-11-07 00:00:00+00:00,0.51,0.25,0.9,0.55,0.5784,0.99,0.56,0.6,2592.0,1119.0
kalshi:KXBTCMAXY-25-DEC31-89999.99,KXBTCMAXY-25-DEC31-89999.99,KXBTCMAXY,1731042000,2024-11-08 00:00:00+00:00,0.6,0.4,0.75,0.55,0.5941,0.55,0.51,0.59,6261.0,4531.0
kalshi:KXBTCMAXY-25-DEC31-89999.99,KXBTCMAXY-25-DEC31-89999.99,KXBTCMAXY,1731128400,2024-11-09 00:00:00+00:00,0.59,0.55,0.85,0.73,0.7008,0.55,0.73,0.75,2002.0,4974.0
kalshi:KXBTCMAXY-25-DEC31-89999.99,KXBTCMAXY-25-DEC31-89999.99,KXBTCMAXY,1731214800,2024-11-10 00:00:00+00:00,0.73,0.67,0.8,0.78,0.7447,0.73,0.74,0.79,1714.0,5687.0
kalshi:KXBTCMAXY-25-DEC31-89999.99,KXBTCMAXY-25-DEC31-89999.99,KXBTCMAXY,1731301200,2024-11-11 00:00:00+00:00,0.75,0.74,0.96,0.8,0.8476,0.78,0.85,0.93,3491.0,7479.0
kalshi:KXBTCMAXY-25-DEC31-89999.99,KXBTCMAXY-25-DEC31-89999.99,KXBTCMAXY,1731387600,2024-11-12 00:00:00+00:00,0.86,0.75,0.98,0.89,0.9024,0.8,0.92,0.95,13742.0,15048.0
kalshi:KXBTCMAXY-25-DEC31-89999.99,KXBTCMAXY-25-DEC31-89999.99,KXBTCMAXY,1731474000,2024-11-13 00:00:00+00:00,0.95,0.92,0.99,0.99,0.9881,0.89,0.97,0.99,28808.0,38822.0
kalshi:KXBTCMAXY-25-DEC31-89999.99,KXBTCMAXY-25-DEC31-89999.99,KXBTCMAXY,1731560400,2024-11-14 00:00:00+00:00,0.99,0.99,0.99,0.99,0.99,0.99,0.99,1.0,3814.0,38658.0
kalshi:KXBTCMAXY-25-DEC31-99999.99,KXBTCMAXY-25-DEC31-99999.99,KXBTCMAXY,1730869200,2024-11-06 00:00:00+00:00,0.99,0.99,0.99,0.99,0.99,,0.01,1.0,22.0,22.0
kalshi:KXBTCMAXY-25-DEC31-99999.99,KXBTCMAXY-25-DEC31-99999.99,KXBTCMAXY,1730955600,2024-11-07 00:00:00+00:00,0.9,0.9,0.9,0.9,0.9,0.99,0.18,0.85,11.0,33.0
kalshi:KXBTCMAXY-25-DEC31-99999.99,KXBTCMAXY-25-DEC31-99999.99,KXBTCMAXY,1731042000,2024-11-08 00:00:00+00:00,0.85,0.24,0.85,0.74,0.4437,0.9,0.28,0.73,190.0,165.0
kalshi:KXBTCMAXY-25-DEC31-99999.99,KXBTCMAXY-25-DEC31-99999.99,KXBTCMAXY,1731128400,2024-11-09 00:00:00+00:00,0.72,0.3,0.9,0.46,0.6698,0.74,0.41,0.7,2637.0,1719.0
kalshi:KXBTCMAXY-25-DEC31-99999.99,KXBTCMAXY-25-DEC31-99999.99,KXBTCMAXY,1731214800,2024-11-10 00:00:00+00:00,0.67,0.39,0.88,0.68,0.5788,0.46,0.54,0.67,1469.0,2258.0
kalshi:KXBTCMAXY-25-DEC31-99999.99,KXBTCMAXY-25-DEC31-99999.99,KXBTCMAXY,1731301200,2024-11-11 00:00:00+00:00,0.7,0.39,0.94,0.79,0.7739,0.68,0.72,0.8,9498.0,9553.0
kalshi:KXBTCMAXY-25-DEC31-99999.99,KXBTCMAXY-25-DEC31-99999.99,KXBTCMAXY,1731387600,2024-11-12 00:00:00+00:00,0.71,0.67,0.89,0.75,0.7761,0.79,0.75,0.82,6491.0,12369.0
kalshi:KXBTCMAXY-25-DEC31-99999.99,KXBTCMAXY-25-DEC31-99999.99,KXBTCMAXY,1731474000,2024-11-13 00:00:00+00:00,0.75,0.71,0.94,0.86,0.8054,0.75,0.79,0.86,17934.0,21258.0
kalshi:KXBTCMAXY-25-DEC31-99999.99,KXBTCMAXY-25-DEC31-99999.99,KXBTCMAXY,1731560400,2024-11-14 00:00:00+00:00,0.78,0.78,0.94,0.82,0.8609,0.86,0.82,0.88,5272.0,22023.0
kalshi:KXBTCMAXY-25-DEC31-99999.99,KXBTCMAXY-25-DEC31-99999.99,KXBTCMAXY,1731646800,2024-11-15 00:00:00+00:00,0.88,0.76,0.92,0.76,0.8489,0.82,0.78,0.88,4786.0,26074.0
kalshi:KXBTCMAXY-25-DEC31-99999.99,KXBTCMAXY-25-DEC31-99999.99,KXBTCMAXY,1731733200,2024-11-16 00:00:00+00:00,0.78,0.76,0.89,0.88,0.8472,0.76,0.83,0.88,7969.0,25640.0
kalshi:KXBTCMAXY-25-DEC31-99999.99,KXBTCMAXY-25-DEC31-99999.99,KXBTCMAXY,1731819600,2024-11-17 00:00:00+00:00,0.88,0.73,0.89,0.75,0.8033,0.88,0.76,0.83,4723.0,28768.0
kalshi:KXBTCMAXY-25-DEC31-99999.99,KXBTCMAXY-25-DEC31-99999.99,KXBTCMAXY,1731906000,2024-11-18 00:00:00+00:00,0.83,0.78,0.85,0.79,0.8151,0.75,0.79,0.85,630.0,29255.0
kalshi:KXBTCMAXY-25-DEC31-99999.99,KXBTCMAXY-25-DEC31-99999.99,KXBTCMAXY,1731992400,2024-11-19 00:00:00+00:00,0.79,0.76,0.86,0.84,0.8268,0.79,0.85,0.88,1314.0,29902.0
kalshi:KXBTCMAXY-25-DEC31-99999.99,KXBTCMAXY-25-DEC31-99999.99,KXBTCMAXY,1732078800,2024-11-20 00:00:00+00:00,0.88,0.85,0.92,0.91,0.8917,0.84,0.88,0.91,1898.0,30521.0
kalshi:KXBTCMAXY-25-DEC31-99999.99,KXBTCMAXY-25-DEC31-99999.99,KXBTCMAXY,1732165200,2024-11-21 00:00:00+00:00,0.91,0.86,0.96,0.96,0.9355,0.91,0.91,0.96,7055.0,30851.0
kalshi:KXBTCMAXY-25-DEC31-99999.99,KXBTCMAXY-25-DEC31-99999.99,KXBTCMAXY,1732251600,2024-11-22 00:00:00+00:00,0.96,0.88,0.97,0.97,0.9366,0.96,0.93,0.97,2133.0,31312.0
kalshi:KXBTCMAXY-25-DEC31-99999.99,KXBTCMAXY-25-DEC31-99999.99,KXBTCMAXY,1732338000,2024-11-23 00:00:00+00:00,0.94,0.92,0.97,0.97,0.9642,0.97,0.95,0.97,7409.0,34881.0
kalshi:KXBTCMAXY-25-DEC31-99999.99,KXBTCMAXY-25-DEC31-99999.99,KXBTCMAXY,1732424400,2024-11-24 00:00:00+00:00,0.97,0.88,0.97,0.9,0.9306,0.97,0.92,0.95,1649.0,35860.0
kalshi:KXBTCMAXY-25-DEC31-99999.99,KXBTCMAXY-25-DEC31-99999.99,KXBTCMAXY,1732510800,2024-11-25 00:00:00+00:00,0.95,0.93,0.95,0.93,0.9422,0.9,0.94,0.95,411.0,35904.0
kalshi:KXBTCMAXY-25-DEC31-99999.99,KXBTCMAXY-25-DEC31-99999.99,KXBTCMAXY,1732597200,2024-11-26 00:00:00+00:00,0.95,0.67,0.99,0.94,0.8506,0.93,0.88,0.94,8110.0,38095.0
kalshi:KXBTCMAXY-25-DEC31-99999.99,KXBTCMAXY-25-DEC31-99999.99,KXBTCMAXY,1732683600,2024-11-27 00:00:00+00:00,0.94,0.9,0.96,0.9,0.9505,0.94,0.91,0.94,2498.0,36382.0
kalshi:KXBTCMAXY-25-DEC31-99999.99,KXBTCMAXY-25-DEC31-99999.99,KXBTCMAXY,1732770000,2024-11-28 00:00:00+00:00,0.91,0.9,0.96,0.96,0.9363,0.9,0.96,0.98,1072.0,36518.0
kalshi:KXBTCMAXY-25-DEC31-99999.99,KXBTCMAXY-25-DEC31-99999.99,KXBTCMAXY,1732856400,2024-11-29 00:00:00+00:00,0.96,0.67,0.96,0.67,0.8547,0.96,0.91,0.95,1996.0,37810.0
kalshi:KXBTCMAXY-25-DEC31-99999.99,KXBTCMAXY-25-DEC31-99999.99,KXBTCMAXY,1732942800,2024-11-30 00:00:00+00:00,0.96,0.83,0.98,0.97,0.9049,0.67,0.91,0.97,1083.0,38481.0
kalshi:KXBTCMAXY-25-DEC31-99999.99,KXBTCMAXY-25-DEC31-99999.99,KXBTCMAXY,1733029200,2024-12-01 00:00:00+00:00,0.91,0.79,0.93,0.89,0.8837,0.97,0.89,0.93,2912.0,41216.0
kalshi:KXBTCMAXY-25-DEC31-99999.99,KXBTCMAXY-25-DEC31-99999.99,KXBTCMAXY,1733115600,2024-12-02 00:00:00+00:00,0.9,0.88,0.93,0.91,0.9052,0.89,0.91,0.94,204.0,41072.0
kalshi:KXBTCMAXY-25-DEC31-99999.99,KXBTCMAXY-25-DEC31-99999.99,KXBTCMAXY,1733202000,2024-12-03 00:00:00+00:00,0.94,0.76,0.97,0.97,0.9303,0.91,0.95,0.98,2637.0,40610.0
kalshi:KXBTCMAXY-25-DEC31-99999.99,KXBTCMAXY-25-DEC31-99999.99,KXBTCMAXY,1733288400,2024-12-04 00:00:00+00:00,0.94,0.81,0.95,0.94,0.8846,0.97,0.82,0.94,1750.0,41609.0
